quality_real,quality_prevista,residuo,alcohol,density
5,5.46271550176011,-0.4627155017601101,9.4,0.9978
5,5.592963795406169,-0.5929637954061686,9.8,0.9968
5,5.592883968064403,-0.5928839680644034,9.8,0.997
6,5.59248483135558,0.4075151686444203,9.8,0.998
5,5.46271550176011,-0.4627155017601101,9.4,0.9978
5,5.46271550176011,-0.4627155017601101,9.4,0.9978
5,5.463274293152463,-0.4632742931524634,9.4,0.9964
7,5.658766474634198,1.3412335253658023,10.0,0.9946
7,5.495576927703242,1.504423072296758,9.5,0.9968
5,5.819800683337506,-0.8198006833375064,10.5,0.9978
5,5.398549283038257,-0.3985492830382569,9.2,0.9959
5,5.819800683337506,-0.8198006833375064,10.5,0.9978
5,5.626423926412536,-0.626423926412536,9.9,0.9943
5,5.365488288740712,-0.36548828874071226,9.1,0.9974
5,5.3974716139244325,-0.39747161392443253,9.2,0.9986
5,5.3974716139244325,-0.39747161392443253,9.2,0.9986
7,5.820159906375448,1.179840093624552,10.5,0.9969
5,5.4306523492346255,-0.4306523492346255,9.3,0.9968
4,5.333025999506404,-1.333025999506404,9.0,0.9974
6,5.398150146329433,0.6018498536705668,9.2,0.9969
6,5.463114638468934,0.5368853615310663,9.4,0.9968
5,5.559942714779506,-0.5599427147795062,9.7,0.9982
5,5.495656755045006,-0.4956567550450064,9.5,0.9966
5,5.463114638468934,-0.46311463846893375,9.4,0.9968
6,5.5605015061718595,0.43949849382814055,9.7,0.9968
5,5.431171226956096,-0.43117122695609567,9.3,0.9955
5,5.495816409728536,-0.495816409728536,9.5,0.9962
5,5.495656755045006,-0.4956567550450064,9.5,0.9966
5,5.462954983785404,-0.4629549837854041,9.4,0.9972
6,5.593123450089698,0.40687654991030175,9.8,0.9964
5,5.690749799817919,-0.6907497998179188,10.1,0.9958
6,5.852741936622403,0.14725806337759728,10.6,0.9966
5,5.593043622747933,-0.593043622747933,9.8,0.9966
6,5.462116796696875,0.5378832033031253,9.4,0.9993
5,5.398629110380021,-0.39862911038002125,9.2,0.9957
6,5.527320770861667,0.4726792291383326,9.6,0.9986
6,5.91730729205308,0.08269270794692041,10.8,0.9975
7,5.5605015061718595,1.4394984938281405,9.7,0.9968
4,5.594081378190874,-1.5940813781908743,9.8,0.994
5,5.819800683337506,-0.8198006833375064,10.5,0.9978
5,5.819800683337506,-0.8198006833375064,10.5,0.9978
4,5.430333039867566,-1.4303330398675662,9.3,0.9976
6,5.82019982004633,0.17980017995366993,10.5,0.9968
5,5.755275241577713,-0.7552752415777126,10.3,0.9968
5,5.495816409728536,-0.495816409728536,9.5,0.9962
4,6.665576404948358,-2.665576404948358,13.1,0.9934
5,5.39811023265855,-0.39811023265855017,9.2,0.997
5,5.49553701403236,-0.49553701403235983,9.5,0.9969
5,5.398589196709139,-0.39858919670913906,9.2,0.9958
5,5.398748851392669,-0.3987488513926687,9.2,0.9954
5,5.398070318987668,-0.398070318987668,9.2,0.9971
6,5.463593602519522,0.5364063974804782,9.4,0.9956
6,5.463633516190404,0.5363664838095961,9.4,0.9955
5,5.4630348111271685,-0.4630348111271685,9.4,0.997
6,5.723331830064874,0.27666816993512633,10.2,0.9955
5,5.495177790994418,-0.4951777909944184,9.5,0.9978
5,5.527919475924903,-0.5279194759249028,9.6,0.9971
5,5.462515933405698,-0.4625159334056983,9.4,0.9983
5,5.657608978178609,-0.657608978178609,10.0,0.9975
6,5.463354120494228,0.5366458795057722,9.4,0.9962
5,5.3977110959497265,-0.39771109594972653,9.2,0.998
5,5.4306523492346255,-0.4306523492346255,9.3,0.9968
7,5.495576927703242,1.504423072296758,9.5,0.9968
5,5.593043622747933,-0.593043622747933,9.8,0.9966
5,5.950288459008859,-0.9502884590088589,10.9,0.9962
5,5.950288459008859,-0.9502884590088589,10.9,0.9962
5,5.52803921693755,-0.5280392169375503,9.6,0.9968
5,5.885363880540241,-0.8853638805402406,10.7,0.9962
5,5.885084484844064,-0.8850844848440644,10.7,0.9969
6,5.820439302071624,0.17956069792837592,10.5,0.9962
6,5.495616841374124,0.5043831586258758,9.5,0.9967
5,5.495816409728536,-0.495816409728536,9.5,0.9962
5,5.495856323399418,-0.4958563233994182,9.5,0.9961
4,5.397870750633256,-1.3978707506332562,9.2,0.9976
5,5.527400598203432,-0.5274005982034318,9.6,0.9984
5,5.819481373970447,-0.8194813739704472,10.5,0.9986
5,5.819481373970447,-0.8194813739704472,10.5,0.9986
6,5.885204225856711,0.11479577414328901,10.7,0.9966
5,5.690749799817919,-0.6907497998179188,10.1,0.9958
4,5.3655681160824775,-1.3655681160824775,9.1,0.9972
5,5.398589196709139,-0.39858919670913906,9.2,0.9958
5,5.462875156443639,-0.46287515644363886,9.4,0.9974
5,5.365647943424242,-0.3656479434242419,9.1,0.997
5,5.463074724798052,-0.46307472479805156,9.4,0.9969
6,5.755634464615654,0.2443655353843459,10.3,0.9959
5,5.690630058805271,-0.6906300588052714,10.1,0.9961
6,5.625266429956947,0.37473357004305274,9.9,0.9972
5,5.528119044279315,-0.5281190442793147,9.6,0.9966
5,5.495177790994418,-0.4951777909944184,9.5,0.9978
5,5.332866344822875,-0.33286634482287525,9.0,0.9978
5,5.495736582386772,-0.49573658238677165,9.5,0.9964
6,5.625266429956947,0.37473357004305274,9.9,0.9972
5,5.592804140722639,-0.592804140722639,9.8,0.9972
5,5.528119044279315,-0.5281190442793147,9.6,0.9966
4,5.821397230172801,-1.821397230172801,10.5,0.9938
6,6.600731653821505,-0.6007316538215051,12.9,0.9932
5,5.885244139527593,-0.8852441395275932,10.7,0.9965
5,5.398389628354727,-0.39838962835472724,9.2,0.9963
5,5.593003709077051,-0.5930037090770508,9.8,0.9967
6,5.333105826848169,0.6668941731518307,9.0,0.9972
6,5.722653297659874,0.27734670234012615,10.2,0.9972
6,5.788096753849963,0.21190324615003675,10.4,0.9959
6,5.333105826848169,0.6668941731518307,9.0,0.9972
5,5.398229973671198,-0.3982299736711976,9.2,0.9967
5,5.463433947835992,-0.4634339478359921,9.4,0.996
5,5.398229973671198,-0.3982299736711976,9.2,0.9967
5,5.430452780880214,-0.43045278088021366,9.3,0.9973
5,5.430612435563743,-0.4306124355637433,9.3,0.9969
6,5.527719907570491,0.47228009242950897,9.6,0.9976
5,5.430612435563743,-0.4306124355637433,9.3,0.9969
5,5.495736582386772,-0.49573658238677165,9.5,0.9964
5,5.593123450089698,-0.5931234500896982,9.8,0.9964
5,5.593123450089698,-0.5931234500896982,9.8,0.9964
6,5.559703232754212,0.4402967672457878,9.7,0.9988
5,5.495736582386772,-0.49573658238677165,9.5,0.9964
6,5.8202796473880944,0.17972035261190555,10.5,0.9966
6,5.657489237165962,0.3425107628340376,10.0,0.9978
6,5.4630348111271685,0.5369651888728315,9.4,0.997
6,5.950288459008859,0.04971154099114106,10.9,0.9962
6,5.398549283038257,0.6014507169617431,9.2,0.9959
5,5.333504963556993,-0.3335049635569929,9.0,0.9962
6,5.950288459008859,0.04971154099114106,10.9,0.9962
5,5.3977110959497265,-0.39771109594972653,9.2,0.998
5,5.495257618336183,-0.49525761833618276,9.5,0.9976
5,5.4958962370703,-0.4958962370703004,9.5,0.996
5,5.462476019734815,-0.4624760197348152,9.4,0.9984
5,5.950208631667095,-0.9502086316670946,10.9,0.9964
5,5.950208631667095,-0.9502086316670946,10.9,0.9964
7,5.820439302071624,1.179560697928376,10.5,0.9962
5,5.463633516190404,-0.46363351619040394,9.4,0.9955
5,5.463114638468934,-0.46311463846893375,9.4,0.9968
5,6.632994374701402,-1.6329943747014024,13.0,0.9937
5,6.632994374701402,-1.6329943747014024,13.0,0.9937
6,5.593602414140286,0.40639758585971375,9.8,0.9952
6,5.625785307678418,0.37421469232158167,9.9,0.9959
5,5.528158957950197,-0.5281589579501969,9.6,0.9965
5,5.495576927703242,-0.495576927703242,9.5,0.9968
5,5.398030405316786,-0.3980304053167858,9.2,0.9972
5,5.495816409728536,-0.495816409728536,9.5,0.9962
5,5.495816409728536,-0.495816409728536,9.5,0.9962
5,5.528158957950197,-0.5281589579501969,9.6,0.9965
5,5.495576927703242,-0.495576927703242,9.5,0.9968
6,6.958455454133019,-0.958455454133019,14.0,0.9916
5,5.463673429861287,-0.463673429861287,9.4,0.9954
6,6.958455454133019,-0.958455454133019,14.0,0.9916
5,5.463114638468934,-0.46311463846893375,9.4,0.9968
5,5.658846301975963,-0.658846301975963,10.0,0.9944
5,5.4306523492346255,-0.4306523492346255,9.3,0.9968
6,5.723172175381345,0.27682782461865507,10.2,0.9959
6,5.819920424350153,0.180079575649847,10.5,0.9975
6,5.755674378286536,0.24432562171346373,10.3,0.9958
4,5.461997055684227,-1.4619970556842272,9.4,0.9996
5,5.691069109184977,-0.6910691091849772,10.1,0.995
5,5.691069109184977,-0.6910691091849772,10.1,0.995
5,5.820000251691918,-0.8200002516919183,10.5,0.9973
5,5.820000251691918,-0.8200002516919183,10.5,0.9973
5,5.820000251691918,-0.8200002516919183,10.5,0.9973
5,5.820000251691918,-0.8200002516919183,10.5,0.9973
5,5.430612435563743,-0.4306124355637433,9.3,0.9969
6,5.4306523492346255,0.5693476507653745,9.3,0.9968
5,5.528398439975492,-0.5283984399754917,9.6,0.9959
4,5.398309801012962,-1.398309801012962,9.2,0.9965
6,5.658048028558316,0.3419519714416843,10.0,0.9964
5,5.4625558470765805,-0.4625558470765805,9.4,0.9982
5,5.462595760747463,-0.46259576074746267,9.4,0.9981
5,5.495856323399418,-0.4958563233994182,9.5,0.9961
5,5.7232919163939915,-0.7232919163939915,10.2,0.9956
4,5.333744445582287,-1.3337444455822869,9.0,0.9956
6,5.788336235875257,0.21166376412474275,10.4,0.9953
5,5.495736582386772,-0.49573658238677165,9.5,0.9964
4,5.3655681160824775,-1.3655681160824775,9.1,0.9972
6,5.398030405316786,0.6019695946832142,9.2,0.9972
6,5.398030405316786,0.6019695946832142,9.2,0.9972
6,6.145102108085593,-0.14510210808559343,11.5,0.9961
5,5.495856323399418,-0.4958563233994182,9.5,0.9961
5,5.495976064412066,-0.49597606441206565,9.5,0.9958
5,5.495856323399418,-0.4958563233994182,9.5,0.9961
6,5.8200401653628,0.17995983463719956,10.5,0.9972
5,5.527999303266668,-0.5279993032666681,9.6,0.9969
5,5.49553701403236,-0.49553701403235983,9.5,0.9969
5,5.49553701403236,-0.49553701403235983,9.5,0.9969
5,5.430492694551096,-0.43049269455109584,9.3,0.9972
5,5.430492694551096,-0.43049269455109584,9.3,0.9972
5,5.430532608221978,-0.43053260822197803,9.3,0.9971
6,5.43057252189286,0.5694274781071398,9.3,0.997
5,5.560381765159212,-0.560381765159212,9.7,0.9971
5,5.398030405316786,-0.3980304053167858,9.2,0.9972
5,5.5601821968048,-0.5601821968048002,9.7,0.9976
5,5.495576927703242,-0.495576927703242,9.5,0.9968
5,5.495576927703242,-0.495576927703242,9.5,0.9968
5,5.4627953291018745,-0.4627953291018745,9.4,0.9976
6,5.592724313380874,0.4072756866191263,9.8,0.9974
5,5.49553701403236,-0.49553701403235983,9.5,0.9969
5,5.560661160855389,-0.5606611608553891,9.7,0.9964
5,5.560661160855389,-0.5606611608553891,9.7,0.9964
5,5.463114638468934,-0.46311463846893375,9.4,0.9968
5,5.7228129523434035,-0.7228129523434035,10.2,0.9968
6,5.689831785387624,0.31016821461237587,10.1,0.9981
7,6.6335132524228735,0.3664867475771265,13.0,0.9924
4,6.113158696572756,-2.1131586965727562,11.4,0.9948
7,5.7552153710713885,1.2447846289286115,10.3,0.99695
5,5.430372953538448,-0.4303729535384484,9.3,0.9975
5,5.496115762260153,-0.4961157622601533,9.5,0.99545
5,5.398469455696492,-0.3984694556964916,9.2,0.9961
6,5.3984494988610505,0.6015505011389495,9.2,0.99615
7,5.9165489323063145,1.0834510676936855,10.8,0.9994
7,5.9165489323063145,1.0834510676936855,10.8,0.9994
5,5.430871874424478,-0.4308718744244784,9.3,0.99625
5,5.463194465810698,-0.4631944658106981,9.4,0.9966
7,5.819720855995741,1.1802791440042588,10.5,0.998
6,6.437362495371579,-0.4373624953715787,12.4,0.99585
6,5.657868417039345,0.34213158296065505,10.0,0.99685
6,5.722333988292815,0.2776660117071854,10.2,0.998
5,5.690709886147037,-0.6907098861470367,10.1,0.9959
6,5.592724313380874,0.4072756866191263,9.8,0.9974
5,5.819960338021035,-0.8199603380210352,10.5,0.9974
5,5.982750748243167,-0.9827507482431672,11.0,0.9962
5,5.365767684436889,-0.36576768443688934,9.1,0.9967
5,5.560940556551565,-0.5609405565515653,9.7,0.9957
5,5.4956767118804475,-0.4956767118804475,9.5,0.99655
6,5.463274293152463,0.5367257068475366,9.4,0.9964
5,5.46355368884864,-0.46355368884863957,9.4,0.9957
5,5.496195589601919,-0.49619558960191856,9.5,0.99525
6,5.657349539317874,0.3426504606821261,10.0,0.99815
4,5.787478091951286,-1.7874780919512858,10.4,0.99745
6,5.820459258907065,0.17954074109293483,10.5,0.99615
6,5.495736582386772,0.5042634176132283,9.5,0.9964
5,5.59232517667205,-0.5923251766720501,9.8,0.9984
6,5.820459258907065,0.17954074109293483,10.5,0.99615
5,5.982491309382432,-0.9824913093824321,11.0,0.99685
7,6.373695197535755,0.6263048024642446,12.2,0.9927
6,5.62564560983033,0.3743543901696702,9.9,0.99625
6,5.527560252886961,0.4724397471130386,9.6,0.998
5,5.982491309382432,-0.9824913093824321,11.0,0.99685
6,5.333245524696258,0.6667544753037422,9.0,0.99685
6,5.33328543836714,0.66671456163286,9.0,0.99675
6,5.33328543836714,0.66671456163286,9.0,0.99675
6,5.3982100168357565,0.6017899831642435,9.2,0.99675
6,5.33328543836714,0.66671456163286,9.0,0.99675
6,5.333245524696258,0.6667544753037422,9.0,0.99685
5,5.430532608221978,-0.43053260822197803,9.3,0.9971
6,5.949071092046947,0.05092890795305305,10.9,0.99925
6,5.5934228026213155,0.4065771973786845,9.8,0.99565
7,5.396892865696638,1.6031071343033618,9.2,1.00005
7,5.396892865696638,1.6031071343033618,9.2,1.00005
6,5.624827379577241,0.37517262042275856,9.9,0.9983
5,5.495556970867801,-0.4955569708678009,9.5,0.99685
5,5.430851917589037,-0.4308519175890373,9.3,0.9963
6,5.593223234266904,0.4067767657330963,9.8,0.99615
6,5.624827379577241,0.37517262042275856,9.9,0.9983
6,5.657209841469785,0.34279015853021466,10.0,0.9985
6,5.625266429956947,0.37473357004305274,9.9,0.9972
5,5.819481373970447,-0.8194813739704472,10.5,0.9986
5,5.4959361507411835,-0.49593615074118347,9.5,0.9959
6,5.625266429956947,0.37473357004305274,9.9,0.9972
5,5.430672306070067,-0.43067230607006657,9.3,0.99675
5,5.3977110959497265,-0.39771109594972653,9.2,0.998
5,5.398190060000315,-0.3981900600003154,9.2,0.9968
5,5.463114638468934,-0.46311463846893375,9.4,0.9968
7,5.8190622804261825,1.1809377195738175,10.5,0.99965
5,5.430871874424478,-0.4308718744244784,9.3,0.99625
4,5.463573645684081,-1.4635736456840807,9.4,0.99565
5,5.658307467419051,-0.6583074674190508,10.0,0.99575
5,5.430851917589037,-0.4308519175890373,9.3,0.9963
5,5.948811653186211,-0.948811653186211,10.9,0.9999
7,5.7228129523434035,1.2771870476565965,10.2,0.9968
4,5.591586773760727,-1.591586773760727,9.8,1.00025
8,6.56663290408102,1.43336709591898,12.8,0.9973
6,5.462356278722169,0.5376437212778313,9.4,0.9987
6,5.689233080324389,0.3107669196756113,10.1,0.9996
6,5.885244139527593,0.11475586047240682,10.7,0.9965
6,5.689233080324389,0.3107669196756113,10.1,0.9996
5,5.689332864501595,-0.689332864501595,10.1,0.99935
5,5.462895113279081,-0.46289511327908084,9.4,0.99735
5,5.462176667203198,-0.46217666720319794,9.4,0.99915
6,5.885244139527593,0.11475586047240682,10.7,0.9965
6,5.462356278722169,0.5376437212778313,9.4,0.9987
6,5.689233080324389,0.3107669196756113,10.1,0.9996
8,6.501588584599754,1.4984114154002457,12.6,0.9976
7,5.819281805616035,1.1807181943839646,10.5,0.9991
6,5.429933903158743,0.5700660968412574,9.3,0.9986
7,5.625266429956947,1.3747335700430527,9.9,0.9972
5,5.36560802975336,-0.3656080297533597,9.1,0.9971
7,5.819281805616035,1.1807181943839646,10.5,0.9991
5,5.591626687431609,-0.5916266874316092,9.8,1.00015
5,5.591626687431609,-0.5916266874316092,9.8,1.00015
6,5.754117745122124,0.24588225487787607,10.3,0.9997
6,5.755315155248595,0.24468484475140517,10.3,0.9967
7,5.852342799913579,1.147657200086421,10.6,0.9976
5,5.396513685823256,-0.39651368582325563,9.2,1.001
7,5.852342799913579,1.147657200086421,10.6,0.9976
5,5.819760769666624,-0.8197607696666243,10.5,0.9979
6,5.7542374861347705,0.24576251386522951,10.3,0.9994
6,5.690510317792625,0.30948968220737516,10.1,0.9964
6,5.493740898842653,0.5062591011573474,9.5,1.0014
5,5.494259776564124,-0.4942597765641237,9.5,1.0001
5,5.624907206919006,-0.6249072069190058,9.9,0.9981
5,5.5273407276971085,-0.5273407276971085,9.6,0.99855
5,5.5595036643998,-0.5595036643998004,9.7,0.9993
5,5.527380641367991,-0.5273806413679907,9.6,0.99845
6,5.885244139527593,0.11475586047240682,10.7,0.9965
6,5.690151094754683,0.3098489052453166,10.1,0.9973
5,5.656850618431844,-0.6568506184318439,10.0,0.9994
5,5.4958962370703,-0.4958962370703004,9.5,0.996
5,5.397990491645904,-0.3979904916459036,9.2,0.9973
6,5.429454939108155,0.5705450608918454,9.3,0.9998
5,5.463194465810698,-0.4631944658106981,9.4,0.9966
6,5.4945391722603,0.5054608277397001,9.5,0.9994
6,5.4945391722603,0.5054608277397001,9.5,0.9994
6,5.495576927703242,0.504423072296758,9.5,0.9968
6,5.429454939108155,0.5705450608918454,9.3,0.9998
6,5.463433947835992,0.5365660521640079,9.4,0.996
6,5.49503809314633,0.5049619068536702,9.5,0.99815
5,5.4627953291018745,-0.4627953291018745,9.4,0.9976
5,5.982650964065961,-0.9826509640659609,11.0,0.99645
6,5.982750748243167,0.017249251756832784,11.0,0.9962
5,5.689233080324389,-0.6892330803243887,10.1,0.9996
6,5.786999127900698,0.21300087209930219,10.4,0.99865
7,6.143984525300887,0.8560154746991131,11.5,0.9989
6,5.786999127900698,0.21300087209930219,10.4,0.99865
7,6.143984525300887,0.8560154746991131,11.5,0.9989
5,5.55932405288083,-0.5593240528808296,9.7,0.99975
5,5.430432824044773,-0.43043282404477257,9.3,0.99735
6,5.4946988269438295,0.5053011730561705,9.5,0.999
6,5.396314117468844,0.6036858825311562,9.2,1.0015
6,5.396314117468844,0.6036858825311562,9.2,1.0015
7,6.144423575680594,0.8555764243194064,11.5,0.9978
5,6.144343748338828,-1.1443437483388283,11.5,0.998
6,5.559144441361859,0.4408555586381411,9.7,1.0002
5,5.495058049981771,-0.49505804998177094,9.5,0.9981
6,6.468966640681916,-0.4689666406819164,12.5,0.998
6,6.468966640681916,-0.4689666406819164,12.5,0.998
6,5.462915070114522,0.5370849298854781,9.4,0.9973
5,5.982910402926697,-0.9829104029266968,11.0,0.9958
7,6.2099468592124465,0.7900531407875535,11.7,0.9963
7,6.371100808928402,0.6288991910715982,12.2,0.9992
6,6.470243878150153,-0.47024387815015256,12.5,0.9948
5,5.755035759552419,-0.7550357595524186,10.3,0.9974
6,6.143226165554123,-0.1432261655541227,11.5,1.0008
7,5.59180629895058,1.40819370104942,9.8,0.9997
6,5.396912822532079,0.6030871774679207,9.2,1.0
6,6.07973847923727,-0.07973847923727018,11.3,0.9972
6,5.592405004013815,0.40759499598618465,9.8,0.9982
6,5.592405004013815,0.40759499598618465,9.8,0.9982
6,5.8836076790214165,0.11639232097858354,10.7,1.0006
5,5.624987034260771,-0.6249870342607711,9.9,0.9979
7,6.405039903985358,0.594960096014642,12.3,0.9955
6,6.306415712485078,-0.3064157124850784,12.0,0.9986
6,5.657449323495079,0.34255067650492066,10.0,0.9979
6,5.462076883025992,0.5379231169740084,9.4,0.9994
6,5.623989192488711,0.3760108075112889,9.9,1.0004
6,5.462076883025992,0.5379231169740084,9.4,0.9994
5,5.430412867209331,-0.4304128672093306,9.3,0.9974
5,6.629761367359931,-1.6297613673599312,13.0,1.0018
6,6.276907034896065,-0.27690703489606516,11.9,0.9912
6,6.567351350156902,-0.5673513501569021,12.8,0.9955
5,5.981194115078755,-0.9811941150787549,11.0,1.0001
7,6.209667463516269,0.7903325364837306,11.7,0.997
7,5.786460293343786,1.2135397066562144,10.4,1.0
6,5.591287421229109,0.4087125787708912,9.8,1.001
5,5.462915070114522,-0.46291507011452193,9.4,0.9973
6,5.624867293248124,0.3751327067518764,9.9,0.9982
5,5.656930445773609,-0.6569304457736092,10.0,0.9992
5,5.722014678925756,-0.7220146789257562,10.2,0.9988
7,5.655733035647138,1.3442669643528617,10.0,1.0022
6,6.241770529712637,-0.24177052971263713,11.8,0.9979
7,5.655733035647138,1.3442669643528617,10.0,1.0022
5,5.331988244063463,-0.3319882440634627,9.0,1.0
5,5.461917228342463,-0.46191722834246285,9.4,0.9998
7,6.307373640586255,0.6926263594137447,12.0,0.9962
5,5.6251466889443,-0.6251466889442998,9.9,0.9975
6,5.2359185274996545,0.7640814725003455,8.7,0.9967
6,5.8527020229515205,0.14729797704847947,10.6,0.9967
5,5.398549283038257,-0.3985492830382569,9.2,0.9959
6,5.915750658888667,0.08424934111133275,10.8,1.0014
7,6.241570961358226,0.7584290386417738,11.8,0.9984
6,5.9811142877369905,0.018885712263009502,11.0,1.0003
7,6.307373640586255,0.6926263594137447,12.0,0.9962
6,6.728345645189328,-0.7283456451893278,13.3,0.9988
6,5.917147637369551,0.08285236263044915,10.8,0.9979
6,5.462875156443639,0.5371248435563611,9.4,0.9974
6,5.656052345014197,0.3439476549858034,10.0,1.0014
6,5.462875156443639,0.5371248435563611,9.4,0.9974
6,5.462875156443639,0.5371248435563611,9.4,0.9974
5,5.3977110959497265,-0.39771109594972653,9.2,0.998
6,5.560062455792153,0.43993754420784725,9.7,0.9979
6,5.397671182278844,0.6023288177211557,9.2,0.9981
6,5.527879562254021,0.47212043774597934,9.6,0.9972
6,5.397671182278844,0.6023288177211557,9.2,0.9981
7,5.657329582482433,1.3426704175175672,10.0,0.9982
8,6.601050963188564,1.3989490368114357,12.9,0.9924
6,5.656052345014197,0.3439476549858034,10.0,1.0014
5,5.495097963652653,-0.49509796365265313,9.5,0.998
5,5.365647943424242,-0.3656479434242419,9.1,0.997
5,5.624268588184888,-0.6242685881848882,9.9,0.9997
7,6.6303201587522835,0.36967984124771647,13.0,1.0004
5,5.624388329197535,-0.6243883291975347,9.9,0.9994
6,5.981712992800226,0.018287007199774052,11.0,0.9988
6,5.981712992800226,0.018287007199774052,11.0,0.9988
5,5.463314206823346,-0.46331420682334556,9.4,0.9963
5,5.624388329197535,-0.6243883291975347,9.9,0.9994
6,5.918345047496022,0.08165495250397825,10.8,0.9949
6,5.818922582578094,0.18107741742190608,10.5,1.0
6,5.819162064603388,0.18083793539661208,10.5,0.9994
5,5.365488288740712,-0.36548828874071226,9.1,0.9974
6,5.69043049045086,0.3095695095491404,10.1,0.9966
6,5.917067810027786,0.08293218997221441,10.8,0.9981
7,5.91646910496455,1.0835308950354499,10.8,0.9996
6,6.0798183065790345,-0.07981830657903455,11.3,0.997
4,5.527520339216079,-1.5275203392160792,9.6,0.9981
6,5.494818567956477,0.5051814320435231,9.5,0.9987
5,5.494818567956477,-0.49481856795647694,9.5,0.9987
5,5.43073217657639,-0.43073217657638985,9.3,0.9966
7,6.209028844782152,0.7909711552178482,11.7,0.9986
5,5.495018136310889,-0.49501813631088876,9.5,0.9982
5,5.428816320374036,-0.42881632037403605,9.3,1.0014
6,6.209667463516269,-0.20966746351626941,11.7,0.997
5,5.820678784096918,-0.8206787840969181,10.5,0.9956
6,5.786619948027315,0.21338005197268473,10.4,0.9996
5,5.625106775273418,-0.6251067752734176,9.9,0.9976
7,6.242049925408814,0.7579500745911858,11.8,0.9972
7,6.4051596449980055,0.5948403550019945,12.3,0.9952
5,5.950567854705035,-0.9505678547050351,10.9,0.9955
7,5.98211212950905,1.0178878704909504,11.0,0.9978
5,5.950567854705035,-0.9505678547050351,10.9,0.9955
7,6.4051596449980055,0.5948403550019945,12.3,0.9952
6,6.113118782901874,-0.11311878290187405,11.4,0.9949
6,5.851863835862991,0.14813616413700892,10.6,0.9988
5,5.430253212525802,-0.43025321252580184,9.3,0.9978
6,5.786580034356433,0.2134199656435669,10.4,0.9997
7,5.98211212950905,1.0178878704909504,11.0,0.9978
5,5.3979505779750205,-0.39795057797502054,9.2,0.9974
6,6.5672316091442555,-0.5672316091442555,12.8,0.9958
5,5.494140035551476,-0.49414003555147623,9.5,1.0004
6,5.62430850185577,0.37569149814422964,9.9,0.9996
5,5.494140035551476,-0.49414003555147623,9.5,1.0004
6,5.723212089052227,0.2767879109477729,10.2,0.9958
6,6.046717398610609,-0.04671739861060864,11.2,0.9986
6,5.62430850185577,0.37569149814422964,9.9,0.9996
5,5.431330881639625,-0.4313308816396253,9.3,0.9951
8,5.5922054356594035,2.4077945643405965,9.8,0.9987
6,6.0790998605031525,-0.07909986050315254,11.3,0.9988
7,6.04488136975002,0.9551186302499799,11.2,1.0032
7,6.177484569978138,0.8225154300218618,11.6,0.9963
7,6.470802669542506,0.5291973304574942,12.5,0.9934
6,5.689632217033212,0.3103677829667877,10.1,0.9986
5,5.8190822372616235,-0.8190822372616235,10.5,0.9996
5,6.0474358446864915,-1.0474358446864915,11.2,0.9968
6,5.722852866014286,0.27714713398571433,10.2,0.9967
6,5.9165489323063145,0.08345106769368549,10.8,0.9994
6,5.9165489323063145,0.08345106769368549,10.8,0.9994
6,5.365288720386301,0.6347112796136987,9.1,0.9979
6,5.657888373874786,0.34211162612521395,10.0,0.9968
7,6.046238434560021,0.9537615654399794,11.2,0.9998
5,6.0156121741863,-1.0156121741863,11.1,0.9952
8,6.760807934423637,1.239192065576363,13.4,0.9988
5,5.75455679550183,-0.7545567955018297,10.3,0.9986
5,5.527240943519903,-0.527240943519903,9.6,0.9988
7,6.046238434560021,0.9537615654399794,11.2,0.9998
3,5.331668934696404,-2.3316689346964043,9.0,1.0008
6,6.0795788245537405,-0.07957882455374055,11.3,0.9976
5,5.430093557842272,-0.4300935578422722,9.3,0.9982
5,6.242129752750579,-1.2421297527505786,11.8,0.997
5,5.333105826848169,-0.33310582684816925,9.0,0.9972
6,5.39743170025355,0.6025682997464497,9.2,0.9987
5,5.558984786678329,-0.5589847866783293,9.7,1.0006
6,6.144263920997064,-0.14426392099706398,11.5,0.9982
6,6.957218130335666,-0.9572181303356659,14.0,0.9947
6,5.396912822532079,0.6030871774679207,9.2,1.0
5,5.593602414140286,-0.5936024141402862,9.8,0.9952
5,5.851544526495932,-0.8515445264959318,10.6,0.9996
6,6.112280595813344,-0.11228059581334371,11.4,0.997
6,5.7866598616981975,0.21334013830180254,10.4,0.9995
5,5.852542368267991,-0.8525423682679909,10.6,0.9971
6,5.4625558470765805,0.5374441529234195,9.4,0.9982
5,5.722014678925756,-0.7220146789257562,10.2,0.9988
5,5.560022542121271,-0.5600225421212706,9.7,0.998
6,5.982152043179932,0.017847956820068234,11.0,0.9977
5,5.722014678925756,-0.7220146789257562,10.2,0.9988
6,5.689712044374977,0.3102879556250233,10.1,0.9984
5,5.395875067089138,-0.395875067089138,9.2,1.0026
8,6.209906945541564,1.7900930544584357,11.7,0.9964
5,5.462396192393051,-0.46239619239305085,9.4,0.9986
5,5.462396192393051,-0.46239619239305085,9.4,0.9986
6,6.761526380499519,-0.7615263804995189,13.4,0.997
5,5.657569064507727,-0.6575690645077268,10.0,0.9976
5,5.657569064507727,-0.6575690645077268,10.0,0.9976
6,5.657329582482433,0.3426704175175672,10.0,0.9982
7,5.916229622939256,1.0837703770607439,10.8,1.0002
6,5.722174333609285,0.27782566639071504,10.2,0.9984
6,5.85202349054652,0.14797650945348018,10.6,0.9984
7,6.729782537341093,0.27021746265890734,13.3,0.9952
7,6.762324653917166,0.2376753460828338,13.4,0.995
6,6.175927936813726,-0.17592793681372587,11.6,1.0002
6,6.340235066529387,-0.3402350665293872,12.1,0.9952
8,5.982351611534344,2.0176483884656564,11.0,0.9972
6,5.33262686279758,0.6673731372024196,9.0,0.9984
5,6.015053382793947,-1.0150533827939467,11.1,0.9966
8,5.982351611534344,2.0176483884656564,11.0,0.9972
6,6.175927936813726,-0.17592793681372587,11.6,1.0002
6,5.33262686279758,0.6673731372024196,9.0,0.9984
7,6.306256057801549,0.6937439421984513,12.0,0.999
7,6.306256057801549,0.6937439421984513,12.0,0.999
7,5.949729667616506,1.0502703323834943,10.9,0.9976
7,5.917267378382197,1.0827326216178026,10.8,0.9976
7,6.469445604732505,0.5305543952674947,12.5,0.9968
7,5.917267378382197,1.0827326216178026,10.8,0.9976
6,5.494299690235006,0.5057003097649941,9.5,1.0
6,5.721775196900461,0.2782248030995387,10.2,0.9994
7,6.111641977079226,0.8883580229207739,11.4,0.9986
5,5.495177790994418,-0.4951777909944184,9.5,0.9978
6,5.721775196900461,0.2782248030995387,10.2,0.9994
6,5.560022542121271,0.43997745787872944,9.7,0.998
7,6.242010011737932,0.757989988262068,11.8,0.9973
7,6.242010011737932,0.757989988262068,11.8,0.9973
5,5.428975975057566,-0.4289759750575657,9.3,1.001
6,6.272995495149593,-0.2729954951495932,11.9,1.001
3,5.1374539906829035,-2.1374539906829035,8.4,0.9994
6,6.209587636174505,-0.20958763617450504,11.7,0.9972
5,5.982591093559638,-0.9825910935596376,11.0,0.9966
6,5.657329582482433,0.3426704175175672,10.0,0.9982
5,5.365248806715418,-0.36524880671541826,9.1,0.998
5,5.592524745026463,-0.5925247450264628,9.8,0.9979
5,5.46271550176011,-0.4627155017601101,9.4,0.9978
5,5.495257618336183,-0.49525761833618276,9.5,0.9976
5,5.624228674514006,-0.624228674514006,9.9,0.9998
5,5.982591093559638,-0.9825910935596376,11.0,0.9966
6,6.112599905180403,-0.11259990518040297,11.4,0.9962
6,5.235080340411125,0.764919659588875,8.7,0.9988
5,5.462875156443639,-0.46287515644363886,9.4,0.9974
6,5.7543971408183,0.24560285918169988,10.3,0.999
5,5.753838349425947,-0.7538383494259469,10.3,1.0004
5,5.753838349425947,-0.7538383494259469,10.3,1.0004
6,6.56731143648602,-0.5673114364860199,12.8,0.9956
6,5.65661113640655,0.3433888635934501,10.0,1.0
6,5.7543971408183,0.24560285918169988,10.3,0.999
5,5.462875156443639,-0.46287515644363886,9.4,0.9974
6,5.884964743831417,0.11503525616858301,10.7,0.9972
7,6.305298129700372,0.6947018702996282,12.0,1.0014
5,6.046318261901785,-1.046318261901785,11.2,0.9996
5,5.527240943519903,-0.527240943519903,9.6,0.9988
6,5.981712992800226,0.018287007199774052,11.0,0.9988
5,5.625505911982241,-0.6255059119822413,9.9,0.9966
6,5.981513424445814,0.01848657555418587,11.0,0.9993
6,5.136895199290551,0.8631048007094488,8.4,1.0008
5,5.365168979373654,-0.3651689793736539,9.1,0.9982
6,5.494978222640007,0.5050217773599934,9.5,0.9983
6,5.8843660387681815,0.11563396123181846,10.7,0.9987
6,5.78669977536908,0.21330022463092035,10.4,0.9994
6,5.462835242772757,0.5371647572272433,9.4,0.9975
6,5.495976064412066,0.5040239355879343,9.5,0.9958
6,5.657409409824197,0.34259059017580284,10.0,0.998
6,5.657409409824197,0.34259059017580284,10.0,0.998
5,6.146179777199418,-1.1461797771994178,11.5,0.9934
5,6.012439037351152,-1.012439037351152,11.1,1.00315
5,6.012439037351152,-1.012439037351152,11.1,1.00315
6,6.208390226048034,-0.20839022604803414,11.7,1.0002
5,6.012439037351152,-1.012439037351152,11.1,1.00315
6,6.208390226048034,-0.20839022604803414,11.7,1.0002
6,6.532254758644357,-0.5322547586443571,12.7,1.0021
5,6.111322667712167,-1.1113226677121668,11.4,0.9994
5,5.397790923291492,-0.3977909232914918,9.2,0.9978
5,5.397631268607962,-0.39763126860796216,9.2,0.9982
6,5.690230922096448,0.30976907790355224,10.1,0.9971
6,6.532254758644357,-0.5322547586443571,12.7,1.0021
5,6.111322667712167,-1.1113226677121668,11.4,0.9994
6,5.332347467101404,0.6676525328985958,9.0,0.9991
6,5.332347467101404,0.6676525328985958,9.0,0.9991
6,5.884246297755534,0.1157537022444659,10.7,0.999
6,6.210625391617446,-0.2106253916174463,11.7,0.9946
6,5.9811142877369905,0.018885712263009502,11.0,1.0003
6,6.210625391617446,-0.2106253916174463,11.7,0.9946
5,5.787338394103198,-0.7873383941031982,10.4,0.9978
4,5.527121202507256,-1.5271212025072556,9.6,0.9991
6,5.656930445773609,0.34306955422639085,10.0,0.9992
6,5.721815110571344,0.2781848894286556,10.2,0.9993
4,5.657489237165962,-1.6574892371659624,10.0,0.9978
5,5.495018136310889,-0.49501813631088876,9.5,0.9982
5,5.592405004013815,-0.5924050040138154,9.8,0.9982
6,5.592644486039109,0.40735551396089065,9.8,0.9976
5,5.52668215212755,-0.5266821521275498,9.6,1.0002
5,5.52668215212755,-0.5266821521275498,9.6,1.0002
5,5.396912822532079,-0.39691282253207927,9.2,1.0
7,5.625106775273418,1.3748932247265824,9.9,0.9976
7,5.883767333704946,1.116232666295054,10.7,1.0002
6,5.527560252886961,0.4724397471130386,9.6,0.998
7,5.8519436632047555,1.1480563367952445,10.6,0.9986
5,5.430692262905508,-0.43069226290550766,9.3,0.9967
8,6.958415540462137,1.0415844595378632,14.0,0.9917
7,5.819880510679271,1.1801194893207292,10.5,0.9976
5,5.559743146425094,-0.5597431464250944,9.7,0.9987
6,6.146658741250006,-0.14665874125000578,11.5,0.9922
5,5.559743146425094,-0.5597431464250944,9.7,0.9987
5,5.331828589379933,-0.3318285893799331,9.0,1.0004
5,5.495177790994418,-0.4951777909944184,9.5,0.9978
5,5.429454939108155,-0.4294549391081546,9.3,0.9998
6,5.429614593791683,0.5703854062083167,9.3,0.9994
6,5.657409409824197,0.34259059017580284,10.0,0.998
6,5.593003709077051,0.4069962909229492,9.8,0.9967
6,5.429375111766389,0.5706248882336107,9.3,1.0
4,5.65812785590008,-1.65812785590008,10.0,0.9962
6,5.331748762038169,0.6682512379618313,9.0,1.0006
5,5.430372953538448,-0.4303729535384484,9.3,0.9975
6,5.331748762038169,0.6682512379618313,9.0,1.0006
6,5.365089152031889,0.6349108479681114,9.1,0.9984
6,5.397551441266197,0.6024485587338031,9.2,0.9984
7,6.371859168675167,0.6281408313248331,12.2,0.9973
6,5.819641028653977,0.1803589713460232,10.5,0.9982
6,5.785422537900844,0.21457746209915562,10.4,1.0026
6,6.534849147251711,-0.5348491472517107,12.7,0.9956
5,5.39759135493708,-0.39759135493708,9.2,0.9983
5,5.461597918975404,-0.4615979189754036,9.4,1.0006
6,5.658008114887433,0.3419918851125674,10.0,0.9965
5,5.593203277431463,-0.5932032774314626,9.8,0.9962
6,5.722773038672521,0.2772269613274787,10.2,0.9969
5,5.559344009716271,-0.5593440097162707,9.7,0.9997
5,5.559344009716271,-0.5593440097162707,9.7,0.9997
6,5.592405004013815,0.40759499598618465,9.8,0.9982
5,5.721296232849873,-0.7212962328498733,10.2,1.0006
5,5.429854075816978,-0.4298540758169782,9.3,0.9988
5,5.4627953291018745,-0.4627953291018745,9.4,0.9976
5,5.4627953291018745,-0.4627953291018745,9.4,0.9976
5,5.495337445677947,-0.49533744567794713,9.5,0.9974
6,6.339356965769975,-0.33935696576997465,12.1,0.9974
5,5.721655455887815,-0.7216554558878148,10.2,0.9997
5,5.721655455887815,-0.7216554558878148,10.2,0.9997
5,5.36492949734836,-0.3649294973483599,9.1,0.9988
5,5.36492949734836,-0.3649294973483599,9.1,0.9988
6,5.430333039867566,0.5696669601324338,9.3,0.9976
5,5.430812003918155,-0.4308120039181551,9.3,0.9964
6,5.430333039867566,0.5696669601324338,9.3,0.9976
5,5.494778654285595,-0.49477865428559475,9.5,0.9988
6,5.82035947472986,0.1796405252701403,10.5,0.9964
4,6.07822175974374,-2.07822175974374,11.3,1.001
5,5.495736582386772,-0.49573658238677165,9.5,0.9964
5,5.561060297564213,-0.5610602975642127,9.7,0.9954
5,5.462675588089228,-0.46267558808922793,9.4,0.9979
5,5.46271550176011,-0.4627155017601101,9.4,0.9978
7,5.722972607026933,1.2770273929730669,10.2,0.9964
6,5.755195414235947,0.24480458576405262,10.3,0.997
5,5.462196624038639,-0.46219662403863904,9.4,0.9991
5,5.494618999602065,-0.4946189996020651,9.5,0.9992
5,5.462196624038639,-0.46219662403863904,9.4,0.9991
5,5.494618999602065,-0.4946189996020651,9.5,0.9992
5,5.462196624038639,-0.46219662403863904,9.4,0.9991
7,5.689712044374977,1.3102879556250233,10.1,0.9984
5,5.690191008425566,-0.6901910084255656,10.1,0.9972
4,5.982551179888755,-1.9825511798887554,11.0,0.9967
7,6.047595499370021,0.9524045006299788,11.2,0.9964
6,6.080696407338447,-0.08069640733844707,11.3,0.9948
5,5.527320770861667,-0.5273207708616674,9.6,0.9986
5,6.045759470509432,-1.0457594705094317,11.2,1.001
5,7.248221236988856,-2.248221236988856,14.9,0.9976
6,6.306814849193902,-0.306814849193902,12.0,0.9976
5,5.495137877323536,-0.4951378773235362,9.5,0.9979
5,5.461677746317168,-0.46167774631716796,9.4,1.0004
5,5.527320770861667,-0.5273207708616674,9.6,0.9986
7,5.819720855995741,1.1802791440042588,10.5,0.998
6,5.5278396485831385,0.4721603514168615,9.6,0.9973
4,5.982431438876108,-1.982431438876108,11.0,0.997
6,5.5278396485831385,0.4721603514168615,9.6,0.9973
5,5.332866344822875,-0.33286634482287525,9.0,0.9978
6,5.527879562254021,0.47212043774597934,9.6,0.9972
6,5.722573470318109,0.2774265296818914,10.2,0.9974
5,5.721535714875167,-0.7215357148751673,10.2,1.0
5,5.559982628450388,-0.5599826284503884,9.7,0.9981
6,5.495097963652653,0.5049020363473469,9.5,0.998
6,5.397391786582668,0.6026082134173318,9.2,0.9988
5,5.982591093559638,-0.9825910935596376,11.0,0.9966
6,5.397391786582668,0.6026082134173318,9.2,0.9988
5,5.6582475969127275,-0.6582475969127275,10.0,0.9959
5,5.495576927703242,-0.495576927703242,9.5,0.9968
5,5.495097963652653,-0.49509796365265313,9.5,0.998
5,5.495576927703242,-0.495576927703242,9.5,0.9968
6,5.430013730500507,0.569986269499493,9.3,0.9984
5,5.722174333609285,-0.722174333609285,10.2,0.9984
6,5.430013730500507,0.569986269499493,9.3,0.9984
5,5.624987034260771,-0.6249870342607711,9.9,0.9979
5,5.657289668811551,-0.6572896688115506,10.0,0.9983
5,5.527879562254021,-0.5278795622540207,9.6,0.9972
5,5.331828589379933,-0.3318285893799331,9.0,1.0004
6,5.7230524343686975,0.2769475656313025,10.2,0.9962
5,5.59248483135558,-0.5924848313555797,9.8,0.998
5,6.0798183065790345,-1.0798183065790345,11.3,0.997
5,5.462635674418345,-0.46263567441834486,9.4,0.998
5,6.0798183065790345,-1.0798183065790345,11.3,0.997
5,5.365647943424242,-0.3656479434242419,9.1,0.997
5,5.5593040960453886,-0.5593040960453886,9.7,0.9998
5,5.463354120494228,-0.46335412049422775,9.4,0.9962
5,5.4627953291018745,-0.4627953291018745,9.4,0.9976
3,5.885204225856711,-2.885204225856711,10.7,0.9966
5,5.591766385279698,-0.5917663852796977,9.8,0.9998
5,5.332826431151993,-0.33282643115199306,9.0,0.9979
5,5.462476019734815,-0.4624760197348152,9.4,0.9984
5,5.462476019734815,-0.4624760197348152,9.4,0.9984
6,6.568708414966903,-0.5687084149669026,12.8,0.9921
6,5.495417273019712,0.5045827269802876,9.5,0.9972
6,5.495417273019712,0.5045827269802876,9.5,0.9972
5,5.559184355032741,-0.5591843550327411,9.7,1.0001
6,5.916868241673374,0.08313175832662623,10.8,0.9986
6,5.689712044374977,0.3102879556250233,10.1,0.9984
6,5.495417273019712,0.5045827269802876,9.5,0.9972
6,5.4630348111271685,0.5369651888728315,9.4,0.997
4,5.527879562254021,-1.5278795622540207,9.6,0.9972
4,5.560022542121271,-1.5600225421212706,9.7,0.998
5,5.624547983881064,-0.6245479838810644,9.9,0.999
5,5.658367337925374,-0.658367337925374,10.0,0.9956
5,5.8202796473880944,-0.8202796473880944,10.5,0.9966
6,6.177604310990785,-0.17760431099078478,11.6,0.996
6,5.657289668811551,0.3427103311884494,10.0,0.9983
5,5.6896721307040945,-0.6896721307040945,10.1,0.9985
5,5.494379517576771,-0.4943795175767711,9.5,0.9998
5,5.462156710367757,-0.46215671036775685,9.4,0.9992
5,5.4627953291018745,-0.4627953291018745,9.4,0.9976
5,5.59248483135558,-0.5924848313555797,9.8,0.998
6,5.398229973671198,0.6017700263288024,9.2,0.9967
5,5.4627953291018745,-0.4627953291018745,9.4,0.9976
5,5.657888373874786,-0.657888373874786,10.0,0.9968
5,5.527719907570491,-0.527719907570491,9.6,0.9976
5,5.495257618336183,-0.49525761833618276,9.5,0.9976
5,5.527719907570491,-0.527719907570491,9.6,0.9976
5,5.397631268607962,-0.39763126860796216,9.2,0.9982
5,5.657888373874786,-0.657888373874786,10.0,0.9968
5,5.495696668715889,-0.4956966687158886,9.5,0.9965
4,6.047834981395315,-2.047834981395315,11.2,0.9958
5,5.7874182214449625,-0.7874182214449625,10.4,0.9976
6,6.01393580000924,-0.013935800009240218,11.1,0.9994
5,5.495497100361477,-0.49549710036147676,9.5,0.997
5,5.495497100361477,-0.49549710036147676,9.5,0.997
6,6.535088629277005,-0.5350886292770047,12.7,0.995
5,5.527480425545197,-0.527480425545197,9.6,0.9982
5,6.143784956946475,-1.143784956946475,11.5,0.9994
5,5.528119044279315,-0.5281190442793147,9.6,0.9966
5,5.495097963652653,-0.49509796365265313,9.5,0.998
5,5.42989398948786,-0.4298939894878604,9.3,0.9987
5,5.495776496057654,-0.49577649605765384,9.5,0.9963
5,5.495776496057654,-0.49577649605765384,9.5,0.9963
6,5.429295284424625,0.570704715575375,9.3,1.0002
5,5.39759135493708,-0.39759135493708,9.2,0.9983
5,5.429774248475213,-0.42977424847521295,9.3,0.999
6,6.144942453402064,-0.1449424534020638,11.5,0.9965
5,5.495145860057712,-0.4951458600577121,9.5,0.99788
5,5.398030405316786,-0.3980304053167858,9.2,0.9972
5,5.656515343596432,-0.6565153435964319,10.0,1.00024
5,5.494259776564124,-0.4942597765641237,9.5,1.0001
6,5.495225687399477,0.5047743126005226,9.5,0.99768
6,5.332866344822875,0.6671336551771248,9.0,0.9978
5,5.462707519025933,-0.4627075190259333,9.4,0.99782
6,5.527715916203403,0.47228408379659736,9.6,0.99761
6,5.495225687399477,0.5047743126005226,9.5,0.99768
5,5.495085989551389,-0.4950859895513888,9.5,0.99803
5,5.495085989551389,-0.4950859895513888,9.5,0.99803
5,5.462695544924669,-0.462695544924669,9.4,0.99785
5,5.495085989551389,-0.4950859895513888,9.5,0.99803
6,5.365823563576124,0.6341764364238758,9.1,0.99656
6,5.885743060413623,0.11425693958637684,10.7,0.99525
6,6.0482021871674325,-0.04820218716743252,11.2,0.99488
5,5.593059588216286,-0.5930595882162857,9.8,0.99656
5,5.593059588216286,-0.5930595882162857,9.8,0.99656
5,5.397619294506697,-0.397619294506697,9.2,0.99823
5,5.560106360830124,-0.5601063608301242,9.7,0.99779
5,5.527807717646432,-0.5278077176464322,9.6,0.99738
6,5.657804555165933,0.3421954448340667,10.0,0.99701
5,5.527807717646432,-0.5278077176464322,9.6,0.99738
6,5.4947467233488885,0.5052532766511115,9.5,0.99888
6,5.4947467233488885,0.5052532766511115,9.5,0.99888
5,5.462883139177816,-0.46288313917781565,9.4,0.99738
5,5.494547154994477,-0.49454715499447666,9.5,0.99938
6,5.560246058678212,0.43975394132178813,9.7,0.99744
5,5.528087113342609,-0.5280871133426093,9.6,0.99668
6,5.560246058678212,0.43975394132178813,9.7,0.99744
5,5.46271550176011,-0.4627155017601101,9.4,0.9978
5,5.462707519025933,-0.4627075190259333,9.4,0.99782
6,5.49537735934883,0.5046226406511698,9.5,0.9973
6,5.4953893334500945,0.5046106665499055,9.5,0.99727
5,5.65826356238108,-0.6582635623810802,10.0,0.99586
6,5.755546654539712,0.24445334546028796,10.3,0.99612
6,5.755554637273889,0.24444536272611117,10.3,0.9961
5,5.8197687524008,-0.8197687524008002,10.5,0.99788
5,5.592704356545433,-0.5927043565454326,9.8,0.99745
6,5.4631306039372864,0.5368693960627136,9.4,0.99676
5,5.59275624431758,-0.59275624431758,9.8,0.99732
5,5.657353530684962,-0.6573535306849623,10.0,0.99814
5,5.59275624431758,-0.59275624431758,9.8,0.99732
5,5.592700365178345,-0.5927003651783451,9.8,0.99746
5,5.495018136310889,-0.49501813631088876,9.5,0.9982
5,5.495018136310889,-0.49501813631088876,9.5,0.9982
6,5.6894326486788005,0.3105673513211995,10.1,0.9991
6,5.6894326486788005,0.3105673513211995,10.1,0.9991
5,5.430173385184037,-0.4301733851840366,9.3,0.998
6,5.560389747893389,0.4396102521066112,9.7,0.99708
5,5.527488408279373,-0.5274884082793729,9.6,0.99818
6,5.5602420673111235,0.43975793268887653,9.7,0.99745
5,5.917750333799874,-0.9177503337998738,10.8,0.99639
6,6.470040318428652,-0.47004031842865235,12.5,0.99531
5,5.72238986743205,-0.7223898674320504,10.2,0.99786
5,5.527775786709727,-0.5277757867097268,9.6,0.99746
7,5.918201358280845,1.0817986417191552,10.8,0.99526
6,5.8843660387681815,0.11563396123181846,10.7,0.9987
6,5.8843660387681815,0.11563396123181846,10.7,0.9987
5,5.463270301785375,-0.463270301785375,9.4,0.99641
5,5.657668848684933,-0.6576688486849331,10.0,0.99735
7,6.600955170378446,0.39904482962155363,12.9,0.99264
6,5.527919475924903,0.47208052407509715,9.6,0.9971
6,5.6254181019063,0.3745818980936999,9.9,0.99682
7,6.568125675372021,0.43187432462797926,12.8,0.99356
7,6.470619066656447,0.5293809333435533,12.5,0.99386
7,6.568125675372021,0.43187432462797926,12.8,0.99356
5,5.398102249924374,-0.39810224992437426,9.2,0.99702
6,5.755223353805565,0.24477664619443473,10.3,0.99693
5,5.820670801362742,-0.8206708013627422,10.5,0.99562
6,5.94872384311027,0.051276156889730196,10.9,1.00012
5,5.917035879091079,-0.9170358790910793,10.8,0.99818
4,6.113230541180345,-2.1132305411803447,11.4,0.99462
6,6.078864369844946,-0.07886436984494605,11.3,0.99939
5,5.917035879091079,-0.9170358790910793,10.8,0.99818
6,5.8195612013122116,0.18043879868778845,10.5,0.9984
6,6.275210703883564,-0.2752107038835643,11.9,0.99545
5,5.463306224089169,-0.46330622408916877,9.4,0.99632
5,5.526857772279432,-0.5268577722794321,9.6,0.99976
5,5.560796867336388,-0.5607968673363883,9.7,0.99606
7,6.9584794023355485,0.041520597664451486,14.0,0.99154
5,5.592764227051757,-0.5927642270517568,9.8,0.9973
5,5.592764227051757,-0.5927642270517568,9.8,0.9973
5,5.755267258843536,-0.7552672588435358,10.3,0.99682
5,5.885347915071888,-0.8853479150718879,10.7,0.99624
7,5.983189798622873,1.016810201377127,11.0,0.9951
5,5.885347915071888,-0.8853479150718879,10.7,0.99624
8,6.535419912745329,1.4645800872546708,12.7,0.99417
6,6.016186931047006,-0.01618693104700597,11.1,0.99376
4,5.9502405626038,-1.9502405626038,10.9,0.99632
6,6.016186931047006,-0.01618693104700597,11.1,0.99376
3,5.624819396843065,-2.6248193968430646,9.9,0.99832
4,5.624803431374712,-1.624803431374712,9.9,0.99836
5,5.463058759329698,-0.463058759329698,9.4,0.99694
5,5.430752133411831,-0.43075213341183094,9.3,0.99655
7,6.212205972984388,0.7877940270156119,11.7,0.99064
7,6.212205972984388,0.7877940270156119,11.7,0.99064
7,6.047467775623197,0.9525322243768031,11.2,0.99672
5,5.658020088988698,-0.6580200889886978,10.0,0.99647
7,6.339372931238328,0.6606270687616718,12.1,0.99736
5,5.755478801299213,-0.7554788012992129,10.3,0.99629
6,5.949937218705094,0.05006278129490571,10.9,0.99708
5,5.463314206823346,-0.46331420682334556,9.4,0.9963
6,5.85302133231858,0.1469786676814202,10.6,0.9959
5,5.592927873102374,-0.5929278731023739,9.8,0.99689
5,5.592927873102374,-0.5929278731023739,9.8,0.99689
6,5.625066861602535,0.37493313839746456,9.9,0.9977
5,5.592927873102374,-0.5929278731023739,9.8,0.99689
5,5.592927873102374,-0.5929278731023739,9.8,0.99689
5,5.495465169424771,-0.49546516942477137,9.5,0.99708
5,5.495465169424771,-0.49546516942477137,9.5,0.99708
5,5.560018550754183,-0.560018550754183,9.7,0.99801
6,5.950160735262036,0.049839264737964406,10.9,0.99652
6,5.950160735262036,0.049839264737964406,10.9,0.99652
7,6.210314064984564,0.7896859350154362,11.7,0.99538
6,5.950160735262036,0.049839264737964406,10.9,0.99652
7,6.080241391490388,0.9197586085096123,11.3,0.99594
7,5.852638161078109,1.1473618389218911,10.6,0.99686
6,6.048401755521844,-0.048401755521844336,11.2,0.99438
5,5.4953134974754185,-0.49531349747541853,9.5,0.99746
6,6.146111923958918,-0.1461119239589177,11.5,0.99357
5,5.7879450819006095,-0.7879450819006095,10.4,0.99628
5,5.560238075944036,-0.560238075944036,9.7,0.99746
5,5.4953134974754185,-0.49531349747541853,9.5,0.99746
5,5.560230093209859,-0.5602300932098592,9.7,0.99748
6,6.080864044756153,-0.08086404475615261,11.3,0.99438
6,6.048401755521844,-0.048401755521844336,11.2,0.99438
6,6.048401755521844,-0.048401755521844336,11.2,0.99438
6,5.9504560964265645,0.04954390357343552,10.9,0.99578
6,6.2434429125226085,-0.24344291252260852,11.8,0.99371
5,5.853292745280579,-0.8532927452805792,10.6,0.99522
4,5.658303476051962,-1.6583034760519624,10.0,0.99576
7,6.015484450439477,0.9845155495605233,11.1,0.99552
7,6.2422734419657555,0.7577265580342445,11.8,0.99664
7,6.242473010320167,0.7575269896798327,11.8,0.99614
4,5.950699569818947,-1.9506995698189469,10.9,0.99517
6,6.2434429125226085,-0.24344291252260852,11.8,0.99371
6,5.6574612975963445,0.34253870240365547,10.0,0.99787
5,5.495317488842506,-0.49531748884250604,9.5,0.99745
5,5.625841186817653,-0.6258411868176532,9.9,0.99576
6,6.112947154117079,-0.11294715411707923,11.4,0.99533
6,6.307708915421667,-0.30770891542166723,12.0,0.99536
5,5.495317488842506,-0.49531748884250604,9.5,0.99745
6,5.6574612975963445,0.34253870240365547,10.0,0.99787
5,5.819625063185624,-0.8196250631856241,10.5,0.99824
6,5.787114877546257,0.21288512245374314,10.4,0.99836
7,6.3400075586053575,0.6599924413946425,12.1,0.99577
6,6.048190213066168,-0.04819021306616822,11.2,0.99491
5,5.428221606677889,-0.428221606677889,9.3,1.00289
5,5.6907657652862715,-0.6907657652862715,10.1,0.99576
5,5.5602500500453,-0.5602500500453003,9.7,0.99743
6,5.430277160728331,0.5697228392716687,9.3,0.99774
5,5.5602500500453,-0.5602500500453003,9.7,0.99743
6,5.592704356545433,0.40729564345456737,9.8,0.99745
6,5.885643276236417,0.11435672376358319,10.7,0.9955
7,6.470387567365329,0.5296124326346714,12.5,0.99444
6,5.885643276236417,0.11435672376358319,10.7,0.9955
7,6.470387567365329,0.5296124326346714,12.5,0.99444
3,5.981665096395167,-2.981665096395167,11.0,0.99892
5,6.242680561408756,-1.242680561408756,11.8,0.99562
7,5.917363171192315,1.0826368288076846,10.8,0.99736
7,5.917363171192315,1.0826368288076846,10.8,0.99736
7,5.917826169774551,1.0821738302254493,10.8,0.9962
7,5.917826169774551,1.0821738302254493,10.8,0.9962
5,5.495097963652653,-0.49509796365265313,9.5,0.998
5,5.982670920901403,-0.9826709209014028,11.0,0.9964
6,6.1456209858070645,-0.1456209858070645,11.5,0.9948
6,5.918193375546668,0.08180662445333198,10.8,0.99528
6,6.146215699503212,-0.14621569950321156,11.5,0.99331
6,6.697092740182754,-0.6970927401827538,13.2,0.99577
6,5.949166884857064,0.05083311514293598,10.9,0.99901
6,6.372082685232108,-0.3720826852321082,12.2,0.99674
7,6.372222383080196,0.6277776169198042,12.2,0.99639
6,6.146215699503212,-0.14621569950321156,11.5,0.99331
6,6.275342418997477,-0.2753424189974769,11.9,0.99512
5,5.983648805838021,-0.9836488058380208,11.0,0.99395
6,5.689775906248389,0.31022409375161075,10.1,0.99824
6,5.982670920901403,0.017329079098597155,11.0,0.9964
6,6.242912060699873,-0.24291206069987314,11.8,0.99504
5,5.819776735134977,-0.819776735134977,10.5,0.99786
6,5.982670920901403,0.017329079098597155,11.0,0.9964
6,6.242912060699873,-0.24291206069987314,11.8,0.99504
6,5.689775906248389,0.31022409375161075,10.1,0.99824
5,6.048090428888962,-1.0480904288889619,11.2,0.99516
7,5.982814610116579,1.017185389883421,11.0,0.99604
6,5.72238986743205,0.27761013256794964,10.2,0.99786
4,5.397966543443374,-1.3979665434433741,9.2,0.99736
5,6.048090428888962,-1.0480904288889619,11.2,0.99516
7,6.3079803283836675,0.6920196716163325,12.0,0.99468
5,5.819936389818507,-0.8199363898185066,10.5,0.99746
5,5.592692382444168,-0.5926923824441683,9.8,0.99748
6,5.495457186690595,0.5045428133094054,9.5,0.9971
5,5.592692382444168,-0.5926923824441683,9.8,0.99748
5,5.819936389818507,-0.8199363898185066,10.5,0.99746
6,6.242756397383432,-0.2427563973834319,11.8,0.99543
6,6.242756397383432,-0.2427563973834319,11.8,0.99543
4,5.787294489065228,-1.7872944890652276,10.4,0.99791
7,6.600587964606329,0.399412035393671,12.9,0.99356
5,6.113378221762609,-1.1133782217626091,11.4,0.99425
7,6.437665839270284,0.5623341607297156,12.4,0.99509
7,6.4702279126818,0.5297720873182001,12.5,0.99484
7,5.657273703343197,1.342726296656803,10.0,0.99834
7,5.559767094627624,1.4402329053723761,9.7,0.99864
7,6.340322876605328,0.6596771233946717,12.1,0.99498
7,6.015428571300241,0.9845714286997591,11.1,0.99566
7,6.306874719700225,0.6931252802997747,12.0,0.99745
7,6.438068967346196,0.5619310326538036,12.4,0.99408
7,6.275182764313947,0.7248172356860527,11.9,0.99552
7,6.275182764313947,0.7248172356860527,11.9,0.99552
7,6.275182764313947,0.7248172356860527,11.9,0.99552
7,6.438068967346196,0.5619310326538036,12.4,0.99408
7,6.0480106015471975,0.9519893984528025,11.2,0.99536
7,6.340482531288858,0.659517468711142,12.1,0.99458
6,6.372625511156108,-0.37262551115610787,12.2,0.99538
5,5.787865254558845,-0.7878652545588452,10.4,0.99648
6,6.080345167034682,-0.08034516703468242,11.3,0.99568
6,6.015240977047094,-0.015240977047094262,11.1,0.99613
7,6.080540744022006,0.9194592559779942,11.3,0.99519
5,5.657668848684933,-0.6576688486849331,10.0,0.99735
6,6.015620156920477,-0.015620156920476802,11.1,0.99518
5,5.43100358953839,-0.43100358953839013,9.3,0.99592
5,5.495680703247536,-0.4956807032475359,9.5,0.99654
6,6.047970687876315,-0.04797068787631531,11.2,0.99546
6,6.015620156920477,-0.015620156920476802,11.1,0.99518
6,5.983014178470991,0.016985821529009293,11.0,0.99554
7,6.274975213225359,0.7250247867746413,11.9,0.99604
5,5.397978517544638,-0.3979785175446384,9.2,0.99733
6,6.373056578801638,-0.3730565788016378,12.2,0.9943
5,5.722856857381374,-0.7228568573813741,10.2,0.99669
6,5.949873356831683,0.050126643168317386,10.9,0.99724
6,5.949873356831683,0.050126643168317386,10.9,0.99724
7,6.177432682205991,0.8225673177940092,11.6,0.99643
5,5.885423751046564,-0.8854237510465639,10.7,0.99605
7,6.339684257871211,0.6603157421287893,12.1,0.99658
5,5.4630348111271685,-0.4630348111271685,9.4,0.997
5,5.4630348111271685,-0.4630348111271685,9.4,0.997
5,5.36524481534833,-0.36524481534832987,9.1,0.99801
7,6.080951854832094,0.9190481451679062,11.3,0.99416
5,5.78769761714114,-0.7876976171411396,10.4,0.9969
6,5.819824631540036,0.18017536845996407,10.5,0.99774
5,5.657760650127962,-0.6577606501279618,10.0,0.99712
6,6.600340499846858,-0.6003404998468582,12.9,0.99418
6,5.819824631540036,0.18017536845996407,10.5,0.99774
5,5.78769761714114,-0.7876976171411396,10.4,0.9969
6,6.080369115237212,-0.08036911523721191,11.3,0.99562
7,6.113198610243638,0.8868013897563616,11.4,0.9947
5,5.463062750696786,-0.4630627506967864,9.4,0.99693
5,5.463449913304346,-0.4634499133043457,9.4,0.99596
6,5.950543906502506,0.04945609349749436,10.9,0.99556
5,5.463449913304346,-0.4634499133043457,9.4,0.99596
5,5.463058759329698,-0.463058759329698,9.4,0.99694
6,5.463617550722051,0.5363824492779488,9.4,0.99554
5,5.463058759329698,-0.463058759329698,9.4,0.99694
5,5.462164693101933,-0.46216469310193276,9.4,0.99918
6,5.690282809868595,0.30971719013140486,10.1,0.99697
7,6.568037865296079,0.4319621347039213,12.8,0.99378
7,6.568037865296079,0.4319621347039213,12.8,0.99378
6,5.366230683019125,0.6337693169808754,9.1,0.99554
6,6.601362289821447,-0.6013622898214468,12.9,0.99162
7,6.14556111530074,0.8544388846992597,11.5,0.99495
7,5.852678074748991,1.147321925251009,10.6,0.99676
7,6.210401875060505,0.789598124939495,11.7,0.99516
7,6.568429019270726,0.4315709807292736,12.8,0.9928
5,5.755582576843507,-0.7555825768435067,10.3,0.99603
7,6.568429019270726,0.4315709807292736,12.8,0.9928
7,6.210401875060505,0.789598124939495,11.7,0.99516
7,6.210401875060505,0.789598124939495,11.7,0.99516
7,6.30765702764952,0.6923429723504801,12.0,0.99549
5,5.9498813395658585,-0.9498813395658585,10.9,0.99722
7,6.405822211934653,0.5941777880653474,12.3,0.99354
6,5.788176581191728,0.21182341880827238,10.4,0.9957
5,5.658191717773492,-0.6581917177734917,10.0,0.99604
6,5.658067985393757,0.34193201460624323,10.0,0.99635
6,6.048337893648433,-0.04833789364843266,11.2,0.99454
6,6.112687715256344,-0.11268771525634413,11.4,0.99598
7,6.502682219181931,0.49731778081806866,12.6,0.99486
6,6.537056373251506,-0.5370563732515059,12.7,0.99007
6,6.537056373251506,-0.5370563732515059,12.7,0.99007
5,5.787913150963904,-0.7879131509639041,10.4,0.99636
6,6.274823541276006,-0.27482354127600583,11.9,0.99642
6,6.274823541276006,-0.27482354127600583,11.9,0.99642
5,5.8205829912868,-0.8205829912868001,10.5,0.99584
6,6.40521552413724,-0.4052155241372404,12.3,0.99506
7,5.820646853160213,1.1793531468397873,10.5,0.99568
6,5.787170756685492,0.21282924331450825,10.4,0.99822
6,6.503169165966696,-0.5031691659666961,12.6,0.99364
5,6.178490394484374,-1.178490394484374,11.6,0.99378
6,5.690725851615389,0.30927414838461065,10.1,0.99586
7,5.820646853160213,1.1793531468397873,10.5,0.99568
7,6.145589054870358,0.8544109451296418,11.5,0.99488
7,5.98317383315452,1.0168261668454797,11.0,0.99514
5,5.527344719064197,-0.5273447190641969,9.6,0.99854
6,5.7880887711157865,0.21191122888421354,10.4,0.99592
6,5.560266015513653,0.43973398448634704,9.7,0.99739
7,5.852650135179373,1.1473498648206268,10.6,0.99683
7,6.470738807669094,0.5292611923309058,12.5,0.99356
5,5.398221990937021,-0.3982219909370208,9.2,0.99672
7,6.502506599030049,0.497493400969951,12.6,0.9953
6,6.014925659047123,-0.014925659047123396,11.1,0.99692
5,5.722509608444697,-0.7225096084446969,10.2,0.99756
6,5.593494647228904,0.406505352771096,9.8,0.99547
6,6.014925659047123,-0.014925659047123396,11.1,0.99692
7,5.94933452227477,1.0506654777252296,10.9,0.99859
6,6.3735994047256375,-0.37359940472563746,12.2,0.99294
6,6.113326333990462,-0.11332633399046177,11.4,0.99438
6,5.885395811476947,0.1146041885230531,10.7,0.99612
5,5.78792113369808,-0.78792113369808,10.4,0.99634
6,5.949961166907624,0.05003883309237622,10.9,0.99702
6,5.917490894939139,0.08250910506086129,10.8,0.99704
5,5.78792113369808,-0.78792113369808,10.4,0.99634
5,5.398102249924374,-0.39810224992437426,9.2,0.99702
5,6.600979118580976,-1.6009791185809759,12.9,0.99258
7,6.5353839904415345,0.4646160095584655,12.7,0.99426
6,5.365460349171095,0.6345396508289047,9.1,0.99747
6,5.365460349171095,0.6345396508289047,9.1,0.99747
7,6.339971636301564,0.6600283636984363,12.1,0.99586
5,5.36531266858883,-0.36531266858882994,9.1,0.99784
7,6.177165260611079,0.822834739388921,11.6,0.9971
7,6.339971636301564,0.6600283636984363,12.1,0.99586
6,5.624907206919006,0.3750927930809942,9.9,0.9981
8,6.470315722757741,1.529684277242259,12.5,0.99462
6,6.112839387205697,-0.11283938720569697,11.4,0.9956
6,6.242668587307491,-0.24266858730749075,11.8,0.99565
6,6.243255318269462,-0.2432553182694619,11.8,0.99418
6,5.723012520697815,0.2769874793021847,10.2,0.9963
7,6.470730824934917,0.5292691750650826,12.5,0.99358
7,5.950480044629094,1.049519955370906,10.9,0.99572
7,5.950480044629094,1.049519955370906,10.9,0.99572
5,5.917506860407491,-0.9175068604074914,10.8,0.997
7,6.015699984262241,0.9843000157377588,11.1,0.99498
5,5.397343890177609,-0.3973438901776092,9.2,0.99892
6,5.495576927703242,0.504423072296758,9.5,0.9968
6,5.884964743831417,0.11503525616858301,10.7,0.9972
5,5.397343890177609,-0.3973438901776092,9.2,0.99892
7,5.72245772067255,1.2775422793274496,10.2,0.99769
6,6.112943162749991,-0.11294316274999083,11.4,0.99534
5,5.981964448926784,-0.9819644489267843,11.0,0.99817
5,5.981964448926784,-0.9819644489267843,11.0,0.99817
7,6.4059738838840055,0.5940261161159945,12.3,0.99316
6,6.243043775813785,-0.2430437758137849,11.8,0.99471
7,6.4059738838840055,0.5940261161159945,12.3,0.99316
6,5.495556970867801,0.5044430291321991,9.5,0.99685
6,6.30738561468752,-0.30738561468751957,12.0,0.99617
6,5.495556970867801,0.5044430291321991,9.5,0.99685
5,5.528641913367874,-0.5286419133678741,9.6,0.99529
7,6.177053502332608,0.8229464976673917,11.6,0.99738
6,6.048553427471197,-0.048553427471197175,11.2,0.994
7,5.625206559450624,1.374793440549376,9.9,0.99735
7,5.625206559450624,1.374793440549376,9.9,0.99735
8,6.24312360315555,1.7568763968444499,11.8,0.99451
6,6.112895266344933,-0.11289526634493274,11.4,0.99546
6,6.145624977174153,-0.1456249771741529,11.5,0.99479
7,6.307393597421696,0.6926064025783036,12.0,0.99615
6,5.917686471926462,0.08231352807353787,10.8,0.99655
5,5.819832614274212,-0.8198326142742118,10.5,0.99772
6,5.917686471926462,0.08231352807353787,10.8,0.99655
5,5.463170517608169,-0.46317051760816863,9.4,0.99666
7,6.470730824934917,0.5292691750650826,12.5,0.99358
5,5.463170517608169,-0.46317051760816863,9.4,0.99666
6,6.438132829219608,-0.43813282921960806,12.4,0.99392
6,6.308299637750726,-0.3082996377507259,12.0,0.99388
6,6.048545444737021,-0.04854544473702127,11.2,0.99402
6,6.308299637750726,-0.3082996377507259,12.0,0.99388
6,6.438260552966431,-0.4382605529664314,12.4,0.9936
5,6.568053830764432,-1.5680538307644323,12.8,0.99374
6,6.4057344018587115,-0.40573440185871146,12.3,0.99376
7,6.210373935490888,0.789626064509112,11.7,0.99523
5,5.4948784384628,-0.4948784384628002,9.5,0.99855
6,5.917027896356903,0.0829721036430966,10.8,0.9982
6,5.658235622811462,0.3417643771885377,10.0,0.99593
7,6.405355221985329,0.5946447780146711,12.3,0.99471
6,5.983644814470932,0.016355185529067562,11.0,0.99396
6,5.4955050830956536,0.5044949169043464,9.5,0.99698
6,6.829165088588137,-0.8291650885881374,13.6,0.9902
6,6.080329201566329,-0.08032920156632883,11.3,0.99572
6,6.080329201566329,-0.08032920156632883,11.3,0.99572
6,6.080329201566329,-0.08032920156632883,11.3,0.99572
6,6.73085222372074,-0.7308522237207402,13.3,0.99252
5,6.600987101315153,-1.6009871013151526,12.9,0.99256
8,6.665995498492623,1.3340045015073771,13.1,0.99235
6,6.405830194668829,-0.4058301946688294,12.3,0.99352
6,6.406357055124476,-0.4063570551244764,12.3,0.9922
6,6.047459792889021,-0.047459792889021024,11.2,0.99674
4,6.14531365054127,-2.1453136505412704,11.5,0.99557
7,6.081039664908035,0.9189603350919651,11.3,0.99394
6,6.796183921632357,-0.7961839216323572,13.5,0.9915
6,6.1460241138829765,-0.14602411388297654,11.5,0.99379
5,5.657249755140668,-0.6572497551406684,10.0,0.9984
6,5.819728838729918,0.18027116127008203,10.5,0.99798
6,5.78737830777408,0.21262169222591965,10.4,0.9977
5,5.496930001146154,-0.49693000114615415,9.5,0.99341
7,6.827927764790784,0.17207223520921566,13.6,0.9933
7,6.047419879218138,0.952580120781862,11.2,0.99684
7,6.242832233358109,0.7571677666418912,11.8,0.99524
6,6.275549970086065,-0.27554997008606463,11.9,0.9946
6,6.111985234648815,-0.11198523464881482,11.4,0.99774
6,6.111985234648815,-0.11198523464881482,11.4,0.99774
5,5.365304685854654,-0.36530468585465403,9.1,0.99786
6,5.49524165286783,0.5047583471321699,9.5,0.99764
6,5.49553701403236,0.5044629859676402,9.5,0.9969
6,5.9827347827748145,0.01726521722518548,11.0,0.99624
6,6.113661608825874,-0.11366160882587373,11.4,0.99354
6,5.657920304811491,0.34207969518850856,10.0,0.99672
5,5.690717868881213,-0.6907178688812126,10.1,0.99588
6,5.787769461748727,0.2122305382512728,10.4,0.99672
6,5.593283104773227,0.406716895226773,9.8,0.996
7,6.242121770016403,0.7578782299835973,11.8,0.99702
6,6.1778996721553145,-0.17789967215531455,11.6,0.99526
6,6.307513338434344,-0.3075133384343438,12.0,0.99585
7,6.567658685422697,0.43234131457730296,12.8,0.99473
6,6.470754773137447,-0.47075477313744685,12.5,0.99352
5,5.593219242899815,-0.5932192428998153,9.8,0.99616
6,6.0152050547433,-0.015205054743299584,11.1,0.99622
6,6.112903249079109,-0.11290324907910865,11.4,0.99544
5,5.593219242899815,-0.5932192428998153,9.8,0.99616
7,6.242832233358109,0.7571677666418912,11.8,0.99524
7,6.601050963188564,0.3989490368114357,12.9,0.9924
6,5.853093176926167,0.14690682307383263,10.6,0.99572
5,5.917395102129021,-0.9173951021290208,10.8,0.99728
7,6.014989520920535,0.9850104790794649,11.1,0.99676
6,5.723327838697786,0.27667216130221384,10.2,0.99551
7,6.24319145639605,0.7568085436039498,11.8,0.99434
5,5.657840477469727,-0.6578404774697271,10.0,0.99692
5,5.657840477469727,-0.6578404774697271,10.0,0.99692
5,5.463298241354992,-0.463298241354992,9.4,0.99634
5,5.722697202697844,-0.7226972026978444,10.2,0.99709
7,6.4375900032956075,0.5624099967043925,12.4,0.99528
6,6.3083156032190795,-0.30831560321907947,12.0,0.99384
6,6.145533175731123,-0.14553317573112334,11.5,0.99502
6,5.820251707818477,0.17974829218152344,10.5,0.99667
6,5.9182173237491975,0.08178267625080249,10.8,0.99522
6,6.404644758643623,-0.4046447586436228,12.3,0.99649
6,5.495433238488065,0.5045667615119349,9.5,0.99716
6,5.495433238488065,0.5045667615119349,9.5,0.99716
6,6.145377512414682,-0.1453775124146821,11.5,0.99541
4,6.047866912332021,-2.0478669123320206,11.2,0.99572
7,6.535815058087064,0.4641849419129356,12.7,0.99318
5,6.11369353976258,-1.11369353976258,11.4,0.99346
6,5.98283456695202,0.017165433047980017,11.0,0.99599
6,5.98283456695202,0.017165433047980017,11.0,0.99599
5,6.113166679306932,-1.1131666793069321,11.4,0.99478
6,5.8199044588818,0.1800955411181997,10.5,0.99754
5,5.4310834168801545,-0.4310834168801545,9.3,0.99572
5,5.950615751110094,-0.9506157511100941,10.9,0.99538
6,6.276004985934124,-0.27600498593412404,11.9,0.99346
5,6.3722583053839905,-1.3722583053839905,12.2,0.9963
6,6.276004985934124,-0.27600498593412404,11.9,0.99346
5,5.950615751110094,-0.9506157511100941,10.9,0.99538
4,5.528294664431197,-1.528294664431197,9.6,0.99616
6,6.469557363010976,-0.46955736301097595,12.5,0.99652
5,5.918101574103639,-0.9181015741036394,10.8,0.99551
7,6.4379452349664605,0.5620547650335395,12.4,0.99439
5,5.918101574103639,-0.9181015741036394,10.8,0.99551
6,5.495944133475359,0.5040558665246406,9.5,0.99588
6,5.495764521956389,0.5042354780436114,9.5,0.99633
6,5.4955529795007125,0.5044470204992875,9.5,0.99686
6,5.593849878899757,0.40615012110024296,9.8,0.99458
6,5.950727509388565,0.04927249061143524,10.9,0.9951
6,5.4955529795007125,0.5044470204992875,9.5,0.99686
6,5.593849878899757,0.40615012110024296,9.8,0.99458
7,6.048477591496521,0.9515224085034788,11.2,0.99419
8,6.210401875060505,1.789598124939495,11.7,0.99516
5,5.462324347785462,-0.4623243477854624,9.4,0.99878
7,5.983094005812756,1.016905994187244,11.0,0.99534
7,5.983094005812756,1.016905994187244,11.0,0.99534
7,5.983094005812756,1.016905994187244,11.0,0.99534
5,5.657600995444433,-0.6576009954444331,10.0,0.99752
7,5.983094005812756,1.016905994187244,11.0,0.99534
7,6.0484416691927265,0.9515583308072735,11.2,0.99428
6,5.788463959622081,0.2115360403779194,10.4,0.99498
5,5.431091399614331,-0.4310913996143313,9.3,0.9957
6,5.788463959622081,0.2115360403779194,10.4,0.99498
6,5.820283638755183,0.17971636124481716,10.5,0.99659
6,5.7879450819006095,0.21205491809939048,10.4,0.99628
6,6.080664476401741,-0.08066447640174079,11.3,0.99488
6,5.495588901804506,0.5044110981954937,9.5,0.99677
6,6.3082198104089615,-0.3082198104089615,12.0,0.99408
6,5.852981418647697,0.14701858135230328,10.6,0.996
6,5.950855233135388,0.04914476686461189,10.9,0.99478
6,6.144607178566652,-0.14460717856665184,11.5,0.99734
6,6.144607178566652,-0.14460717856665184,11.5,0.99734
6,5.528047199671726,0.4719528003282738,9.6,0.99678
6,6.307301795978667,-0.3073017959786668,12.0,0.99638
6,5.754317313476536,0.24568268652346426,10.3,0.9992
5,5.46214872763358,-0.46214872763358006,9.4,0.99922
5,5.39854130030408,-0.3985413003040801,9.2,0.99592
5,5.527683985266697,-0.5276839852666972,9.6,0.99769
7,6.828618271297049,0.17138172870295065,13.6,0.99157
5,5.495425255753889,-0.4954252557538892,9.5,0.99718
6,6.243047767180873,-0.2430477671808733,11.8,0.9947
5,5.917822178407462,-0.9178221784074623,10.8,0.99621
5,5.495425255753889,-0.4954252557538892,9.5,0.99718
4,5.430915779462449,-1.430915779462449,9.3,0.99614
6,6.568580691220079,-0.5685806912200793,12.8,0.99242
4,6.145253780034946,-2.1452537800349463,11.5,0.99572
6,5.4631984571777865,0.5368015428222135,9.4,0.99659
6,6.568580691220079,-0.5685806912200793,12.8,0.99242
4,5.527568235621138,-1.5275682356211382,9.6,0.99798
4,6.242975922573285,-2.242975922573285,11.8,0.99488
5,5.431394743513037,-0.43139474351303697,9.3,0.99494
5,5.592768218418845,-0.5927682184188452,9.8,0.99729
6,6.3731204406750495,-0.37312044067504946,12.2,0.99414
5,5.494978222640007,-0.49497822264000657,9.5,0.9983
6,5.755111595527095,0.24488840447290539,10.3,0.99721
5,5.8202996042235355,-0.8202996042235355,10.5,0.99655
5,5.658598837216492,-0.6585988372164922,10.0,0.99502
5,5.8202996042235355,-0.8202996042235355,10.5,0.99655
6,6.0157319151989475,-0.015731915198947455,11.1,0.9949
6,5.950711543920212,0.049288456079787935,10.9,0.99514
6,5.950711543920212,0.049288456079787935,10.9,0.99514
5,5.59316336376058,-0.5931633637605804,9.8,0.9963
5,5.593175337861845,-0.5931753378618447,9.8,0.99627
5,5.496019969450036,-0.49601996945003624,9.5,0.99569
5,5.950256528072153,-0.9502565280721527,10.9,0.99628
5,5.983796486420285,-0.9837964864202853,11.0,0.99358
5,5.398912497443286,-0.39891249744328583,9.2,0.99499
6,5.98269886047102,0.01730113952898016,11.0,0.99633
6,6.080464908047329,-0.08046490804732898,11.3,0.99538
6,6.080464908047329,-0.08046490804732898,11.3,0.99538
5,5.4308439348548605,-0.4308439348548605,9.3,0.99632
4,6.048405746888933,-2.0484057468889327,11.2,0.99437
5,5.5927801925201095,-0.5927801925201095,9.8,0.99726
4,5.527640080228727,-1.5276400802287267,9.6,0.9978
6,6.243103646320108,-0.24310364632010817,11.8,0.99456
6,5.755738240159948,0.24426175984005205,10.3,0.99564
6,5.755738240159948,0.24426175984005205,10.3,0.99564
6,6.112679732522167,-0.11267973252216734,11.4,0.996
6,5.495624824108301,0.504375175891699,9.5,0.99668
8,6.958774763500078,1.0412252364999217,14.0,0.9908
6,6.958758798031726,-0.9587587980317256,14.0,0.99084
6,6.211064441997152,-0.21106444199715213,11.7,0.9935
5,6.048613297977521,-1.0486132979775213,11.2,0.99385
5,5.431394743513037,-0.43139474351303697,9.3,0.99494
6,6.048393772787668,-0.04839377278766843,11.2,0.9944
6,5.495544996766536,0.5044550032334643,9.5,0.99688
4,6.30758917440902,-2.30758917440902,12.0,0.99566
6,5.560677126323742,0.4393228736762582,9.7,0.99636
6,5.495544996766536,0.5044550032334643,9.5,0.99688
7,6.1456209858070645,0.8543790141929355,11.5,0.9948
6,5.78821649486261,0.2117835051373902,10.4,0.9956
6,5.78821649486261,0.2117835051373902,10.4,0.9956
6,5.950292450375947,0.04970754962405266,10.9,0.99619
6,5.722597418520638,0.2774025814793619,10.2,0.99734
5,5.950863215869565,-0.9508632158695649,10.9,0.99476
5,5.819984286223565,-0.8199842862235647,10.5,0.99734
6,6.438388276713255,-0.43838827671325475,12.4,0.99328
5,6.633329649536814,-1.6333296495368144,13.0,0.99286
5,5.721878972444756,-0.7218789724447561,10.2,0.99914
5,5.721878972444756,-0.7218789724447561,10.2,0.99914
5,5.9831458935849025,-0.9831458935849025,11.0,0.99521
6,5.9502166144012705,0.049783385598729524,10.9,0.99638
6,6.4382525702322555,-0.4382525702322555,12.4,0.99362
4,5.560533437108565,-1.5605334371085648,9.7,0.99672
6,5.9502166144012705,0.049783385598729524,10.9,0.99638
5,5.496063874488007,-0.4960638744880068,9.5,0.99558
5,5.496063874488007,-0.4960638744880068,9.5,0.99558
6,6.34102136584577,-0.34102136584577014,12.1,0.99323
6,6.374010515535726,-0.3740105155357263,12.2,0.99191
3,5.950863215869565,-2.950863215869565,10.9,0.99476
6,6.470387567365329,-0.4703875673653286,12.5,0.99444
6,6.21007458295927,-0.21007458295926984,11.7,0.99598
6,6.047850946863668,-0.047850946863667865,11.2,0.99576
5,6.048150299395286,-1.048150299395286,11.2,0.99501
5,5.398708937721786,-0.3987089377217856,9.2,0.9955
5,5.593235208368169,-0.5932352083681689,9.8,0.99612
5,5.689911612729389,-0.6899116127293894,10.1,0.9979
4,6.015596208717947,-2.0155962087179473,11.1,0.99524
5,5.689911612729389,-0.6899116127293894,10.1,0.9979
5,5.398509369367374,-0.3985093693673738,9.2,0.996
5,5.593235208368169,-0.5932352083681689,9.8,0.99612
6,6.568389105599844,-0.5683891055998442,12.8,0.9929
5,5.820790542375389,-0.8207905423753887,10.5,0.99532
6,5.69083760989386,0.30916239010614,10.1,0.99558
6,5.690845592628036,0.3091544073719641,10.1,0.99556
6,5.593219242899815,0.4067807571001847,9.8,0.99616
6,6.471129961643741,-0.471129961643741,12.5,0.99258
6,6.2748395067443585,-0.27483950674435853,11.9,0.99638
6,5.593219242899815,0.4067807571001847,9.8,0.99616
6,5.365839529044478,0.6341604709555222,9.1,0.99652
5,5.68988766452686,-0.6898876645268599,10.1,0.99796
6,6.471129961643741,-0.471129961643741,12.5,0.99258
5,6.113509936876521,-1.113509936876521,11.4,0.99392
7,5.983249669129197,1.0167503308708028,11.0,0.99495
6,5.853460382698286,0.1465396173017144,10.6,0.9948
6,5.853460382698286,0.1465396173017144,10.6,0.9948
6,5.853460382698286,0.1465396173017144,10.6,0.9948
6,5.853460382698286,0.1465396173017144,10.6,0.9948
5,5.431171226956096,-0.43117122695609567,9.3,0.9955
6,5.593219242899815,0.4067807571001847,9.8,0.99616
6,5.593219242899815,0.4067807571001847,9.8,0.99616
5,5.398237956405374,-0.3982379564053744,9.2,0.99668
6,5.560896651513595,0.4391033484864053,9.7,0.99581
5,5.527719907570491,-0.527719907570491,9.6,0.9976
5,5.658175752305139,-0.658175752305139,10.0,0.99608
6,6.503077364523667,-0.5030773645236666,12.6,0.99387
5,5.496502924867713,-0.49650292486771264,9.5,0.99448
5,5.496502924867713,-0.49650292486771264,9.5,0.99448
5,5.496502924867713,-0.49650292486771264,9.5,0.99448
6,5.820766594172859,0.17923340582714076,10.5,0.99538
6,5.820766594172859,0.17923340582714076,10.5,0.99538
6,5.820766594172859,0.17923340582714076,10.5,0.99538
6,5.788100745217051,0.21189925478294924,10.4,0.99589
6,5.820766594172859,0.17923340582714076,10.5,0.99538
5,5.981824751078697,-0.9818247510786966,11.0,0.99852
6,5.723080373938315,0.27691962606168463,10.2,0.99613
5,6.113190627509462,-1.1131906275094616,11.4,0.99472
5,5.495948124842448,-0.49594812484244777,9.5,0.99587
5,5.495948124842448,-0.49594812484244777,9.5,0.99587
5,5.918233289217551,-0.9182332892175511,10.8,0.99518
5,5.65799214941908,-0.6579921494190799,10.0,0.99654
6,6.24359857583905,-0.24359857583904976,11.8,0.99332
5,5.75523532790683,-0.7552353279068296,10.3,0.9969
5,5.75523532790683,-0.7552353279068296,10.3,0.9969
5,5.658335406988669,-0.6583354069886687,10.0,0.99568
5,5.691212798400154,-0.6912127984001541,10.1,0.99464
5,5.691212798400154,-0.6912127984001541,10.1,0.99464
6,6.015101279199006,-0.015101279199005724,11.1,0.99648
5,5.495353411146301,-0.4953534111463007,9.5,0.99736
6,5.66861334414276,0.3313866558572398,10.0333333333333,0.99704
5,5.949973141008888,-0.9499731410088881,10.9,0.99699
5,5.690175042957213,-0.6901750429572129,10.1,0.99724
6,5.66861334414276,0.3313866558572398,10.0333333333333,0.99704
4,5.593075553684639,-1.5930755536846393,9.8,0.99652
6,6.242928026168226,-0.24292802616822584,11.8,0.995
5,5.495457186690595,-0.4954571866905946,9.5,0.9971
5,5.593378897583345,-0.5933788975833449,9.8,0.99576
6,5.820020208527359,0.17997979147264065,10.5,0.99725
6,5.593059588216286,0.4069404117837143,9.8,0.99656
4,5.788871079065081,-1.788871079065081,10.4,0.99396
5,5.398417567924344,-0.39841756792434424,9.2,0.99623
6,6.178099240509726,-0.17809924050972636,11.6,0.99476
5,5.398417567924344,-0.39841756792434424,9.2,0.99623
5,5.430716211108037,-0.43071621110803715,9.3,0.99664
3,5.59379799112761,-2.5937979911276097,9.8,0.99471
5,5.625801273146771,-0.625801273146771,9.9,0.99586
5,5.658766474634198,-0.6587664746341977,10.0,0.9946
6,6.372657442092814,-0.37265744209281415,12.2,0.9953
6,5.6257094717037415,0.37429052829625853,9.9,0.99609
6,5.91807762590111,0.08192237409889014,10.8,0.99557
6,5.91807762590111,0.08192237409889014,10.8,0.99557
5,5.528621956532433,-0.528621956532433,9.6,0.99534
5,5.625693506235389,-0.6256935062353888,9.9,0.99613
5,5.625693506235389,-0.6256935062353888,9.9,0.99613
5,5.495924176639918,-0.4959241766399183,9.5,0.99593
5,5.398237956405374,-0.3982379564053744,9.2,0.99668
5,5.5283186126337265,-0.5283186126337265,9.6,0.9961
5,5.5283186126337265,-0.5283186126337265,9.6,0.9961
5,5.75512356962836,-0.7551235696283598,10.3,0.99718
5,5.561124159437624,-0.5611241594376244,9.7,0.99524
6,6.470994255162741,-0.47099425516274085,12.5,0.99292
5,5.9827826791798735,-0.9827826791798735,11.0,0.99612
5,5.59400155084911,-0.5940015508491099,9.8,0.9942
5,5.723084365305404,-0.7230843653054038,10.2,0.99612
5,5.398233965038286,-0.398233965038286,9.2,0.99669
6,5.511548633459661,0.48845136654033894,9.55,0.99745
5,5.511548633459661,-0.5115486334596611,9.55,0.99745
5,5.625809255880947,-0.6258092558809469,9.9,0.99584
7,5.722892779685168,1.2771072203148321,10.2,0.9966
6,6.01545251950277,-0.015452519502770379,11.1,0.9956
5,5.625665566665771,-0.6256655666657709,9.9,0.9962
5,5.625665566665771,-0.6256655666657709,9.9,0.9962
6,6.274871437681065,-0.2748714376810648,11.9,0.9963
8,5.658207683241844,2.3417923167581556,10.0,0.996
6,5.884445866109946,0.11555413389005409,10.7,0.9985
7,6.080536752654917,0.9194632473450826,11.3,0.9952
6,5.94980949495827,0.05019050504172995,10.9,0.9974
6,5.885842844590829,0.11415715540917137,10.7,0.995
7,6.437701761574078,0.5622982384259219,12.4,0.995
6,5.885842844590829,0.11415715540917137,10.7,0.995
6,6.275949106794888,-0.27594910679488827,11.9,0.9936
6,5.85286167763505,0.14713832236494984,10.6,0.9963
6,5.94980949495827,0.05019050504172995,10.9,0.9974
5,5.690550231463507,-0.690550231463507,10.1,0.9963
5,5.527001461494608,-0.5270014614946081,9.6,0.9994
5,5.463194465810698,-0.4631944658106981,9.4,0.9966
5,5.527001461494608,-0.5270014614946081,9.6,0.9994
7,6.340235066529387,0.6597649334706128,12.1,0.9952
5,5.593682241482051,-0.5936822414820506,9.8,0.995
5,5.625905048691065,-0.6259050486910649,9.9,0.9956
5,5.593682241482051,-0.5936822414820506,9.8,0.995
5,5.46323437948158,-0.4632343794815803,9.4,0.9965
6,6.112839387205697,-0.11283938720569697,11.4,0.9956
4,5.982511266217873,-1.9825112662178732,11.0,0.9968
6,5.527799734912255,0.4722002650877446,9.6,0.9974
6,5.527799734912255,0.4722002650877446,9.6,0.9974
6,6.339476706782622,-0.3394767067826221,12.1,0.9971
5,6.047874895066197,-1.0478748950661974,11.2,0.9957
5,5.982750748243167,-0.9827507482431672,11.0,0.9962
5,6.080217443287858,-1.0802174432878582,11.3,0.996
5,5.78821649486261,-0.7882164948626098,10.4,0.9956
6,5.6258252213493005,0.3741747786506995,9.9,0.9958
6,6.210705218959212,-0.21070521895921157,11.7,0.9944
7,5.690869540830565,1.3091304591694346,10.1,0.9955
6,5.330515429607903,0.6694845703920969,9.0,1.00369
6,5.330515429607903,0.6694845703920969,9.0,1.00369
5,5.1700200554615074,-0.17002005546150745,8.5,0.99914
5,6.01538466626227,-1.0153846662622703,11.1,0.99577
5,5.755594550944771,-0.755594550944771,10.3,0.996
6,6.004607808222149,-0.00460780822214879,11.0666666666667,0.99566
7,6.080736321009329,0.9192636789906707,11.3,0.9947
6,5.517086738745538,0.48291326125446243,9.56666666666667,0.99713
5,5.592836071659344,-0.5928360716593444,9.8,0.99712
5,6.211176200275623,-1.2111762002756228,11.7,0.99322
6,6.015428571300241,-0.01542857130024089,11.1,0.99566
6,5.5279075018236385,0.47209249817636145,9.6,0.99713
5,5.592836071659344,-0.5928360716593444,9.8,0.99712
5,5.560417687463007,-0.5604176874630067,9.7,0.99701
5,5.560489532070594,-0.5604895320705943,9.7,0.99683
8,6.0807283382751525,1.9192716617248475,11.3,0.99472
7,6.080736321009329,0.9192636789906707,11.3,0.9947
7,5.982303715129285,1.0176962848707154,11.0,0.99732
7,6.178506359952727,0.8214936400472732,11.6,0.99374
5,5.333161705987404,-0.33316170598740413,9.0,0.99706
6,5.9488755150596235,0.05112448494037647,10.9,0.99974
6,5.950899138173359,0.04910086182664131,10.9,0.99467
6,5.838203131650662,0.16179686834933804,10.55,0.99236
5,5.333161705987404,-0.33316170598740413,9.0,0.99706
5,5.820507155312124,-0.8205071553121241,10.5,0.99603
7,6.275557952820241,0.7244420471797586,11.9,0.99458
6,5.7875619106601395,0.21243808933986053,10.4,0.99724
4,5.657952235748198,-1.6579522357481977,10.0,0.99664
6,5.788276365368933,0.21172363463106691,10.4,0.99545
6,5.9182173237491975,0.08178267625080249,10.8,0.99522
5,5.560900642880683,-0.5609006428806831,9.7,0.9958
5,5.560900642880683,-0.5609006428806831,9.7,0.9958
7,5.65769678825455,1.3423032117454499,10.0,0.99728
4,5.982638989964697,-1.9826389899646966,11.0,0.99648
7,5.65769678825455,1.3423032117454499,10.0,0.99728
3,5.560401721994653,-2.560401721994653,9.7,0.99705
5,5.560908625614859,-0.560908625614859,9.7,0.99578
5,6.503288906979344,-1.5032889069793436,12.6,0.99334
6,6.015069348262299,-0.015069348262299442,11.1,0.99656
5,5.983884296496226,-0.9838842964962264,11.0,0.99336
5,5.266097754759492,-0.2660977547594916,8.8,1.00242
7,6.817697724041751,0.1823022759582491,13.5666666666667,0.99182
5,5.266097754759492,-0.2660977547594916,8.8,1.00242
7,6.828518487119843,0.171481512880157,13.6,0.99182
3,5.722302057356109,-2.722302057356109,10.2,0.99808
5,5.852071386951579,-0.8520713869515788,10.6,0.99828
4,5.691077091919154,-1.691077091919154,10.1,0.99498
5,5.852071386951579,-0.8520713869515788,10.6,0.99828
4,5.755119578261271,-1.7551195782612714,10.3,0.99719
5,5.885675207173123,-0.8856752071731231,10.7,0.99542
4,5.95040021728733,-1.9504002172873296,10.9,0.99592
5,5.560796867336388,-0.5607968673363883,9.7,0.99606
5,5.755810084767536,-0.7558100847675364,10.3,0.99546
5,5.853396520824874,-0.8533965208248739,10.6,0.99496
5,6.11339817859805,-1.1133981785980502,11.4,0.9942
6,5.918512684913727,0.08148731508627272,10.8,0.99448
6,6.438324414839843,-0.4383244148398431,12.4,0.99344
5,6.11339817859805,-1.1133981785980502,11.4,0.9942
5,6.2922281478171005,-1.2922281478171005,11.95,0.99348
5,5.560677126323742,-0.5606771263237418,9.7,0.99636
7,5.658770466001286,1.341229533998714,10.0,0.99459
6,5.853412486293227,0.14658751370677336,10.6,0.99492
5,5.560677126323742,-0.5606771263237418,9.7,0.99636
6,6.145509227528594,-0.14550922752859385,11.5,0.99508
6,5.9179778417239035,0.08202215827609649,10.8,0.99582
6,6.145509227528594,-0.14550922752859385,11.5,0.99508
5,5.528725732076727,-0.5287257320767269,9.6,0.99508
5,5.463266310418287,-0.4632663104182866,9.4,0.99642
5,5.593131432823874,-0.5931314328238741,9.8,0.99638
6,5.983010187103902,0.01698981289609769,11.0,0.99555
6,6.112659775686726,-0.11265977568672625,11.4,0.99605
3,5.64197653862469,-2.6419765386246903,9.95,0.996
6,5.918057669065669,0.08194233093433123,10.8,0.99562
6,6.112659775686726,-0.11265977568672625,11.4,0.99605
6,5.852127266090815,0.14787273390918543,10.6,0.99814
5,6.016051224566006,-1.0160512245660058,11.1,0.9941
6,5.560577342146535,0.43942265785346457,9.7,0.99661
5,5.592836071659344,-0.5928360716593444,9.8,0.99712
6,5.788104736584139,0.21189526341586085,10.4,0.99588
6,5.821740487742389,0.17825951225761116,10.5,0.99294
6,5.408364221610124,0.5916357783898762,9.23333333333333,0.99842
6,5.413774603149176,0.586225396850824,9.25,0.99842
5,5.852849703533785,-0.852849703533785,10.6,0.99633
6,5.756037592691565,0.24396240730843477,10.3,0.99489
5,5.820331535160242,-0.8203315351602418,10.5,0.99647
5,5.722872822849727,-0.7228728228497268,10.2,0.99665
6,5.756037592691565,0.24396240730843477,10.3,0.99489
4,5.349875806022236,-1.3498758060222356,9.05,0.99585
5,5.852849703533785,-0.852849703533785,10.6,0.99633
5,5.788336235875257,-0.7883362358752573,10.4,0.9953
6,5.658519009874727,0.3414809901252731,10.0,0.99522
5,5.561012401159154,-0.5610124011591537,9.7,0.99552
6,5.528546120557756,0.4714538794422438,9.6,0.99553
6,5.9182652201542565,0.08173477984574351,10.8,0.9951
6,5.690214956628095,0.30978504337190493,10.1,0.99714
6,5.7231003307737565,0.27689966922624354,10.2,0.99608
6,6.080840096553623,-0.08084009655362312,11.3,0.99444
5,5.723008529330727,-0.7230085293307269,10.2,0.99631
6,5.625853160918918,0.3741468390810816,9.9,0.99573
5,5.3331178009494336,-0.33311780094943355,9.0,0.99717
7,6.2108768477440055,0.7891231522559945,11.7,0.99397
6,5.560860729209801,0.4391392707901991,9.7,0.9959
6,5.755881929375124,0.244118070624876,10.3,0.99528
6,5.723595260292698,0.27640473970730195,10.2,0.99484
5,6.30770093268749,-1.3077009326874904,12.0,0.99538
5,5.625290378159477,-0.6252903781594767,9.9,0.99714
6,6.1774207081047265,-0.17742070810472654,11.6,0.99646
7,5.9501048561228,1.0498951438772002,10.9,0.99666
6,5.902185747486454,0.0978142525135457,10.75,0.99472
6,5.787426204179139,0.21257379582086067,10.4,0.99758
7,6.047954722407962,0.9520452775920383,11.2,0.9955
6,5.690945376805242,0.30905462319475774,10.1,0.99531
5,5.723232045887668,-0.7232320458876682,10.2,0.99575
5,6.34108921908627,-1.3410892190862702,12.1,0.99306
5,5.787326420001933,-0.787326420001933,10.4,0.99783
8,6.113402169965139,1.8865978300348614,11.4,0.99419
5,5.495165816893153,-0.4951658168931532,9.5,0.99783
5,5.462763398165169,-0.4627633981651691,9.4,0.99768
6,6.080273322427094,-0.08027332242709395,11.3,0.99586
5,5.462775372266433,-0.4627753722664334,9.4,0.99765
6,5.982722808673549,0.01727719132645067,11.0,0.99627
7,5.837093531600132,1.1629064683998678,10.55,0.99514
5,5.625601704792359,-0.6256017047923592,9.9,0.99636
6,5.982722808673549,0.01727719132645067,11.0,0.99627
5,5.4951498514248005,-0.4951498514248005,9.5,0.99787
5,5.625657583931594,-0.6256575839315941,9.9,0.99622
5,5.625657583931594,-0.6256575839315941,9.9,0.99622
5,5.625657583931594,-0.6256575839315941,9.9,0.99622
5,5.690885506298919,-0.690885506298919,10.1,0.99546
5,5.690885506298919,-0.690885506298919,10.1,0.99546
5,5.690885506298919,-0.690885506298919,10.1,0.99546
6,5.9508113280974175,0.04918867190258247,10.9,0.99489
6,6.048178238964903,-0.04817823896490303,11.2,0.99494
5,5.690885506298919,-0.690885506298919,10.1,0.99546
5,5.398393619721816,-0.39839361972181564,9.2,0.99629
6,6.1459562606424765,-0.14595626064247647,11.5,0.99396
6,6.438340380308197,-0.43834038030819666,12.4,0.9934
6,6.0156361223888295,-0.0156361223888295,11.1,0.99514
5,5.495768513323477,-0.49576851332347704,9.5,0.99632
6,6.470295765922299,-0.47029576592229905,12.5,0.99467
6,5.820211794147594,0.17978820585240562,10.5,0.99677
6,6.243031801712521,-0.2430318017125206,11.8,0.99474
6,5.917953893521374,0.08204610647862598,10.8,0.99588
6,6.27490336861777,-0.2749033686177702,11.9,0.99622
6,6.080456925313153,-0.08045692531315307,11.3,0.9954
5,6.0810077339713295,-1.0810077339713295,11.3,0.99402
6,6.2755100564151824,-0.27551005641518245,11.9,0.9947
5,6.0810077339713295,-1.0810077339713295,11.3,0.99402
5,6.275941124060712,-1.2759411240607124,11.9,0.99362
5,5.593370914849168,-0.5933709148491682,9.8,0.99578
7,6.178067309573021,0.821932690426979,11.6,0.99484
6,6.145565106667829,-0.14556510666782874,11.5,0.99494
6,6.113110800167697,-0.11311080016769726,11.4,0.99492
6,5.950835276299947,0.04916472370005298,10.9,0.99483
6,6.567894176080903,-0.5678941760809026,12.8,0.99414
5,5.397830836962374,-0.397830836962374,9.2,0.9977
6,6.178745841978021,-0.1787458419780208,11.6,0.99314
6,6.178394601674256,-0.17839460167425614,11.6,0.99402
6,5.982934351129226,0.017065648870773664,11.0,0.99574
6,5.495692677348801,0.5043073226511989,9.5,0.99651
5,5.820958179793095,-0.8209581797930952,10.5,0.9949
6,6.0481063943573155,-0.04810639435731545,11.2,0.99512
6,5.982934351129226,0.017065648870773664,11.0,0.99574
5,5.723343804166139,-0.7233438041661389,10.2,0.99547
6,5.983034135306432,0.0169658646935682,11.0,0.99549
6,5.266664528886021,0.7333354711139792,8.8,1.001
6,5.496694510487948,0.5033054895120523,9.5,0.994
6,5.691029195514095,0.30897080448590497,10.1,0.9951
6,5.625905048691065,0.3740949513089351,9.9,0.9956
6,5.625905048691065,0.3740949513089351,9.9,0.9956
6,5.691029195514095,0.30897080448590497,10.1,0.9951
6,5.528797576684315,0.4712024233156846,9.6,0.9949
6,5.266664528886021,0.7333354711139792,8.8,1.001
6,5.496694510487948,0.5033054895120523,9.5,0.994
6,5.983708676344344,0.016291323655655887,11.0,0.9938
5,6.309528978813903,-1.309528978813903,12.0,0.9908
5,5.561339693260389,-0.5613396932603889,9.7,0.9947
5,5.9195025439516105,-0.9195025439516105,10.8,0.992
7,6.439218481067608,0.5607815189323917,12.4,0.9912
5,5.559144441361859,-0.5591444413618589,9.7,1.0002
7,6.114515761382757,0.8854842386172432,11.4,0.9914
6,5.529635763772845,0.4703642362271552,9.6,0.9928
8,6.569865911422491,1.4301340885775087,12.8,0.9892
6,6.0819337311358,-0.08193373113580016,11.3,0.9917
5,5.496095805424712,-0.4960958054247122,9.5,0.9955
8,6.569865911422491,1.4301340885775087,12.8,0.9892
7,5.984746431787285,1.0152535682127146,11.0,0.9912
8,5.82171653953986,2.1782834604601398,10.5,0.993
5,5.431889673031979,-0.43188967303197856,9.3,0.9937
6,5.658566906279786,0.34143309372021413,10.0,0.9951
6,5.788256408533492,0.211743591466508,10.4,0.9955
6,5.659405093368315,0.3405949066316847,10.0,0.993
6,5.820479215742506,0.17952078425749374,10.5,0.9961
6,6.179440339851374,-0.1794403398513742,11.6,0.9914
7,6.406995673858594,0.593004326141406,12.3,0.9906
6,5.657648891849492,0.34235110815050795,10.0,0.9974
6,5.724170017153404,0.275829982846596,10.2,0.9934
6,5.9195025439516105,0.08049745604838954,10.8,0.992
6,5.334422977987288,0.6655770220127124,9.0,0.9939
5,5.7230524343686975,-0.7230524343686975,10.2,0.9962
5,6.569347033701021,-1.5693470337010211,12.8,0.9905
5,5.659245438684787,-0.6592454386847866,10.0,0.9934
6,6.049910492281198,-0.049910492281197705,11.2,0.9906
5,5.202179000797109,-0.20217900079710915,8.6,0.9999
5,5.202179000797109,-0.20217900079710915,8.6,0.9999
6,5.464351962266287,0.5356480377337132,9.4,0.9937
6,5.464351962266287,0.5356480377337132,9.4,0.9937
6,5.593522586798522,0.4064774132014781,9.8,0.9954
6,5.4969339925132426,0.5030660074867574,9.5,0.9934
6,5.4969339925132426,0.5030660074867574,9.5,0.9934
7,5.659365179697433,1.3406348203025669,10.0,0.9931
4,5.594081378190874,-1.5940813781908743,9.8,0.994
5,5.594121291861757,-0.5941212918617573,9.8,0.9939
6,5.593522586798522,0.4064774132014781,9.8,0.9954
5,5.593682241482051,-0.5936822414820506,9.8,0.995
6,6.211782888073035,-0.21178288807303502,11.7,0.9917
7,5.984666604445521,1.015333395554479,11.0,0.9914
7,5.952363969894742,1.0476360301052576,10.9,0.991
6,5.952324056223859,0.047675943776140706,10.9,0.9911
6,5.367244490259537,0.6327555097404627,9.1,0.993
6,5.984906086470815,0.015093913529184988,11.0,0.9908
6,5.528278698962844,0.4717213010371557,9.6,0.9962
6,5.30064353761386,0.6993564623861399,8.9,0.9972
6,5.724289758166051,0.27571024183394943,10.2,0.9931
6,5.627102458817536,0.3728975411824642,9.9,0.9926
6,5.204094856999463,0.795905143000537,8.6,0.9951
6,5.30064353761386,0.6993564623861399,8.9,0.9972
5,5.8225148129575075,-0.8225148129575075,10.5,0.991
6,5.724289758166051,0.27571024183394943,10.2,0.9931
6,5.756911702083889,0.24308829791611064,10.3,0.9927
5,5.367084835576008,-0.3670848355760077,9.1,0.9934
7,6.504502282574167,0.4954977174258328,12.6,0.9903
5,5.594879651608522,-0.5948796516085224,9.8,0.992
8,5.8868007726920055,2.1131992273079945,10.7,0.9926
5,5.495816409728536,-0.495816409728536,9.5,0.9962
6,5.333744445582287,0.6662555544177131,9.0,0.9956
5,5.495976064412066,-0.49597606441206565,9.5,0.9958
5,5.658048028558316,-0.6580480285583157,10.0,0.9964
6,5.366805439879831,0.6331945601201694,9.1,0.9941
8,5.8868007726920055,2.1131992273079945,10.7,0.9926
5,5.495816409728536,-0.495816409728536,9.5,0.9962
7,6.537164140162888,0.46283585983711184,12.7,0.9898
7,6.309369324130373,0.6906306758696266,12.0,0.9912
5,5.430931744930802,-0.43093174493080166,9.3,0.9961
5,5.334023841278464,-0.33402384127846396,9.0,0.9949
6,5.854218742445051,0.1457812575549493,10.6,0.9929
6,5.397511527595315,0.6024884724046853,9.2,0.9985
5,5.658766474634198,-0.6587664746341977,10.0,0.9946
6,5.495656755045006,0.5043432449549936,9.5,0.9966
5,5.235639131803477,-0.2356391318034774,8.7,0.9974
6,5.235599218132595,0.7644007818674048,8.7,0.9975
6,5.235639131803477,0.7643608681965226,8.7,0.9974
6,5.56034185148833,0.4396581485116702,9.7,0.9972
5,5.235639131803477,-0.2356391318034774,8.7,0.9974
6,5.235599218132595,0.7644007818674048,8.7,0.9975
6,5.235639131803477,0.7643608681965226,8.7,0.9974
5,5.333704531911405,-0.3337045319114047,9.0,0.9957
7,6.504622023586815,0.4953779764131854,12.6,0.99
7,6.504661937257697,0.4953380627423032,12.6,0.9899
7,6.1468982232753,0.8531017767247002,11.5,0.9916
6,5.398150146329433,0.6018498536705668,9.2,0.9969
6,5.267901852683375,0.7320981473166253,8.8,0.9979
7,6.114555675053639,0.885444324946361,11.4,0.9913
4,5.690829627159683,-1.6908296271596832,10.1,0.9956
6,5.267901852683375,0.7320981473166253,8.8,0.9979
5,5.36544837506983,-0.3654483750698301,9.1,0.9975
5,5.463354120494228,-0.46335412049422775,9.4,0.9962
5,5.4630348111271685,-0.4630348111271685,9.4,0.997
5,5.331988244063463,-0.3319882440634627,9.0,1.0
5,5.36544837506983,-0.3654483750698301,9.1,0.9975
6,5.3979505779750205,0.6020494220249795,9.2,0.9974
5,5.463354120494228,-0.46335412049422775,9.4,0.9962
6,5.364849670006595,0.6351503299934054,9.1,0.999
6,5.364849670006595,0.6351503299934054,9.1,0.999
5,5.756911702083889,-0.7569117020838894,10.3,0.9927
6,5.268700126101022,0.731299873898978,8.8,0.9959
5,5.299525954829154,-0.29952595482915356,8.9,1.0
5,5.397631268607962,-0.39763126860796216,9.2,0.9982
5,5.365727770766007,-0.36572777076600715,9.1,0.9968
5,5.365727770766007,-0.36572777076600715,9.1,0.9968
4,5.561619088956565,-1.561619088956565,9.7,0.994
6,6.082053472148448,-0.0820534721484476,11.3,0.9914
6,6.244484659332638,-0.2444846593326382,11.8,0.9911
5,5.397631268607962,-0.39763126860796216,9.2,0.9982
5,5.397631268607962,-0.39763126860796216,9.2,0.9982
5,5.724170017153404,-0.724170017153404,10.2,0.9934
5,5.267702284328962,-0.26770228432896204,8.8,0.9984
5,5.561140124905977,-0.5611401249059771,9.7,0.9952
6,5.366366389500125,0.6336336104998752,9.1,0.9952
6,5.594560342241463,0.40543965775853685,9.8,0.9928
6,5.984746431787285,0.015253568212714619,11.0,0.9912
5,5.821317402831036,-0.8213174028310357,10.5,0.994
7,5.560900642880683,1.439099357119317,9.7,0.9958
7,5.951805178502389,1.048194821497611,10.9,0.9924
6,5.951805178502389,0.048194821497610896,10.9,0.9924
5,5.853779692065344,-0.853779692065344,10.6,0.994
7,5.560900642880683,1.439099357119317,9.7,0.9958
5,5.332826431151993,-0.33282643115199306,9.0,0.9979
5,5.397631268607962,-0.39763126860796216,9.2,0.9982
5,5.301082587993566,-0.3010825879935659,8.9,0.9961
5,5.5276001665578445,-0.5276001665578445,9.6,0.9979
6,5.8870402547173,0.11295974528269959,10.7,0.992
5,5.235599218132595,-0.2355992181325952,8.7,0.9975
7,5.919622284964257,1.080377715035743,10.8,0.9917
6,6.24400569528205,-0.24400569528205018,11.8,0.9923
5,5.72444941284958,-0.7244494128495802,10.2,0.9927
5,5.235599218132595,-0.2355992181325952,8.7,0.9975
6,5.9195025439516105,0.08049745604838954,10.8,0.992
6,5.561339693260389,0.4386603067396111,9.7,0.9947
6,6.049311787217962,-0.049311787217962255,11.2,0.9921
6,5.952563538249154,0.047436461750845815,10.9,0.9905
6,5.692346346653213,0.3076536533467866,10.1,0.9918
4,5.333944013936699,-1.3339440139366987,9.0,0.9951
7,6.309169755775962,0.6908302442240384,12.0,0.9917
6,5.464232221253639,0.5357677787463606,9.4,0.994
7,6.146179777199418,0.8538202228005822,11.5,0.9934
6,5.625426084640477,0.3745739153595231,9.9,0.9968
6,5.464232221253639,0.5357677787463606,9.4,0.994
5,5.789693300685258,-0.7896933006852578,10.4,0.9919
6,5.560581333513624,0.4394186664863762,9.7,0.9966
6,5.300364141917683,0.699635858082317,8.9,0.9979
6,5.300364141917683,0.699635858082317,8.9,0.9979
7,6.439777272459962,0.5602227275400384,12.4,0.9898
8,6.342550059440565,1.6574499405594354,12.1,0.9894
8,6.342550059440565,1.6574499405594354,12.1,0.9894
7,6.439777272459962,0.5602227275400384,12.4,0.9898
5,5.365248806715418,-0.36524880671541826,9.1,0.998
5,5.854099001432403,-0.8540990014324032,10.6,0.9932
6,5.300364141917683,0.699635858082317,8.9,0.9979
5,5.495497100361477,-0.49549710036147676,9.5,0.997
5,5.592804140722639,-0.592804140722639,9.8,0.9972
6,5.527799734912255,0.4722002650877446,9.6,0.9974
7,6.504781678270343,0.49521832172965663,12.6,0.9896
5,5.4306523492346255,-0.4306523492346255,9.3,0.9968
5,5.65828751058361,-0.6582875105836097,10.0,0.9958
6,6.536844830795829,-0.5368448307958289,12.7,0.9906
6,5.984546863432874,0.015453136567126435,11.0,0.9917
4,6.114994725433345,-2.1149947254333448,11.4,0.9902
7,6.146818395933535,0.8531816040664646,11.5,0.9918
5,5.721934851583991,-0.721934851583991,10.2,0.999
6,6.113996883661286,-0.11399688366128569,11.4,0.9927
4,6.504222886877991,-2.504222886877991,12.6,0.991
5,5.462954983785404,-0.4629549837854041,9.4,0.9972
4,5.237355419651419,-1.2373554196514194,8.7,0.9931
6,5.398908506076197,0.6010914939238026,9.2,0.995
6,5.431330881639625,0.5686691183603747,9.3,0.9951
5,5.399467297468551,-0.3994672974685507,9.2,0.9936
5,5.2342022396517125,-0.2342022396517125,8.7,1.001
6,5.5276001665578445,0.4723998334421555,9.6,0.9979
5,5.43057252189286,-0.4305725218928602,9.3,0.997
5,5.430492694551096,-0.43049269455109584,9.3,0.9972
6,5.62598487603283,0.37401512396716985,9.9,0.9954
5,5.984267467736697,-0.9842674677366974,11.0,0.9924
8,6.536844830795829,1.463155169204171,12.7,0.9906
4,5.301042674322684,-1.3010426743226837,8.9,0.9962
6,5.301042674322684,0.6989573256773163,8.9,0.9962
5,5.2342022396517125,-0.2342022396517125,8.7,1.001
6,6.1139569699904035,-0.1139569699904035,11.4,0.9928
5,5.529076972380492,-0.5290769723804916,9.6,0.9942
5,5.366765526208948,-0.3667655262089484,9.1,0.9942
6,5.366765526208948,0.6332344737910516,9.1,0.9942
5,5.366765526208948,-0.3667655262089484,9.1,0.9942
5,5.301082587993566,-0.3010825879935659,8.9,0.9961
5,5.267861939012492,-0.26786193901249167,8.8,0.998
5,5.301082587993566,-0.3010825879935659,8.9,0.9961
5,5.430013730500507,-0.43001373050050695,9.3,0.9984
5,5.267861939012492,-0.26786193901249167,8.8,0.998
5,5.5278396485831385,-0.5278396485831385,9.6,0.9973
6,6.307892518307726,-0.30789251830772635,12.0,0.9949
4,5.724569153862228,-1.7245691538622276,10.2,0.9924
5,5.268181248379551,-0.26818124837955093,8.8,0.9972
5,5.398589196709139,-0.39858919670913906,9.2,0.9958
4,5.625426084640477,-1.6254260846404769,9.9,0.9968
5,5.724010362469874,-0.7240103624698744,10.2,0.9938
6,5.497093647196772,0.5029063528032278,9.5,0.993
5,5.821317402831036,-0.8213174028310357,10.5,0.994
7,6.04943152823061,0.9505684717693903,11.2,0.9918
5,5.398589196709139,-0.39858919670913906,9.2,0.9958
6,5.561459434273036,0.43854056572696365,9.7,0.9944
7,6.0172087210215945,0.9827912789784055,11.1,0.9912
5,5.46339403416511,-0.46339403416510994,9.4,0.9961
5,5.983668762673462,-0.9836687626734619,11.0,0.9939
5,5.46339403416511,-0.46339403416510994,9.4,0.9961
5,5.462276451380403,-0.4622764513804034,9.4,0.9989
5,5.983708676344344,-0.9837086763443441,11.0,0.9938
5,5.983668762673462,-0.9836687626734619,11.0,0.9939
6,5.36560802975336,0.6343919702466403,9.1,0.9971
7,6.0172087210215945,0.9827912789784055,11.1,0.9912
6,5.367005008234242,0.6329949917657576,9.1,0.9936
6,5.789294163976434,0.21070583602356585,10.4,0.9929
5,5.234681203702301,-0.2346812037023014,8.7,0.9998
6,5.56169891629833,0.43830108370166965,9.7,0.9938
6,5.365687857095125,0.634312142904875,9.1,0.9969
6,5.56169891629833,0.43830108370166965,9.7,0.9938
5,5.234681203702301,-0.2346812037023014,8.7,0.9998
4,5.30064353761386,-1.30064353761386,8.9,0.9972
6,5.527719907570491,0.47228009242950897,9.6,0.9976
6,5.495257618336183,0.5047423816638172,9.5,0.9976
6,5.332826431151993,0.6671735688480069,9.0,0.9979
6,5.332826431151993,0.6671735688480069,9.0,0.9979
6,5.332826431151993,0.6671735688480069,9.0,0.9979
6,5.332826431151993,0.6671735688480069,9.0,0.9979
6,5.527879562254021,0.47212043774597934,9.6,0.9972
7,6.0169692389963005,0.9830307610036995,11.1,0.9918
6,5.527480425545197,0.47251957445480297,9.6,0.9982
5,5.235200081423772,-0.23520008142377158,8.7,0.9985
5,5.788695458913199,-0.7886954589131987,10.4,0.9944
7,6.114954811762463,0.8850451882375374,11.4,0.9903
6,5.56185857098186,0.43814142901814,9.7,0.9934
5,5.235599218132595,-0.2355992181325952,8.7,0.9975
6,6.081694249110506,-0.08169424911050616,11.3,0.9923
7,6.504622023586815,0.4953779764131854,12.6,0.99
7,5.952563538249154,1.0474364617508458,10.9,0.9905
7,5.952563538249154,1.0474364617508458,10.9,0.9905
5,5.658207683241844,-0.6582076832418444,10.0,0.996
4,5.658048028558316,-1.6580480285583157,10.0,0.9964
3,5.59248483135558,-2.5924848313555797,9.8,0.998
5,5.235599218132595,-0.2355992181325952,8.7,0.9975
3,6.211942542756565,-3.2119425427565647,11.7,0.9913
6,5.43208924138639,0.5679107586136096,9.3,0.9932
8,5.529356368076668,2.4706436319233323,9.6,0.9935
7,5.98414772672405,1.01585227327595,11.0,0.9927
7,5.98414772672405,1.01585227327595,11.0,0.9927
6,6.244444745661756,-0.244444745661756,11.8,0.9912
4,6.11491489809158,-2.1149148980915804,11.4,0.9904
6,5.723970448798992,0.2760295512010078,10.2,0.9939
5,5.299685609512683,-0.2996856095126832,8.9,0.9996
5,5.72377088044458,-0.7237708804445804,10.2,0.9944
6,5.527679993899609,0.47232000610039115,9.6,0.9977
6,5.8548972748500505,0.14510272514994949,10.6,0.9912
5,5.299685609512683,-0.2996856095126832,8.9,0.9996
6,5.398309801012962,0.601690198987038,9.2,0.9965
5,5.561459434273036,-0.5614594342730364,9.7,0.9944
6,5.561419520602153,0.4385804793978467,9.7,0.9945
6,5.561459434273036,0.43854056572696365,9.7,0.9944
6,5.398309801012962,0.601690198987038,9.2,0.9965
5,5.561459434273036,-0.5614594342730364,9.7,0.9944
5,5.430492694551096,-0.43049269455109584,9.3,0.9972
5,5.334023841278464,-0.33402384127846396,9.0,0.9949
5,5.495656755045006,-0.4956567550450064,9.5,0.9966
6,5.593522586798522,0.4064774132014781,9.8,0.9954
6,5.593522586798522,0.4064774132014781,9.8,0.9954
5,5.854777533837403,-0.8547775338374031,10.6,0.9915
4,5.854617879153874,-1.8546178791538743,10.6,0.9919
7,6.439058826384079,0.5609411736159213,12.4,0.9916
8,6.504622023586815,1.4953779764131854,12.6,0.99
8,6.4068759328459475,1.5931240671540525,12.3,0.9909
4,5.821397230172801,-1.821397230172801,10.5,0.9938
5,5.430093557842272,-0.4300935578422722,9.3,0.9982
5,5.267542629645433,-0.2675426296454333,8.8,0.9988
5,5.268620298759257,-0.26862029875925675,8.8,0.9961
6,5.560102369463036,0.4398976305369642,9.7,0.9978
7,5.332826431151993,1.667173568848007,9.0,0.9979
7,5.332826431151993,1.667173568848007,9.0,0.9979
7,5.332826431151993,1.667173568848007,9.0,0.9979
7,5.332826431151993,1.667173568848007,9.0,0.9979
6,5.821117834476624,0.1788821655233761,10.5,0.9945
5,5.364450533297771,-0.364450533297771,9.1,1.0
7,5.593402845785874,1.4065971542141256,9.8,0.9957
3,5.170954035360155,-2.170954035360155,8.5,0.9968
6,5.464471703278934,0.5355282967210657,9.4,0.9934
5,5.4627953291018745,-0.4627953291018745,9.4,0.9976
7,6.048872736838256,0.9511272631617436,11.2,0.9932
6,5.657808546533021,0.3421914534669792,10.0,0.997
6,5.757071356767419,0.242928643232581,10.3,0.9923
6,5.9197420259769045,0.08025797402309554,10.8,0.9914
6,5.822115676248684,0.17788432375131613,10.5,0.992
6,5.9197420259769045,0.08025797402309554,10.8,0.9914
6,6.01712889367983,-0.01712889367983017,11.1,0.9914
6,5.626184444387242,0.37381555561275803,9.9,0.9949
6,5.626184444387242,0.37381555561275803,9.9,0.9949
5,5.626144530716359,-0.6261445307163589,9.9,0.995
6,5.626144530716359,0.3738554692836411,9.9,0.995
7,5.7893739913181985,1.2106260086818015,10.4,0.9927
6,5.789334077647316,0.21066592235268367,10.4,0.9928
7,6.146858309604418,0.8531416903955824,11.5,0.9917
8,6.4714412882766235,1.5285587117233765,12.5,0.9918
6,5.658447165267139,0.3415528347328607,10.0,0.9954
6,5.6589660429886095,0.3410339570113905,10.0,0.9941
5,5.6589660429886095,-0.6589660429886095,10.0,0.9941
6,5.367084835576008,0.6329151644239923,9.1,0.9934
6,5.854298569786815,0.14570143021318493,10.6,0.9927
5,5.821397230172801,-0.821397230172801,10.5,0.9938
7,6.1462196908703,0.8537803091297,11.5,0.9933
6,5.691707727919096,0.30829227208090426,10.1,0.9934
7,5.756911702083889,1.2430882979161106,10.3,0.9927
5,5.821397230172801,-0.821397230172801,10.5,0.9938
6,5.854298569786815,0.14570143021318493,10.6,0.9927
6,5.788615631571433,0.21138436842856656,10.4,0.9946
5,6.113877142648638,-1.1138771426486382,11.4,0.993
5,5.821077920805742,-0.8210779208057417,10.5,0.9946
6,5.657569064507727,0.3424309354922732,10.0,0.9976
6,5.658846301975963,0.34115369802403706,10.0,0.9944
6,5.527640080228727,0.47235991977127334,9.6,0.9978
5,5.789653387014376,-0.7896533870143756,10.4,0.992
8,6.4716807703019175,1.5283192296980825,12.5,0.9912
5,5.854298569786815,-0.8542985697868151,10.6,0.9927
6,6.24468422768705,-0.24468422768705,11.8,0.9906
5,5.593522586798522,-0.5935225867985219,9.8,0.9954
5,5.919382802938963,-0.919382802938963,10.8,0.9923
6,6.24468422768705,-0.24468422768705,11.8,0.9906
6,6.049750837597669,-0.04975083759766896,11.2,0.991
6,5.430492694551096,0.5695073054489042,9.3,0.9972
5,5.788655545242316,-0.7886555452423156,10.4,0.9945
7,5.724170017153404,1.275829982846596,10.2,0.9934
7,5.3334251362152285,1.6665748637847715,9.0,0.9964
6,5.658686647292433,0.3413133527075667,10.0,0.9948
6,5.365967252791301,0.6340327472086988,9.1,0.9962
5,5.659365179697433,-0.6593651796974331,10.0,0.9931
6,5.659405093368315,0.3405949066316847,10.0,0.993
6,5.529076972380492,0.47092302761950844,9.6,0.9942
7,6.049910492281198,0.9500895077188023,11.2,0.9906
6,5.267263233949256,0.7327367660507438,8.8,0.9995
6,5.657409409824197,0.34259059017580284,10.0,0.998
5,5.657808546533021,-0.6578085465330208,10.0,0.997
7,6.114515761382757,0.8854842386172432,11.4,0.9914
7,6.276587725529007,0.7234122744709932,11.9,0.992
6,5.5297954184563745,0.47020458154362554,9.6,0.9924
7,6.276587725529007,0.7234122744709932,11.9,0.992
6,5.529276540734903,0.4707234592650966,9.6,0.9937
6,5.332866344822875,0.6671336551771248,9.0,0.9978
6,5.332866344822875,0.6671336551771248,9.0,0.9978
6,5.497213388209419,0.5027866117905813,9.5,0.9927
6,5.788855113596727,0.21114488640327256,10.4,0.994
6,5.853979260419756,0.1460207395802442,10.6,0.9935
6,5.7228129523434035,0.2771870476565965,10.2,0.9968
5,5.301880861411213,-0.3018808614112132,8.9,0.9941
6,5.561539261614801,0.4384607383851993,9.7,0.9942
6,5.332866344822875,0.6671336551771248,9.0,0.9978
7,6.114156538344815,0.8858434616551847,11.4,0.9923
7,6.4067561918333,0.5932438081667,12.3,0.9912
6,5.919382802938963,0.08061719706103698,10.8,0.9923
6,5.4647510989751105,0.5352489010248895,9.4,0.9927
6,5.854138915103285,0.14586108489671457,10.6,0.9931
5,6.17836267073755,-1.1783626707375499,11.6,0.9941
6,5.4647510989751105,0.5352489010248895,9.4,0.9927
6,5.854138915103285,0.14586108489671457,10.6,0.9931
5,5.659245438684787,-0.6592454386847866,10.0,0.9934
6,5.399467297468551,0.6005327025314493,9.2,0.9936
7,6.4724391300486825,0.5275608699513175,12.5,0.9893
7,6.4724391300486825,0.5275608699513175,12.5,0.9893
7,5.789693300685258,1.2103066993147422,10.4,0.9919
7,5.65964457539361,1.3403554246063898,10.0,0.9924
6,5.659524834380963,0.34047516561903723,10.0,0.9927
7,5.789693300685258,1.2103066993147422,10.4,0.9919
7,5.65964457539361,1.3403554246063898,10.0,0.9924
6,5.332986085835522,0.6670139141644782,9.0,0.9975
6,5.398150146329433,0.6018498536705668,9.2,0.9969
6,5.399467297468551,0.6005327025314493,9.2,0.9936
7,6.082213126831977,0.9177868731680228,11.3,0.991
7,6.4724391300486825,0.5275608699513175,12.5,0.9893
7,5.920061335343963,1.0799386646560372,10.8,0.9906
5,5.691428332222919,-0.6914283322229187,10.1,0.9941
6,5.5612199522477415,0.43878004775225854,9.7,0.995
7,5.43005364417139,1.56994635582861,9.3,0.9983
7,5.43005364417139,1.56994635582861,9.3,0.9983
5,5.854737620166521,-0.8547376201665209,10.6,0.9916
6,5.723252002723109,0.2767479972768907,10.2,0.9957
6,6.37477286664958,-0.37477286664957976,12.2,0.99
5,5.268021593696021,-0.2680215936960213,8.8,0.9976
5,5.65980423007714,-0.6598042300771398,10.0,0.992
5,6.114396020370109,-1.1143960203701093,11.4,0.9917
6,6.114396020370109,-0.11439602037010932,11.4,0.9917
5,5.462116796696875,-0.46211679669687467,9.4,0.9993
6,6.2121421111109765,-0.21214211111097647,11.7,0.9908
6,6.114396020370109,-0.11439602037010932,11.4,0.9917
5,5.268021593696021,-0.2680215936960213,8.8,0.9976
5,5.399547124810316,-0.39954712481031596,9.2,0.9934
5,5.234601376360536,-0.23460137636053613,8.7,1.0
6,6.503903577510932,-0.5039035775109317,12.6,0.9918
5,5.65980423007714,-0.6598042300771398,10.0,0.992
7,6.569706256738962,0.4302937432610383,12.8,0.9896
5,5.464551530620699,-0.46455153062069865,9.4,0.9932
6,5.757191097780066,0.24280890221993356,10.3,0.992
5,6.114396020370109,-1.1143960203701093,11.4,0.9917
6,5.332028157734345,0.6679718422656551,9.0,0.9999
6,5.527560252886961,0.4724397471130386,9.6,0.998
5,5.822195503590448,-0.8221955035904482,10.5,0.9918
5,5.822195503590448,-0.8221955035904482,10.5,0.9918
6,5.332028157734345,0.6679718422656551,9.0,0.9999
6,5.527560252886961,0.4724397471130386,9.6,0.998
6,5.594600255912345,0.40539974408765467,9.8,0.9927
5,5.33362470456964,-0.33362470456964033,9.0,0.9959
6,5.594600255912345,0.40539974408765467,9.8,0.9927
6,5.821756453210742,0.17824354678925758,10.5,0.9929
7,6.537164140162888,0.46283585983711184,12.7,0.9898
6,5.788296322204375,0.21170367779562493,10.4,0.9954
6,5.788296322204375,0.21170367779562493,10.4,0.9954
6,5.788296322204375,0.21170367779562493,10.4,0.9954
7,5.820758611438683,1.1792413885613167,10.5,0.9954
6,5.788296322204375,0.21170367779562493,10.4,0.9954
6,5.788296322204375,0.21170367779562493,10.4,0.9954
5,5.462875156443639,-0.46287515644363886,9.4,0.9974
5,5.367005008234242,-0.3670050082342424,9.1,0.9936
5,5.430253212525802,-0.43025321252580184,9.3,0.9978
5,5.462875156443639,-0.46287515644363886,9.4,0.9974
5,5.594600255912345,-0.5946002559123453,9.8,0.9927
7,5.626783149450477,1.3732168505495226,9.9,0.9934
4,5.399387470126786,-1.3993874701267863,9.2,0.9938
8,6.341432476655858,1.658567523344142,12.1,0.9922
7,6.3739745932319325,0.6260254067680675,12.2,0.992
5,5.594280946545286,-0.5942809465452861,9.8,0.9935
8,6.439457963092902,1.5605420369070977,12.4,0.9906
7,5.626783149450477,1.3732168505495226,9.9,0.9934
5,5.399547124810316,-0.39954712481031596,9.2,0.9934
7,6.179480253522256,0.8205197464777436,11.6,0.9913
6,5.788934940938493,0.2110650590615073,10.4,0.9938
8,6.602088718631506,1.3979112813684944,12.9,0.9898
6,5.430372953538448,0.5696270464615516,9.3,0.9975
6,5.982231870521696,0.017768129478303862,11.0,0.9975
3,6.14606003618677,-3.1460600361867703,11.5,0.9937
5,6.439138653725844,-1.439138653725844,12.4,0.9914
6,5.592405004013815,0.40759499598618465,9.8,0.9982
6,5.592405004013815,0.40759499598618465,9.8,0.9982
7,5.821756453210742,1.1782435467892576,10.5,0.9929
5,5.36560802975336,-0.3656080297533597,9.1,0.9971
5,5.692226605640566,-0.6922266056405659,10.1,0.9921
7,5.854138915103285,1.1458610848967146,10.6,0.9931
7,5.821956021565154,1.1780439784348458,10.5,0.9924
7,5.821756453210742,1.1782435467892576,10.5,0.9929
6,5.592405004013815,0.40759499598618465,9.8,0.9982
7,6.6023282006568,0.3976717993432004,12.9,0.9892
5,5.49605589175383,-0.49605589175383,9.5,0.9956
6,5.594719996924993,0.4052800030750072,9.8,0.9924
5,5.170834294347507,-0.1708342943475074,8.5,0.9971
5,5.49605589175383,-0.49605589175383,9.5,0.9956
5,5.430093557842272,-0.4300935578422722,9.3,0.9982
5,5.49537735934883,-0.4953773593488302,9.5,0.9973
6,5.464551530620699,0.5354484693793014,9.4,0.9932
5,5.235559304461713,-0.23555930446171303,8.7,0.9976
5,5.301042674322684,-0.3010426743226837,8.9,0.9962
6,5.463593602519522,0.5364063974804782,9.4,0.9956
6,5.464551530620699,0.5354484693793014,9.4,0.9932
5,5.235559304461713,-0.23555930446171303,8.7,0.9976
5,5.527081288836373,-0.5270812888363734,9.6,0.9992
6,5.43005364417139,0.56994635582861,9.3,0.9983
5,5.659125697672139,-0.6591256976721391,10.0,0.9937
6,6.472159734352506,-0.47215973435250636,12.5,0.99
7,5.528997145038727,1.4710028549612728,9.6,0.9944
6,5.464312048595405,0.5356879514045954,9.4,0.9938
5,5.495696668715889,-0.4956966687158886,9.5,0.9965
7,6.439976840814373,0.5600231591856266,12.4,0.9893
6,5.821836280552507,0.1781637194474932,10.5,0.9927
6,5.399307642785021,0.6006923572149789,9.2,0.994
6,5.789334077647316,0.21066592235268367,10.4,0.9928
5,5.398349714683845,-0.39834971468384506,9.2,0.9964
6,5.854697706495639,0.1453022935043613,10.6,0.9917
5,5.495417273019712,-0.4954172730197124,9.5,0.9972
5,5.398349714683845,-0.39834971468384506,9.2,0.9964
5,5.528598008329904,-0.5285980083299036,9.6,0.9954
6,5.562018225665389,0.4379817743346113,9.7,0.993
6,5.562098053007154,0.437901946992846,9.7,0.9928
6,5.887199909400829,0.11280009059917084,10.7,0.9916
6,5.821477057514565,0.17852294248543465,10.5,0.9936
6,5.301042674322684,0.6989573256773163,8.9,0.9962
6,6.342350491086153,-0.3423504910861528,12.1,0.9899
7,6.537164140162888,0.46283585983711184,12.7,0.9898
6,5.625745394007535,0.37425460599246474,9.9,0.996
6,6.114795157078933,-0.11479515707893295,11.4,0.9907
6,5.886241981299652,0.11375801870034774,10.7,0.994
6,6.471640856631035,-0.4716408566310353,12.5,0.9913
4,5.203097015227404,-1.2030970152274039,8.6,0.9976
6,6.472000079668977,-0.4720000796689767,12.5,0.9904
5,5.65980423007714,-0.6598042300771398,10.0,0.992
4,5.203097015227404,-1.2030970152274039,8.6,0.9976
6,5.4946988269438295,0.5053011730561705,9.5,0.999
6,5.527759821241373,0.4722401787586268,9.6,0.9975
6,5.62666340843783,0.37333659156217003,9.9,0.9937
5,5.62666340843783,-0.62666340843783,9.9,0.9937
6,5.300324228246801,0.6996757717531992,8.9,0.998
6,5.300324228246801,0.6996757717531992,8.9,0.998
5,5.2692988311642575,-0.26929883116425746,8.8,0.9944
7,5.659085784001257,1.340914215998743,10.0,0.9938
6,6.309568892484785,-0.30956889248478525,12.0,0.9907
7,5.659085784001257,1.340914215998743,10.0,0.9938
6,5.659764316406257,0.34023568359374323,10.0,0.9921
6,6.341991268048211,-0.34199126804821134,12.1,0.9908
6,5.98398807204052,0.0160119279594797,11.0,0.9931
6,6.049551269243256,-0.04955126924325626,11.2,0.9915
7,5.75591386031183,1.2440861396881697,10.3,0.9952
6,5.789413904989081,0.2105860950109193,10.4,0.9926
5,5.367084835576008,-0.3670848355760077,9.1,0.9934
6,5.789653387014376,0.2103466129856244,10.4,0.992
6,5.919582371293375,0.08041762870662517,10.8,0.9918
5,6.210785046300976,-1.210785046300976,11.7,0.9942
5,5.59400155084911,-0.5940015508491099,9.8,0.9942
5,5.59400155084911,-0.5940015508491099,9.8,0.9942
6,6.115034639104227,-0.11503463910422695,11.4,0.9901
6,6.050229801648257,-0.050229801648256966,11.2,0.9898
5,6.114994725433345,-1.1149947254333448,11.4,0.9902
6,5.399547124810316,0.600452875189684,9.2,0.9934
4,6.4719202523272115,-2.4719202523272115,12.5,0.9906
6,6.504701850928579,-0.504701850928579,12.6,0.9898
6,6.3749325213331085,-0.3749325213331085,12.2,0.9896
6,6.04927187354708,-0.04927187354708007,11.2,0.9922
6,5.561339693260389,0.4386603067396111,9.7,0.9947
5,5.431570363664919,-0.4315703636649193,9.3,0.9945
6,5.33294617216464,0.6670538278353604,9.0,0.9976
6,5.33294617216464,0.6670538278353604,9.0,0.9976
6,5.33294617216464,0.6670538278353604,9.0,0.9976
5,5.364969411019242,-0.3649694110192421,9.1,0.9987
5,5.364969411019242,-0.3649694110192421,9.1,0.9987
6,5.33294617216464,0.6670538278353604,9.0,0.9976
5,5.789653387014376,-0.7896533870143756,10.4,0.992
6,5.496095805424712,0.5039041945752878,9.5,0.9955
4,6.112959128218344,-2.1129591282183444,11.4,0.9953
5,5.235559304461713,-0.23555930446171303,8.7,0.9976
6,5.627341940842831,0.3726580591571693,9.9,0.992
6,5.6260647033745945,0.3739352966254055,9.9,0.9952
6,5.332666776468463,0.6673332235315366,9.0,0.9983
6,5.659285352355669,0.34071464764433124,10.0,0.9933
6,5.560900642880683,0.4390993571193169,9.7,0.9958
6,6.244045608952932,-0.24404560895293237,11.8,0.9922
7,5.724409499178698,1.275590500821302,10.2,0.9928
5,5.235559304461713,-0.23555930446171303,8.7,0.9976
7,5.527719907570491,1.472280092429509,9.6,0.9976
7,6.081973644806682,0.9180263551933177,11.3,0.9916
7,6.3422706637443875,0.6577293362556125,12.1,0.9901
7,5.527719907570491,1.472280092429509,9.6,0.9976
7,6.3422706637443875,0.6577293362556125,12.1,0.9901
7,6.081973644806682,0.9180263551933177,11.3,0.9916
5,5.4625558470765805,-0.4625558470765805,9.4,0.9982
6,5.789254250305552,0.21074574969444804,10.4,0.993
5,5.49553701403236,-0.49553701403235983,9.5,0.9969
6,6.406836019175065,-0.4068360191750653,12.3,0.991
7,5.626024789703712,1.3739752102962877,9.9,0.9953
5,5.692106864627919,-0.6921068646279194,10.1,0.9924
6,5.398150146329433,0.6018498536705668,9.2,0.9969
7,5.789334077647316,1.2106659223526837,10.4,0.9928
5,5.366645785196301,-0.366645785196301,9.1,0.9945
6,5.657928287545668,0.34207171245433177,10.0,0.9967
6,6.145780640490594,-0.14578064049059414,11.5,0.9944
5,5.594560342241463,-0.5945603422414631,9.8,0.9928
6,5.594520428570581,0.40547957142941904,9.8,0.9929
6,5.463912911886581,0.536087088113419,9.4,0.9948
5,5.235559304461713,-0.23555930446171303,8.7,0.9976
7,6.179520167193139,0.8204798328068614,11.6,0.9912
5,5.2675825433163155,-0.2675825433163155,8.8,0.9987
7,6.537084312821124,0.4629156871788762,12.7,0.99
7,6.212062283769212,0.7879377162307879,11.7,0.991
6,5.724209930824286,0.2757900691757138,10.2,0.9933
6,5.724209930824286,0.2757900691757138,10.2,0.9933
7,6.537124226492006,0.462875773507994,12.7,0.9899
7,6.179520167193139,0.8204798328068614,11.6,0.9912
7,6.4067561918333,0.5932438081667,12.3,0.9912
5,5.235559304461713,-0.23555930446171303,8.7,0.9976
5,5.464232221253639,-0.4642322212536394,9.4,0.994
6,5.691188850197625,0.30881114980237534,10.1,0.9947
6,5.561060297564213,0.4389397024357873,9.7,0.9954
7,5.691867382602625,1.3081326173973746,10.1,0.993
6,5.561060297564213,0.4389397024357873,9.7,0.9954
6,5.3010027606518015,0.6989972393481985,8.9,0.9963
7,5.9195025439516105,1.0804974560483895,10.8,0.992
7,5.919263061926316,1.0807369380736844,10.8,0.9926
6,5.496295373779124,0.503704626220876,9.5,0.995
5,5.365129065702772,-0.3651290657027717,9.1,0.9983
6,5.951964833185919,0.048035166814081265,10.9,0.992
5,5.463114638468934,-0.46311463846893375,9.4,0.9968
5,5.920101249014846,-0.9201012490148459,10.8,0.9905
5,5.920141162685728,-0.9201411626857281,10.8,0.9904
7,5.821876194223389,1.178123805776611,10.5,0.9926
5,5.463114638468934,-0.46311463846893375,9.4,0.9968
6,5.919183234584551,0.0808167654154488,10.8,0.9928
8,5.820958179793095,2.179041820206905,10.5,0.9949
7,6.147177618971477,0.8528223810285231,11.5,0.9909
6,5.464351962266287,0.5356480377337132,9.4,0.9937
6,5.9197420259769045,0.08025797402309554,10.8,0.9914
5,5.920101249014846,-0.9201012490148459,10.8,0.9905
5,5.920141162685728,-0.9201411626857281,10.8,0.9904
6,5.594719996924993,0.4052800030750072,9.8,0.9924
6,5.594719996924993,0.4052800030750072,9.8,0.9924
5,5.528158957950197,-0.5281589579501969,9.6,0.9965
5,5.528158957950197,-0.5281589579501969,9.6,0.9965
5,5.494579085931183,-0.49457908593118294,9.5,0.9993
6,5.885244139527593,0.11475586047240682,10.7,0.9965
8,6.439378135751138,1.560621864248862,12.4,0.9908
6,6.016889411654536,-0.01688941165453617,11.1,0.992
5,5.267941766354257,-0.2679417663542569,8.8,0.9978
5,5.235479477119949,-0.23547947711994865,8.7,0.9978
5,5.235479477119949,-0.23547947711994865,8.7,0.9978
5,5.267941766354257,-0.2679417663542569,8.8,0.9978
7,6.211982456427447,0.7880175435725532,11.7,0.9912
6,5.9516455238188595,0.04835447618114053,10.9,0.9928
6,5.919183234584551,0.0808167654154488,10.8,0.9928
6,5.5295559364310805,0.47044406356891955,9.6,0.993
5,5.33226763975964,-0.3322676397596398,9.0,0.9993
5,5.333385222544345,-0.33338522254434544,9.0,0.9965
6,5.788974854609375,0.2110251453906251,10.4,0.9937
5,6.114555675053639,-1.114555675053639,11.4,0.9913
5,5.432009414044626,-0.432009414044626,9.3,0.9934
8,5.983149884951991,2.016850115048009,11.0,0.9952
4,5.365129065702772,-1.3651290657027717,9.1,0.9983
6,5.46355368884864,0.5364463111513604,9.4,0.9957
6,5.46355368884864,0.5364463111513604,9.4,0.9957
6,5.822275330932213,0.1777246690677874,10.5,0.9916
5,5.267103579265727,-0.2671035792657266,8.8,0.9999
5,5.267103579265727,-0.2671035792657266,8.8,0.9999
6,5.886401635983182,0.11359836401681811,10.7,0.9936
5,5.495417273019712,-0.4954172730197124,9.5,0.9972
6,5.951445955464448,0.04855404453555234,10.9,0.9933
6,5.918943752559257,0.0810562474407428,10.8,0.9934
7,5.919063493571904,1.0809365064280962,10.8,0.9931
5,5.397870750633256,-0.39787075063325616,9.2,0.9976
5,5.756512565375066,-0.7565125653750657,10.3,0.9937
5,5.756512565375066,-0.7565125653750657,10.3,0.9937
7,5.984826259129051,1.0151737408709494,11.0,0.991
4,5.332826431151993,-1.332826431151993,9.0,0.9979
6,5.787617789799374,0.21238221020062564,10.4,0.9971
5,5.49553701403236,-0.49553701403235983,9.5,0.9969
5,5.495576927703242,-0.495576927703242,9.5,0.9968
5,5.333544877227875,-0.33354487722787507,9.0,0.9961
4,5.497093647196772,-1.4970936471967722,9.5,0.993
6,5.333065913177287,0.6669340868227129,9.0,0.9973
5,5.658846301975963,-0.658846301975963,10.0,0.9944
7,5.365009324690124,1.6349906753098757,9.1,0.9986
7,5.365009324690124,1.6349906753098757,9.1,0.9986
7,5.365009324690124,1.6349906753098757,9.1,0.9986
7,5.365009324690124,1.6349906753098757,9.1,0.9986
6,5.495417273019712,0.5045827269802876,9.5,0.9972
7,6.114396020370109,0.8856039796298907,11.4,0.9917
6,6.3739745932319325,-0.3739745932319325,12.2,0.992
6,6.081335026072565,-0.08133502607256471,11.3,0.9932
5,5.724090189811639,-0.7240901898116388,10.2,0.9936
5,6.0820135584775645,-1.0820135584775645,11.3,0.9915
4,5.659724402735375,-1.6597244027353746,10.0,0.9922
5,5.464471703278934,-0.4644717032789343,9.4,0.9934
7,6.372697355763696,0.6273026442363037,12.2,0.9952
4,5.398030405316786,-1.3980304053167858,9.2,0.9972
5,5.464471703278934,-0.4644717032789343,9.4,0.9934
6,5.528438353646374,0.4715616463536261,9.6,0.9958
5,5.496534855804419,-0.4965348558044189,9.5,0.9944
6,6.471840424985447,-0.4718404249854471,12.5,0.9908
6,5.528438353646374,0.4715616463536261,9.6,0.9958
6,5.659604661722728,0.340395338277272,10.0,0.9925
5,5.43073217657639,-0.43073217657638985,9.3,0.9966
6,5.430492694551096,0.5695073054489042,9.3,0.9972
6,6.179520167193139,-0.17952016719313857,11.6,0.9912
8,6.470164050808387,1.5298359491916127,12.5,0.995
6,5.854258656115933,0.14574134388406712,10.6,0.9928
5,5.463114638468934,-0.46311463846893375,9.4,0.9968
6,5.366246648487477,0.6337533515125227,9.1,0.9955
6,5.332746603810228,0.6672533961897722,9.0,0.9981
7,6.244524573003521,0.7554754269964787,11.8,0.991
7,6.244524573003521,0.7554754269964787,11.8,0.991
7,6.244524573003521,0.7554754269964787,11.8,0.991
5,5.65980423007714,-0.6598042300771398,10.0,0.992
5,5.5619783119945065,-0.5619783119945065,9.7,0.9931
6,5.495497100361477,0.5045028996385232,9.5,0.997
5,5.463912911886581,-0.463912911886581,9.4,0.9948
5,6.049231959876198,-1.0492319598761979,11.2,0.9923
5,5.33294617216464,-0.3329461721646396,9.0,0.9976
7,5.8863218086414175,1.1136781913585825,10.7,0.9938
4,5.33262686279758,-1.3326268627975804,9.0,0.9984
6,5.3655681160824775,0.6344318839175225,9.1,0.9972
7,5.919422716609845,1.0805772833901548,10.8,0.9922
4,5.691667814248213,-1.6916678142482127,10.1,0.9935
6,5.626384012741654,0.3736159872583462,9.9,0.9944
5,5.59400155084911,-0.5940015508491099,9.8,0.9942
5,5.5939217235073455,-0.5939217235073455,9.8,0.9944
6,5.494419431247653,0.5055805687523467,9.5,0.9997
5,5.495217704665301,-0.4952177046653006,9.5,0.9977
6,6.0172087210215945,-0.017208721021594542,11.1,0.9912
5,5.495018136310889,-0.49501813631088876,9.5,0.9982
5,5.495018136310889,-0.49501813631088876,9.5,0.9982
5,5.462515933405698,-0.4625159334056983,9.4,0.9983
5,5.560022542121271,-0.5600225421212706,9.7,0.998
7,6.926871265658123,0.07312873434187672,13.9,0.9894
4,5.691987123615272,-1.691987123615272,10.1,0.9927
6,5.82223541726133,0.17776458273866957,10.5,0.9917
6,6.504462368903285,-0.504462368903285,12.6,0.9904
5,5.951565696477095,-0.9515656964770951,10.9,0.993
5,5.6589660429886095,-0.6589660429886095,10.0,0.9941
6,6.048433686458551,-0.04843368645855062,11.2,0.9943
6,5.657189884634344,0.34281011536565575,10.0,0.99855
5,5.399527167974875,-0.39952716797487486,9.2,0.99345
5,5.495097963652653,-0.49509796365265313,9.5,0.998
6,6.40659653714977,-0.4065965371497704,12.3,0.9916
6,6.40659653714977,-0.4065965371497704,12.3,0.9916
5,5.658706604127874,-0.6587066041278744,10.0,0.99475
6,5.9190036230655805,0.08099637693441952,10.8,0.99325
7,5.821596798527213,1.1784032014727872,10.5,0.9933
6,5.398150146329433,0.6018498536705668,9.2,0.9969
5,5.364370705956007,-0.3643707059560066,9.1,1.0002
7,5.821596798527213,1.1784032014727872,10.5,0.9933
7,5.724050276140757,1.2759497238592434,10.2,0.9937
5,5.300783235461949,-0.30078323546194863,8.9,0.99685
5,5.7886355884068745,-0.7886355884068745,10.4,0.99455
6,6.211782888073035,-0.21178288807303502,11.7,0.9917
8,6.439557747270109,1.5604422527298913,12.4,0.99035
7,5.952204315211213,1.0477956847887873,10.9,0.9914
5,5.724629024368551,-0.7246290243685509,10.2,0.99225
7,6.211842758579358,0.7881572414206417,11.7,0.99155
5,5.463673429861287,-0.463673429861287,9.4,0.9954
5,5.821097877641183,-0.8210978776411828,10.5,0.99455
5,5.464870839987758,-0.4648708399877579,9.4,0.9924
6,5.787677660305698,0.21232233969430236,10.4,0.99695
6,5.4956767118804475,0.5043232881195525,9.5,0.99655
7,6.016330620262183,0.9836693797378171,11.1,0.9934
6,5.365248806715418,0.6347511932845817,9.1,0.998
5,5.398070318987668,-0.398070318987668,9.2,0.9971
6,5.528837490355198,0.47116250964480244,9.6,0.9948
6,5.365248806715418,0.6347511932845817,9.1,0.998
5,5.398070318987668,-0.398070318987668,9.2,0.9971
7,5.919442673445286,1.0805573265547137,10.8,0.99215
6,5.528837490355198,0.47116250964480244,9.6,0.9948
3,6.504023318523579,-3.504023318523579,12.6,0.9915
6,5.9847663886227265,0.015233611377273526,11.0,0.99115
6,5.724249844495168,0.2757501555048316,10.2,0.9932
5,5.462755415430992,-0.4627554154309923,9.4,0.9977
5,5.65846712210258,-0.6584671221025804,10.0,0.99535
6,6.37411429108002,-0.37411429108002014,12.2,0.99165
6,5.8207985251095655,0.17920147489043448,10.5,0.9953
6,6.146419259224712,-0.14641925922471177,11.5,0.9928
6,5.593362932114992,0.40663706788500775,9.8,0.9958
6,6.1139569699904035,-0.1139569699904035,11.4,0.9928
6,6.146419259224712,-0.14641925922471177,11.5,0.9928
6,5.722972607026933,0.2770273929730669,10.2,0.9964
6,5.462356278722169,0.5376437212778313,9.4,0.9987
6,5.8207985251095655,0.17920147489043448,10.5,0.9953
5,5.367164662917772,-0.36716466291777206,9.1,0.9932
7,6.374493470953403,0.6255065290465973,12.2,0.9907
5,5.495277575171624,-0.49527757517162385,9.5,0.99755
6,5.429634550627125,0.5703654493728747,9.3,0.99935
7,5.5944006875579335,1.4055993124420665,9.8,0.9932
7,5.5944006875579335,1.4055993124420665,9.8,0.9932
6,5.593362932114992,0.40663706788500775,9.8,0.9958
6,5.593342975279551,0.40665702472044885,9.8,0.99585
5,5.234381851170683,-0.23438185117068322,8.7,1.00055
6,5.722134419938403,0.27786558006159723,10.2,0.9985
6,5.496275416943683,0.5037245830563171,9.5,0.99505
6,5.984427122420227,0.015572877579772992,11.0,0.992
5,5.397391786582668,-0.39739178658266816,9.2,0.9988
6,5.952064617363124,0.0479353826368758,10.9,0.99175
7,5.4308918312599195,1.5691081687400805,9.3,0.9962
7,5.4308918312599195,1.5691081687400805,9.3,0.9962
7,5.59400155084911,1.4059984491508901,9.8,0.9942
7,5.432288809740802,1.5677111902591978,9.3,0.9927
7,5.432288809740802,1.5677111902591978,9.3,0.9927
5,5.461897271507022,-0.46189727150702176,9.4,0.99985
9,5.7876577034702565,3.2123422965297435,10.4,0.997
6,6.341592131339388,-0.3415921313393877,12.1,0.9918
6,5.984367251913903,0.01563274808609716,11.0,0.99215
5,5.332527078620375,-0.3325270786203749,9.0,0.99865
7,5.494618999602065,1.5053810003979349,9.5,0.9992
8,5.26682418356955,2.7331758164304496,8.8,1.0006
4,6.04961113974958,-2.0496111397495804,11.2,0.99135
6,5.430512651386537,0.5694873486134631,9.3,0.99715
7,5.494618999602065,1.5053810003979349,9.5,0.9992
8,5.26682418356955,2.7331758164304496,8.8,1.0006
5,5.332527078620375,-0.3325270786203749,9.0,0.99865
6,5.430113514677713,0.5698864853222867,9.3,0.99815
6,5.397651225443403,0.6023487745565967,9.2,0.99815
6,5.397651225443403,0.6023487745565967,9.2,0.99815
7,5.658646733621551,1.3413532663784489,10.0,0.9949
6,5.430113514677713,0.5698864853222867,9.3,0.99815
6,5.397651225443403,0.6023487745565967,9.2,0.99815
7,5.951865049008712,1.0481349509912876,10.9,0.99225
5,5.658826345140522,-0.6588263451405219,10.0,0.99445
7,5.951865049008712,1.0481349509912876,10.9,0.99225
5,5.432029370880067,-0.4320293708800671,9.3,0.99335
5,5.333485006721552,-0.3334850067215518,9.0,0.99625
6,5.398070318987668,0.601929681012332,9.2,0.9971
6,5.527440511874315,0.47255948812568516,9.6,0.9983
6,5.4640526097346696,0.5359473902653304,9.4,0.99445
8,6.017348418869683,1.982651581130317,11.1,0.99085
6,5.300443969259448,0.6995560307405517,8.9,0.9977
5,5.431251054297861,-0.4312510542978609,9.3,0.9953
5,5.430273169361243,-0.43027316936124294,9.3,0.99775
7,5.592504788191021,1.4074952118089792,9.8,0.99795
6,5.5936622846466095,0.40633771535339047,9.8,0.99505
6,5.300443969259448,0.6995560307405517,8.9,0.9977
5,5.527759821241373,-0.5277598212413732,9.6,0.9975
6,5.527779778076814,0.4722202219231857,9.6,0.99745
6,5.33294617216464,0.6670538278353604,9.0,0.9976
6,5.4951977478298595,0.5048022521701405,9.5,0.99775
5,5.431251054297861,-0.4312510542978609,9.3,0.9953
6,5.39962695215208,0.6003730478479197,9.2,0.9932
7,5.366825396715272,1.6331746032847283,9.1,0.99405
6,5.494299690235006,0.5057003097649941,9.5,1.0
6,5.819780726502065,0.18021927349793465,10.5,0.99785
5,5.334422977987288,-0.3344229779872876,9.0,0.9939
5,6.210904787313623,-1.2109047873136234,11.7,0.9939
5,5.365747727601448,-0.36574772760144825,9.1,0.99675
5,5.334422977987288,-0.3344229779872876,9.0,0.9939
5,5.365747727601448,-0.36574772760144825,9.1,0.99675
9,6.439837142966285,2.560162857033715,12.4,0.98965
6,5.398070318987668,0.601929681012332,9.2,0.9971
5,5.4640526097346696,-0.46405260973466955,9.4,0.99445
6,5.528957231367844,0.4710427686321559,9.6,0.9945
5,6.210904787313623,-1.2109047873136234,11.7,0.9939
6,5.593362932114992,0.40663706788500775,9.8,0.9958
6,5.7232919163939915,0.2767080836060085,10.2,0.9956
9,6.4719402091626534,2.5280597908373466,12.5,0.99055
7,5.950408200021506,1.0495917999784936,10.9,0.9959
7,5.984227554065814,1.0157724459341857,11.0,0.9925
6,5.820399388400742,0.1796006115992581,10.5,0.9963
4,6.146139863528535,-2.1461398635285347,11.5,0.9935
8,6.569127508511167,1.4308724914888327,12.8,0.99105
6,6.374593255130609,-0.37459325513060904,12.2,0.99045
6,5.820399388400742,0.1796006115992581,10.5,0.9963
8,6.5689279401567555,1.4310720598432445,12.8,0.99155
8,6.277046732744154,1.7229532672558463,11.9,0.99085
8,6.277046732744154,1.7229532672558463,11.9,0.99085
8,6.277046732744154,1.7229532672558463,11.9,0.99085
7,6.308890360079785,0.6911096399202146,12.0,0.9924
7,6.308890360079785,0.6911096399202146,12.0,0.9924
7,5.267163449772051,1.7328365502279492,8.8,0.99975
7,5.267163449772051,1.7328365502279492,8.8,0.99975
7,5.919043536736463,1.0809564632635373,10.8,0.99315
8,5.984546863432874,2.0154531365671264,11.0,0.9917
8,5.984546863432874,2.0154531365671264,11.0,0.9917
5,5.429993773665066,-0.42999377366506586,9.3,0.99845
5,5.919462630280727,-0.9194626302807274,10.8,0.9921
7,5.267163449772051,1.7328365502279492,8.8,0.99975
6,6.147177618971477,-0.14717761897147685,11.5,0.9909
7,5.919043536736463,1.0809564632635373,10.8,0.99315
5,5.462416149228492,-0.46241614922849195,9.4,0.99855
7,5.4969339925132426,1.5030660074867574,9.5,0.9934
5,5.2030171878856395,-0.2030171878856395,8.6,0.9978
7,5.4969339925132426,1.5030660074867574,9.5,0.9934
7,5.756033601324478,1.2439663986755223,10.3,0.9949
5,5.462416149228492,-0.46241614922849195,9.4,0.99855
5,5.462396192393051,-0.46239619239305085,9.4,0.9986
7,5.657708762355815,1.3422912376441847,10.0,0.99725
5,5.463992739228345,-0.4639927392283454,9.4,0.9946
8,5.789433861824522,2.210566138175478,10.4,0.99255
7,5.364610187981301,1.6353898120186994,9.1,0.9996
6,5.626583581096066,0.3734164189039344,9.9,0.9939
6,6.342310577415271,-0.3423105774152706,12.1,0.99
5,5.62666340843783,-0.62666340843783,9.9,0.9937
6,6.472718525744859,-0.47271852574485873,12.5,0.9886
7,5.4969339925132426,1.5030660074867574,9.5,0.9934
8,5.169676797891919,2.8303232021080813,8.5,1.0
7,5.332227726088757,1.6677722739112433,9.0,0.9994
6,5.692027037286154,0.3079729627138459,10.1,0.9926
5,5.463593602519522,-0.46359360251952175,9.4,0.9956
5,5.2030171878856395,-0.2030171878856395,8.6,0.9978
6,5.887239823071711,0.11276017692828866,10.7,0.9915
3,5.529196713393139,-2.529196713393139,9.6,0.9939
5,5.69178755526086,-0.6917875552608601,10.1,0.9932
7,5.659405093368315,1.3405949066316847,10.0,0.993
9,6.537164140162888,2.462835859837112,12.7,0.9898
6,5.724688894874874,0.2753111051251258,10.2,0.9921
6,5.302240084449155,0.6977599155508454,8.9,0.9932
8,6.276627639199889,1.723372360800111,11.9,0.9919
7,5.659405093368315,1.3405949066316847,10.0,0.993
6,5.626024789703712,0.37397521029628766,9.9,0.9953
6,6.146419259224712,-0.14641925922471177,11.5,0.9928
6,6.146419259224712,-0.14641925922471177,11.5,0.9928
6,5.592644486039109,0.40735551396089065,9.8,0.9976
7,6.374533384624285,0.6254666153757151,12.2,0.9906
6,6.114356106699227,-0.11435610669922713,11.4,0.9918
7,5.98448699292655,1.0155130070734497,11.0,0.99185
6,6.114356106699227,-0.11435610669922713,11.4,0.9918
7,5.98448699292655,1.0155130070734497,11.0,0.99185
6,5.6265436674251825,0.3734563325748175,9.9,0.994
7,5.984906086470815,1.015093913529185,11.0,0.9908
5,5.464711185304228,-0.4647111853042283,9.4,0.9928
7,6.3749325213331085,0.6250674786668915,12.2,0.9896
7,5.984906086470815,1.015093913529185,11.0,0.9908
6,5.757270925121831,0.2427290748781692,10.3,0.9918
6,5.820838438780448,0.1791615612195523,10.5,0.9952
6,5.821995935236036,0.17800406476396358,10.5,0.9923
6,5.95216440154033,0.047835598459670337,10.9,0.9915
6,5.820838438780448,0.1791615612195523,10.5,0.9952
7,5.983349453306403,1.0166505466935973,11.0,0.9947
6,5.559902801108624,0.440097198891376,9.7,0.9983
5,5.300523796601213,-0.30052379660121264,8.9,0.9975
6,5.528757663013432,0.4712423369865677,9.6,0.995
8,5.2692988311642575,2.7307011688357425,8.8,0.9944
4,6.016091138236888,-2.016091138236888,11.1,0.994
4,5.7562331696788895,-1.7562331696788895,10.3,0.9944
8,6.3744535572825205,1.6255464427174795,12.2,0.9908
4,5.592504788191021,-1.5925047881910208,9.8,0.99795
5,5.26766237065808,-0.26766237065807985,8.8,0.9985
5,5.626443883247977,-0.6264438832479771,9.9,0.99425
5,5.626443883247977,-0.6264438832479771,9.9,0.99425
5,5.626423926412536,-0.626423926412536,9.9,0.9943
5,5.39994626151914,-0.3999462615191396,9.2,0.9924
4,5.496455028462654,-1.4964550284626537,9.5,0.9946
5,5.39994626151914,-0.3999462615191396,9.2,0.9924
7,5.755993687653595,1.2440063123464054,10.3,0.995
6,5.984467036091109,0.015532963908890807,11.0,0.9919
6,6.277385998946654,-0.27738599894665406,11.9,0.99
7,5.72460906753311,1.2753909324668902,10.2,0.9923
7,5.463593602519522,1.5364063974804782,9.4,0.9956
6,5.300404055588566,0.6995959444114339,8.9,0.9978
6,5.300404055588566,0.6995959444114339,8.9,0.9978
6,5.657928287545668,0.34207171245433177,10.0,0.9967
8,5.886481463324947,2.113518536675053,10.7,0.9934
5,5.594241032874404,-0.5942410328744039,9.8,0.9936
5,5.43208924138639,-0.4320892413863904,9.3,0.9932
7,5.4969339925132426,1.5030660074867574,9.5,0.9934
5,5.657409409824197,-0.6574094098241972,10.0,0.998
5,5.332866344822875,-0.33286634482287525,9.0,0.9978
7,6.276228502491065,0.7237714975089347,11.9,0.9929
5,5.300563710272096,-0.3005637102720957,8.9,0.9974
6,5.657868417039345,0.34213158296065505,10.0,0.99685
5,5.528777619848874,-0.5287776198488743,9.6,0.99495
5,5.300543753436654,-0.30054375343665374,8.9,0.99745
5,5.301501681537831,-0.30150168153783063,8.9,0.99505
5,6.114276279357463,-1.1142762793574628,11.4,0.992
5,5.332866344822875,-0.33286634482287525,9.0,0.9978
6,5.658367337925374,0.34163266207462595,10.0,0.9956
7,5.527480425545197,1.472519574454803,9.6,0.9982
5,5.561279822754066,-0.5612798227540656,9.7,0.99485
6,5.495457186690595,0.5045428133094054,9.5,0.9971
7,5.659544791216404,1.3404552087835961,10.0,0.99265
7,6.37461321196605,0.6253867880339499,12.2,0.9904
7,5.235998354841419,1.7640016451585812,8.7,0.9965
7,5.723691053102815,1.2763089468971849,10.2,0.9946
5,5.526901677317403,-0.5269016773174027,9.6,0.99965
5,5.6592055250139035,-0.6592055250139035,10.0,0.9935
4,5.4958962370703,-1.4958962370703004,9.5,0.996
5,6.1458604678323585,-1.1458604678323585,11.5,0.9942
5,5.496854165171477,-0.4968541651714773,9.5,0.9936
6,5.593083536418815,0.40691646358118483,9.8,0.9965
6,5.69194720994439,0.30805279005561026,10.1,0.9928
5,5.659484920710081,-0.6594849207100806,10.0,0.9928
6,5.593083536418815,0.40691646358118483,9.8,0.9965
5,5.496854165171477,-0.4968541651714773,9.5,0.9936
5,5.496774337829713,-0.4967743378297129,9.5,0.9938
7,5.724489326520462,1.2755106734795376,10.2,0.9926
7,5.724489326520462,1.2755106734795376,10.2,0.9926
6,5.332666776468463,0.6673332235315366,9.0,0.9983
6,5.332666776468463,0.6673332235315366,9.0,0.9983
7,6.406436882466242,0.5935631175337583,12.3,0.992
6,5.332666776468463,0.6673332235315366,9.0,0.9983
6,6.179081116813433,-0.17908111681343275,11.6,0.9923
6,5.495417273019712,0.5045827269802876,9.5,0.9972
5,6.146419259224712,-1.1464192592247118,11.5,0.9928
6,5.529635763772845,0.4703642362271552,9.6,0.9928
6,5.332227726088757,0.6677722739112433,9.0,0.9994
7,6.309449151472139,0.6905508485278613,12.0,0.991
7,6.114835070749815,0.8851649292501849,11.4,0.9906
7,6.407474637909183,0.5925253620908171,12.3,0.9894
7,6.504701850928579,0.495298149071421,12.6,0.9898
6,5.332227726088757,0.6677722739112433,9.0,0.9994
7,6.309449151472139,0.6905508485278613,12.0,0.991
6,6.211463578705976,-0.21146357870597576,11.7,0.9925
5,5.398669024050903,-0.39866902405090343,9.2,0.9956
6,5.756153342337124,0.24384665766287572,10.3,0.9946
5,5.2034961519362275,-0.2034961519362275,8.6,0.9966
7,5.885802930919946,1.1141970690800536,10.7,0.9951
5,5.594600255912345,-0.5946002559123453,9.8,0.9927
6,5.594600255912345,0.40539974408765467,9.8,0.9927
7,5.885802930919946,1.1141970690800536,10.7,0.9951
6,6.4723992163778,-0.47239921637780036,12.5,0.9894
6,6.277106603250477,-0.277106603250477,11.9,0.9907
5,5.919302975597198,-0.9193029755971978,10.8,0.9925
6,5.821796366881625,0.1782036331183754,10.5,0.9928
6,5.756352910691536,0.2436470893084639,10.3,0.9941
6,5.756352910691536,0.2436470893084639,10.3,0.9941
5,5.919302975597198,-0.9193029755971978,10.8,0.9925
7,6.308451309700079,0.6915486902999213,12.0,0.9935
6,5.724249844495168,0.2757501555048316,10.2,0.9932
4,5.72377088044458,-1.7237708804445804,10.2,0.9944
5,5.625266429956947,-0.6252664299569473,9.9,0.9972
4,5.691468245893801,-1.6914682458938008,10.1,0.994
6,5.49605589175383,0.50394410824617,9.5,0.9956
6,5.821836280552507,0.1781637194474932,10.5,0.9927
5,5.789493732330846,-0.789493732330846,10.4,0.9924
6,5.495656755045006,0.5043432449549936,9.5,0.9966
6,5.397032563544727,0.6029674364552733,9.2,0.9997
7,5.6916279005773305,1.3083720994226695,10.1,0.9936
7,5.594241032874404,1.4057589671255961,9.8,0.9936
5,5.463753257203051,-0.4637532572030514,9.4,0.9952
6,5.463753257203051,0.5362467427969486,9.4,0.9952
7,5.789334077647316,1.2106659223526837,10.4,0.9928
6,6.082173213161094,-0.08217321316109416,11.3,0.9911
6,5.919103407242787,0.08089659275721317,10.8,0.993
6,6.082173213161094,-0.08217321316109416,11.3,0.9911
5,5.43208924138639,-0.4320892413863904,9.3,0.9932
7,5.756791961071242,1.243208038928758,10.3,0.993
6,5.82171653953986,0.17828346046013976,10.5,0.993
6,5.7567121337294775,0.24328786627052246,10.3,0.9932
7,6.048872736838256,0.9511272631617436,11.2,0.9932
6,5.756273083349772,0.24372691665022828,10.3,0.9943
5,5.495576927703242,-0.495576927703242,9.5,0.9968
5,5.299765436854448,-0.29976543685444756,8.9,0.9994
5,5.724489326520462,-0.7244893265204624,10.2,0.9926
5,5.398190060000315,-0.3981900600003154,9.2,0.9968
6,5.7567121337294775,0.24328786627052246,10.3,0.9932
6,5.822275330932213,0.1777246690677874,10.5,0.9916
6,5.496455028462654,0.5035449715373463,9.5,0.9946
7,6.114076711003051,0.885923288996949,11.4,0.9925
7,6.114076711003051,0.885923288996949,11.4,0.9925
8,6.0162907065913,1.9837092934087002,11.1,0.9935
6,5.820439302071624,0.17956069792837592,10.5,0.9962
6,6.308730705396256,-0.3087307053962558,12.0,0.9928
6,5.562018225665389,0.4379817743346113,9.7,0.993
6,5.724329671836934,0.27567032816306636,10.2,0.993
4,5.49605589175383,-1.49605589175383,9.5,0.9956
7,5.788815199925845,1.2111848000741547,10.4,0.9941
4,5.430492694551096,-1.4304926945510958,9.3,0.9972
6,5.820998093463977,0.17900190653602266,10.5,0.9948
6,5.658407251596256,0.34159274840374376,10.0,0.9955
6,5.722653297659874,0.27734670234012615,10.2,0.9972
6,5.722653297659874,0.27734670234012615,10.2,0.9972
3,5.365129065702772,-2.3651290657027717,9.1,0.9983
6,5.723850707786345,0.27614929221365525,10.2,0.9942
5,5.886401635983182,-0.8864016359831819,10.7,0.9936
5,5.5609804702224475,-0.5609804702224475,9.7,0.9956
7,5.431251054297861,1.568748945702139,9.3,0.9953
5,5.984506949761991,-0.9845069497619914,11.0,0.9918
4,5.918305133825139,-1.9183051338251387,10.8,0.995
5,5.8870402547173,-0.8870402547173004,10.7,0.992
4,5.885763017249064,-1.8857630172490643,10.7,0.9952
5,5.266664528886021,-0.26666452888602077,8.8,1.001
7,5.951805178502389,1.048194821497611,10.9,0.9924
5,5.821636712198095,-0.821636712198095,10.5,0.9932
5,5.659125697672139,-0.6591256976721391,10.0,0.9937
5,5.78973321435614,-0.78973321435614,10.4,0.9918
5,5.399547124810316,-0.39954712481031596,9.2,0.9934
6,6.504222886877991,-0.504222886877991,12.6,0.991
5,5.333504963556993,-0.3335049635569929,9.0,0.9962
6,5.39962695215208,0.6003730478479197,9.2,0.9932
5,6.082292954173742,-1.0822929541737416,11.3,0.9908
4,5.755514723603007,-1.7555147236030066,10.3,0.9962
5,5.78973321435614,-0.78973321435614,10.4,0.9918
5,5.6589660429886095,-0.6589660429886095,10.0,0.9941
6,5.886601204337594,0.1133987956624063,10.7,0.9931
5,5.332746603810228,-0.3327466038102278,9.0,0.9981
6,5.886601204337594,0.1133987956624063,10.7,0.9931
4,5.236836541929949,-1.2368365419299492,8.7,0.9944
7,6.17920085782608,0.8207991421739198,11.6,0.992
5,5.463194465810698,-0.4631944658106981,9.4,0.9966
5,5.49605589175383,-0.49605589175383,9.5,0.9956
5,5.49605589175383,-0.49605589175383,9.5,0.9956
6,5.95080733673033,0.04919266326966998,10.9,0.9949
5,5.559144441361859,-0.5591444413618589,9.7,1.0002
6,5.366765526208948,0.6332344737910516,9.1,0.9942
7,6.016769670641889,0.9832303293581113,11.1,0.9923
7,6.503943491181814,0.4960565088181861,12.6,0.9917
6,5.98398807204052,0.0160119279594797,11.0,0.9931
7,6.081813990123154,0.9181860098768464,11.3,0.992
5,5.559144441361859,-0.5591444413618589,9.7,1.0002
7,5.9506476820468,1.0493523179531996,10.9,0.9953
5,5.950727509388565,-0.9507275093885648,10.9,0.9951
6,5.430412867209331,0.5695871327906694,9.3,0.9974
7,6.536924658137594,0.46307534186240584,12.7,0.9904
6,5.6901111810838,0.3098888189161997,10.1,0.9974
5,5.658846301975963,-0.658846301975963,10.0,0.9944
5,5.591526903254403,-0.5915269032544028,9.8,1.0004
6,5.690989281843213,0.30901071815678716,10.1,0.9952
7,5.333744445582287,1.6662555544177131,9.0,0.9956
6,5.463833084544816,0.5361669154551842,9.4,0.995
6,5.463833084544816,0.5361669154551842,9.4,0.995
6,5.397112390886491,0.6028876091135089,9.2,0.9995
7,5.6913884185520365,1.3086115814479635,10.1,0.9942
5,5.203057101556522,-0.20305710155652168,8.6,0.9977
8,6.049351700888845,1.9506482991111547,11.2,0.992
8,6.049351700888845,1.9506482991111547,11.2,0.992
6,5.397112390886491,0.6028876091135089,9.2,0.9995
7,5.854019174090639,1.1459808259093611,10.6,0.9934
6,5.429135629741095,0.5708643702589047,9.3,1.0006
6,5.3002444009050365,0.6997555990949635,8.9,0.9982
6,5.854258656115933,0.14574134388406712,10.6,0.9928
7,5.853580123710932,1.1464198762890678,10.6,0.9945
5,5.268540471417492,-0.2685404714174924,8.8,0.9963
8,5.984985913812579,2.0150140861874206,11.0,0.9906
6,5.7232919163939915,0.2767080836060085,10.2,0.9956
7,5.6913884185520365,1.3086115814479635,10.1,0.9942
6,5.690590145134389,0.3094098548656108,10.1,0.9962
7,6.9593335548924316,0.04066644510756845,14.0,0.9894
6,5.463833084544816,0.5361669154551842,9.4,0.995
6,6.244604400345286,-0.24460440034528563,11.8,0.9908
5,6.114515761382757,-1.1145157613827568,11.4,0.9914
5,5.8863218086414175,-0.8863218086414175,10.7,0.9938
5,5.203057101556522,-0.20305710155652168,8.6,0.9977
7,6.146658741250006,0.8533412587499942,11.5,0.9922
8,6.049351700888845,1.9506482991111547,11.2,0.992
7,6.504502282574167,0.4954977174258328,12.6,0.9903
7,6.504901419282991,0.4950985807170092,12.6,0.9893
4,5.431290967968743,-1.431290967968743,9.3,0.9952
7,6.504502282574167,0.4954977174258328,12.6,0.9903
6,6.341831613364682,-0.3418316133646817,12.1,0.9912
6,5.624827379577241,0.37517262042275856,9.9,0.9983
5,5.8863617223123,-0.8863617223122997,10.7,0.9937
4,5.659325266026551,-1.659325266026551,10.0,0.9932
8,5.789334077647316,2.2106659223526837,10.4,0.9928
5,5.822035848906919,-0.8220358489069186,10.5,0.9922
5,5.5601821968048,-0.5601821968048002,9.7,0.9976
5,5.822035848906919,-0.8220358489069186,10.5,0.9922
5,5.333025999506404,-0.333025999506404,9.0,0.9974
6,5.3977110959497265,0.6022889040502735,9.2,0.998
6,5.691827468931742,0.3081725310682577,10.1,0.9931
7,6.114635502395403,0.8853644976045967,11.4,0.9911
5,5.918544615850434,-0.9185446158504336,10.8,0.9944
5,5.951286300780918,-0.951286300780918,10.9,0.9937
6,5.3979505779750205,0.6020494220249795,9.2,0.9974
7,6.602408027998565,0.39759197200143515,12.9,0.989
7,6.309050014763315,0.6909499852366849,12.0,0.992
5,5.4971734745385366,-0.49717347453853655,9.5,0.9928
7,6.244205263636462,0.755794736363538,11.8,0.9918
6,5.367005008234242,0.6329949917657576,9.1,0.9936
6,5.561459434273036,0.43854056572696365,9.7,0.9944
5,5.36492949734836,-0.3649294973483599,9.1,0.9988
5,5.659005956659492,-0.6590059566594917,10.0,0.994
5,5.788336235875257,-0.7883362358752573,10.4,0.9953
6,5.494858481627359,0.5051415183726409,9.5,0.9986
8,6.406676364491536,1.5933236355084643,12.3,0.9914
8,6.211104355668035,1.7888956443319648,11.7,0.9934
5,5.4958962370703,-0.4958962370703004,9.5,0.996
5,6.14606003618677,-1.1460600361867703,11.5,0.9937
6,5.854538051812109,0.14546194818789093,10.6,0.9921
5,5.722333988292815,-0.7223339882928146,10.2,0.998
5,5.4958962370703,-0.4958962370703004,9.5,0.996
5,5.821596798527213,-0.8215967985272128,10.5,0.9933
5,5.821596798527213,-0.8215967985272128,10.5,0.9933
5,5.301162415335331,-0.30116241533533117,8.9,0.9959
5,5.853939346748874,-0.8539393467488736,10.6,0.9936
5,5.4961756327664775,-0.49617563276647747,9.5,0.9953
6,5.918784097875728,0.08121590212427243,10.8,0.9938
5,5.49621554643736,-0.49621554643735966,9.5,0.9952
5,5.301162415335331,-0.30116241533533117,8.9,0.9959
5,5.301162415335331,-0.30116241533533117,8.9,0.9959
4,5.464351962266287,-1.4643519622662868,9.4,0.9937
6,5.854577965482992,0.14542203451700786,10.6,0.992
4,5.333305395202581,-1.333305395202581,9.0,0.9967
4,5.821157748147507,-1.821157748147507,10.5,0.9944
6,5.332068071405228,0.667931928594772,9.0,0.9998
6,5.332068071405228,0.667931928594772,9.0,0.9998
6,5.464152393911875,0.535847606088125,9.4,0.9942
6,5.332068071405228,0.667931928594772,9.0,0.9998
6,5.528957231367844,0.4710427686321559,9.6,0.9945
6,5.332068071405228,0.667931928594772,9.0,0.9998
7,5.723691053102815,1.2763089468971849,10.2,0.9946
6,5.464152393911875,0.535847606088125,9.4,0.9942
6,5.789334077647316,0.21066592235268367,10.4,0.9928
5,5.788615631571433,-0.7886156315714334,10.4,0.9946
5,5.497213388209419,-0.49721338820941874,9.5,0.9927
6,5.853859519407109,0.14614048059289075,10.6,0.9938
5,5.984506949761991,-0.9845069497619914,11.0,0.9918
6,5.528957231367844,0.4710427686321559,9.6,0.9945
6,5.625505911982241,0.37449408801775874,9.9,0.9966
5,5.528598008329904,-0.5285980083299036,9.6,0.9954
6,6.569027724333962,-0.5690277243339619,12.8,0.9913
5,6.113837228977756,-1.113837228977756,11.4,0.9931
6,5.657169927798903,0.34283007220109685,10.0,0.9986
5,5.365847511778654,-0.3658475117786537,9.1,0.9965
7,5.462476019734815,1.5375239802651848,9.4,0.9984
6,5.723451571077521,0.2765484289224789,10.2,0.9952
5,5.398669024050903,-0.39866902405090343,9.2,0.9956
5,5.463872998215699,-0.46387299821569883,9.4,0.9949
5,5.528598008329904,-0.5285980083299036,9.6,0.9954
6,5.690669972476154,0.3093300275238464,10.1,0.996
5,6.113837228977756,-1.113837228977756,11.4,0.9931
6,5.854577965482992,0.14542203451700786,10.6,0.992
7,6.569067638004844,0.43093236199515594,12.8,0.9912
5,5.300404055588566,-0.3004040555885661,8.9,0.9978
5,5.431849759361096,-0.4318497593610964,9.3,0.9938
8,6.01712889367983,1.9828711063201698,11.1,0.9914
6,5.626862976792242,0.3731370232077582,9.9,0.9932
5,5.528997145038727,-0.5289971450387272,9.6,0.9944
6,6.569027724333962,-0.5690277243339619,12.8,0.9913
7,5.885922671932594,1.1140773280674061,10.7,0.9948
6,5.3977110959497265,0.6022889040502735,9.2,0.998
7,5.364530360639536,1.6354696393604637,9.1,0.9998
6,5.52819887162108,0.4718011283789201,9.6,0.9964
6,5.3972321318991385,0.6027678681008615,9.2,0.9992
7,5.885922671932594,1.1140773280674061,10.7,0.9948
7,5.364530360639536,1.6354696393604637,9.1,0.9998
6,5.3977110959497265,0.6022889040502735,9.2,0.998
7,5.886281894970535,1.1137181050294647,10.7,0.9939
6,5.9195025439516105,0.08049745604838954,10.8,0.992
7,5.919422716609845,1.0805772833901548,10.8,0.9922
5,5.333784359253169,-0.33378435925316907,9.0,0.9955
6,5.887159995729947,0.11284000427005303,10.7,0.9917
6,5.887159995729947,0.11284000427005303,10.7,0.9917
5,5.463673429861287,-0.463673429861287,9.4,0.9954
6,5.267622456987198,0.7323775430128023,8.8,0.9986
5,5.333784359253169,-0.33378435925316907,9.0,0.9955
6,6.146858309604418,-0.1468583096044176,11.5,0.9917
6,6.471880338656329,-0.4718803386563293,12.5,0.9907
6,5.822035848906919,0.1779641510930814,10.5,0.9922
5,5.560900642880683,-0.5609006428806831,9.7,0.9958
6,6.08141485341433,-0.08141485341432997,11.3,0.993
6,5.887159995729947,0.11284000427005303,10.7,0.9917
6,5.919263061926316,0.08073693807368443,10.8,0.9926
5,5.85302133231858,-0.8530213323185798,10.6,0.9959
8,6.212221938452741,1.7877780615472592,11.7,0.9906
5,5.397192218228256,-0.39719221822825634,9.2,0.9993
8,6.016490274945712,1.9835097250542884,11.1,0.993
8,6.212221938452741,1.7877780615472592,11.7,0.9906
6,5.984427122420227,0.015572877579772992,11.0,0.992
7,6.471361460934859,0.5286385390651409,12.5,0.992
6,5.659005956659492,0.3409940433405083,10.0,0.994
5,5.85302133231858,-0.8530213323185798,10.6,0.9959
7,6.40691584651683,0.5930841534831703,12.3,0.9908
6,6.5370044854793585,-0.5370044854793585,12.7,0.9902
7,6.40691584651683,0.5930841534831703,12.3,0.9908
5,5.821197661818389,-0.8211976618183892,10.5,0.9943
6,6.471321547263976,-0.471321547263976,12.5,0.9921
3,6.4392583947384905,-3.4392583947384905,12.4,0.9911
6,5.235160167752889,0.7648398322471106,8.7,0.9986
7,6.43889917170055,0.5611008282994501,12.4,0.992
7,6.503823750169167,0.49617624983083264,12.6,0.992
6,5.983509107989932,0.016490892010067704,11.0,0.9943
6,5.691587986906448,0.3084120130935517,10.1,0.9937
5,5.82171653953986,-0.8217165395398602,10.5,0.993
6,6.5370044854793585,-0.5370044854793585,12.7,0.9902
5,5.9516455238188595,-0.9516455238188595,10.9,0.9928
7,6.796942281379122,0.20305771862087774,13.5,0.9896
5,5.560022542121271,-0.5600225421212706,9.7,0.998
6,5.398748851392669,0.6012511486073313,9.2,0.9954
7,5.853859519407109,1.1461404805928908,10.6,0.9938
7,6.731139602151093,0.2688603978489068,13.3,0.9918
7,6.796942281379122,0.20305771862087774,13.5,0.9896
5,5.691308591210272,-0.6913085912102721,10.1,0.9944
4,5.46187731467158,-1.4618773146715798,9.4,0.9999
7,5.853260814343874,1.1467391856561262,10.6,0.9953
6,6.081813990123154,-0.0818139901231536,11.3,0.992
7,5.919302975597198,1.0806970244028022,10.8,0.9925
5,5.787218653090551,-0.7872186530905507,10.4,0.9981
7,5.820838438780448,1.1791615612195523,10.5,0.9952
5,5.432288809740802,-0.4322888097408022,9.3,0.9927
6,5.432288809740802,0.5677111902591978,9.3,0.9927
7,6.374333816269873,0.625666183730127,12.2,0.9911
5,5.399467297468551,-0.3994672974685507,9.2,0.9936
6,5.755634464615654,0.2443655353843459,10.3,0.9959
6,5.463992739228345,0.5360072607716546,9.4,0.9946
6,5.723611225761051,0.27638877423894925,10.2,0.9948
6,5.333784359253169,0.6662156407468309,9.0,0.9955
6,5.431330881639625,0.5686691183603747,9.3,0.9951
6,5.398828678734433,0.6011713212655669,9.2,0.9952
6,5.463992739228345,0.5360072607716546,9.4,0.9946
6,5.463992739228345,0.5360072607716546,9.4,0.9946
6,5.496534855804419,0.5034651441955811,9.5,0.9944
5,5.626623494766948,-0.6266234947669478,9.9,0.9938
7,6.015173123806594,0.9848268761934058,11.1,0.9963
8,6.406836019175065,1.5931639808249347,12.3,0.991
7,5.20201934611358,1.7979806538864196,8.6,1.0003
5,5.463194465810698,-0.4631944658106981,9.4,0.9966
6,5.462116796696875,0.5378832033031253,9.4,0.9993
7,5.20201934611358,1.7979806538864196,8.6,1.0003
5,5.951246387110036,-0.9512463871100358,10.9,0.9938
5,5.46323437948158,-0.4632343794815803,9.4,0.9965
5,5.951246387110036,-0.9512463871100358,10.9,0.9938
6,5.462116796696875,0.5378832033031253,9.4,0.9993
6,5.399387470126786,0.6006125298732137,9.2,0.9938
7,5.20201934611358,1.7979806538864196,8.6,1.0003
5,5.463194465810698,-0.4631944658106981,9.4,0.9966
6,5.918624443192198,0.08137555680780206,10.8,0.9942
6,5.821796366881625,0.1782036331183754,10.5,0.9928
6,6.471760597643683,-0.4717605976436827,12.5,0.991
7,6.341871527035564,0.6581284729644361,12.1,0.9911
5,5.235519390790831,-0.23551939079083084,8.7,0.9977
8,6.5360066437072994,1.4639933562927006,12.7,0.9927
7,6.341871527035564,0.6581284729644361,12.1,0.9911
6,6.471760597643683,-0.4717605976436827,12.5,0.991
7,6.114595588724521,0.8854044112754789,11.4,0.9912
7,6.601729495593564,0.39827050440643585,12.9,0.9907
7,6.569466774713668,0.4305332252863323,12.8,0.9902
6,6.049351700888845,-0.04935170088884533,11.2,0.992
6,5.561619088956565,0.4383809110434349,9.7,0.994
6,5.560581333513624,0.4394186664863762,9.7,0.9966
6,5.756791961071242,0.24320803892875809,10.3,0.993
4,6.178801721117257,-2.1788017211172566,11.6,0.993
4,6.178801721117257,-2.1788017211172566,11.6,0.993
6,5.560581333513624,0.4394186664863762,9.7,0.9966
6,5.951086732426506,0.04891326757349379,10.9,0.9942
7,6.5036241818147555,0.49637581818524446,12.6,0.9925
6,6.438699603346137,-0.4386996033461372,12.4,0.9925
5,6.146419259224712,-1.1464192592247118,11.5,0.9928
6,5.7235313984192855,0.2764686015807145,10.2,0.995
5,6.113517919610698,-1.1135179196106977,11.4,0.9939
6,5.528438353646374,0.4715616463536261,9.6,0.9958
6,5.75591386031183,0.24408613968816972,10.3,0.9952
5,5.429375111766389,-0.4293751117663893,9.3,1.0
7,5.885922671932594,1.1140773280674061,10.7,0.9948
8,6.569546602055433,1.430453397944567,12.8,0.99
5,5.495976064412066,-0.49597606441206565,9.5,0.9958
6,5.788535804229669,0.21146419577033093,10.4,0.9948
6,5.756033601324478,0.24396639867552228,10.3,0.9949
6,5.625346257298712,0.3746537427012884,9.9,0.997
6,5.886760859021123,0.11323914097887666,10.7,0.9927
5,5.821397230172801,-0.821397230172801,10.5,0.9938
5,5.528797576684315,-0.5287975766843154,9.6,0.9949
6,5.431251054297861,0.5687489457021391,9.3,0.9953
6,5.657808546533021,0.3421914534669792,10.0,0.997
6,6.048872736838256,-0.048872736838256436,11.2,0.9932
5,5.919223148255433,-0.9192231482554334,10.8,0.9927
6,5.7567121337294775,0.24328786627052246,10.3,0.9932
5,5.268859780784551,-0.26885978078455075,8.8,0.9955
6,6.56898781066308,-0.5689878106630797,12.8,0.9914
6,6.698996622283843,-0.6989966222838433,13.2,0.991
6,5.692266519311449,0.307733480688551,10.1,0.992
5,5.984267467736697,-0.9842674677366974,11.0,0.9924
6,5.919223148255433,0.08077685174456661,10.8,0.9927
7,6.569107551675726,0.43089244832427376,12.8,0.9911
6,5.398589196709139,0.6014108032908609,9.2,0.9958
6,5.821796366881625,0.1782036331183754,10.5,0.9928
6,6.2123815931362705,-0.21238159313627047,11.7,0.9902
5,5.496694510487948,-0.49669451048794766,9.5,0.994
5,5.496694510487948,-0.49669451048794766,9.5,0.994
6,5.268181248379551,0.7318187516204491,8.8,0.9972
7,5.42921545708286,1.5707845429171403,9.3,1.0004
8,6.504222886877991,1.495777113122009,12.6,0.991
6,6.438978999042314,-0.4389789990423143,12.4,0.9918
6,5.691069109184977,0.3089308908150228,10.1,0.995
8,6.048513513800315,1.951486486199685,11.2,0.9941
5,5.658367337925374,-0.658367337925374,10.0,0.9956
5,5.658367337925374,-0.658367337925374,10.0,0.9956
6,5.917945910787198,0.08205408921280188,10.8,0.9959
6,5.659724402735375,0.3402755972646254,10.0,0.9922
5,5.789214336634669,-0.7892143366346689,10.4,0.9931
6,5.917945910787198,0.08205408921280188,10.8,0.9959
6,5.59232517667205,0.4076748233279499,9.8,0.9984
8,6.3744535572825205,1.6255464427174795,12.2,0.9908
8,6.5366851761123,1.4633148238876998,12.7,0.991
7,6.373655283864873,0.6263447161351268,12.2,0.9928
7,6.275949106794888,0.7240508932051117,11.9,0.9936
8,6.048513513800315,1.951486486199685,11.2,0.9941
4,5.789493732330846,-1.789493732330846,10.4,0.9924
7,6.568868069650432,0.43113193034956776,12.8,0.9917
7,6.536844830795829,0.4631551692041711,12.7,0.9906
6,5.691069109184977,0.3089308908150228,10.1,0.995
5,5.658367337925374,-0.658367337925374,10.0,0.9956
5,5.333784359253169,-0.33378435925316907,9.0,0.9955
5,6.114795157078933,-1.114795157078933,11.4,0.9907
6,5.299525954829154,0.7004740451708464,8.9,1.0
6,5.431251054297861,0.5687489457021391,9.3,0.9953
8,6.309409237801256,1.6905907621987444,12.0,0.9911
7,5.919422716609845,1.0805772833901548,10.8,0.9922
6,5.82087835245133,0.1791216475486701,10.5,0.9951
7,5.853460382698286,1.1465396173017144,10.6,0.9948
7,6.082372781515506,0.917627218484494,11.3,0.9906
4,5.496694510487948,-1.4966945104879477,9.5,0.994
5,6.114795157078933,-1.114795157078933,11.4,0.9907
7,5.691987123615272,1.308012876384728,10.1,0.9927
6,5.952204315211213,0.04779568478878726,10.9,0.9914
5,5.301202329006213,-0.30120232900621335,8.9,0.9958
6,5.299525954829154,0.7004740451708464,8.9,1.0
5,5.430013730500507,-0.43001373050050695,9.3,0.9984
6,5.788815199925845,0.21118480007415474,10.4,0.9941
7,6.308092086662138,0.6919079133378618,12.0,0.9944
6,5.495097963652653,0.5049020363473469,9.5,0.998
6,5.495097963652653,0.5049020363473469,9.5,0.998
7,6.439617617776432,0.5603823822235681,12.4,0.9902
7,6.049710923926786,0.9502890760732141,11.2,0.9911
6,6.113917056319521,-0.11391705631952131,11.4,0.9929
6,6.113877142648638,-0.11387714264863824,11.4,0.993
7,6.0169692389963005,0.9830307610036995,11.1,0.9918
6,5.789653387014376,0.2103466129856244,10.4,0.992
7,6.308571050712726,0.6914289492872738,12.0,0.9932
7,6.406436882466242,0.5935631175337583,12.3,0.992
6,5.366845353550713,0.6331546464492872,9.1,0.994
6,5.821995935236036,0.17800406476396358,10.5,0.9923
6,6.113877142648638,-0.11387714264863824,11.4,0.993
5,5.49605589175383,-0.49605589175383,9.5,0.9956
7,6.861427809468034,0.13857219053196612,13.7,0.9907
6,6.764320337461285,-0.7643203374612852,13.4,0.99
7,6.081893817464918,0.918106182535082,11.3,0.9918
6,5.659564748051845,0.34043525194815505,10.0,0.9926
6,5.691069109184977,0.3089308908150228,10.1,0.995
6,6.37477286664958,-0.37477286664957976,12.2,0.99
6,6.764320337461285,-0.7643203374612852,13.4,0.99
6,5.431530449994037,0.5684695500059629,9.3,0.9946
7,6.861427809468034,0.13857219053196612,13.7,0.9907
7,6.407314983225653,0.5926850167743467,12.3,0.9898
7,6.081893817464918,0.918106182535082,11.3,0.9918
7,5.300084746221507,1.6999152537784932,8.9,0.9986
7,5.300084746221507,1.6999152537784932,8.9,0.9986
6,6.146419259224712,-0.14641925922471177,11.5,0.9928
7,5.300084746221507,1.6999152537784932,8.9,0.9986
6,5.43021329885492,0.5697867011450803,9.3,0.9979
8,6.016091138236888,1.983908861763112,11.1,0.994
8,5.951286300780918,2.048713699219082,10.9,0.9937
5,6.178482411750197,-1.1784824117501973,11.6,0.9938
4,5.723850707786345,-1.7238507077863447,10.2,0.9942
8,5.821157748147507,2.178842251852493,10.5,0.9944
6,6.113877142648638,-0.11387714264863824,11.4,0.993
7,5.300084746221507,1.6999152537784932,8.9,0.9986
6,5.854099001432403,0.14590099856759675,10.6,0.9932
6,6.178642066433727,-0.17864206643372693,11.6,0.9934
6,6.146419259224712,-0.14641925922471177,11.5,0.9928
8,6.406237314111829,1.593762685888171,12.3,0.9925
6,5.918544615850434,0.08145538414956643,10.8,0.9944
6,6.082253040502859,-0.08225304050285942,11.3,0.9909
5,5.43208924138639,-0.4320892413863904,9.3,0.9932
6,5.659245438684787,0.3407545613152134,10.0,0.9934
3,5.981194115078755,-2.981194115078755,11.0,1.0001
5,5.724728808545757,-0.7247288085457573,10.2,0.992
7,5.919662198635139,1.0803378013648608,10.8,0.9916
4,5.689871699058506,-1.6898716990585063,10.1,0.998
6,6.179240771496962,-0.17924077149696238,11.6,0.9919
5,5.367444058613948,-0.36744405861394824,9.1,0.9925
4,5.657529150836845,-1.6575291508368446,10.0,0.9977
6,5.918544615850434,0.08145538414956643,10.8,0.9944
6,6.114675416066286,-0.1146754160662864,11.4,0.991
6,6.537084312821124,-0.5370843128211238,12.7,0.99
5,6.0819337311358,-1.0819337311358002,11.3,0.9917
7,5.789533646001728,1.2104663539982718,10.4,0.9923
5,5.529635763772845,-0.5296357637728448,9.6,0.9928
4,5.692146778298802,-1.6921467782988016,10.1,0.9923
5,5.529635763772845,-0.5296357637728448,9.6,0.9928
7,6.342230750073505,0.6577692499264947,12.1,0.9902
6,6.375052262345756,-0.37505226234575595,12.2,0.9893
5,6.0819337311358,-1.0819337311358002,11.3,0.9917
5,5.527480425545197,-0.527480425545197,9.6,0.9982
5,5.3967132541776675,-0.39671325417766745,9.2,1.0005
7,5.789533646001728,1.2104663539982718,10.4,0.9923
5,5.496255460108242,-0.49625546010824184,9.5,0.9951
5,5.301282156347978,-0.3012821563479777,8.9,0.9956
5,5.267861939012492,-0.26786193901249167,8.8,0.998
5,5.821796366881625,-0.8217963668816246,10.5,0.9928
5,5.464312048595405,-0.46431204859540465,9.4,0.9938
6,6.3742140752572265,-0.3742140752572265,12.2,0.9914
6,6.08041701164227,-0.08041701164227,11.3,0.9955
6,6.373814938548403,-0.37381493854840286,12.2,0.9924
6,6.374333816269873,-0.37433381626987305,12.2,0.9911
6,6.049471441901492,-0.049471441901491886,11.2,0.9917
6,6.049471441901492,-0.049471441901491886,11.2,0.9917
6,6.146259604541182,-0.14625960454118214,11.5,0.9932
6,6.08041701164227,-0.08041701164227,11.3,0.9955
5,5.432208982399038,-0.4322089823990378,9.3,0.9929
6,6.08041701164227,-0.08041701164227,11.3,0.9955
7,6.2426087168011675,0.7573912831988325,11.8,0.9958
5,5.396433858481491,-0.39643385848149126,9.2,1.0012
5,5.398190060000315,-0.3981900600003154,9.2,0.9968
6,6.374333816269873,-0.37433381626987305,12.2,0.9911
6,6.373814938548403,-0.37381493854840286,12.2,0.9924
6,6.374373729940756,-0.37437372994075613,12.2,0.991
6,5.85354021004005,0.14645978995995002,10.6,0.9946
6,6.438579862333491,-0.43857986233349067,12.4,0.9928
6,5.918464788508668,0.0815352114913317,10.8,0.9946
6,6.049471441901492,-0.049471441901491886,11.2,0.9917
6,5.984506949761991,0.015493050238008621,11.0,0.9918
8,6.536046557378182,1.4639534426218184,12.7,0.9926
5,5.724289758166051,-0.7242897581660506,10.2,0.9931
6,6.146259604541182,-0.14625960454118214,11.5,0.9932
7,6.4071154148712415,0.5928845851287585,12.3,0.9903
5,5.594560342241463,-0.5945603422414631,9.8,0.9928
5,5.432208982399038,-0.4322089823990378,9.3,0.9929
7,6.2426087168011675,0.7573912831988325,11.8,0.9958
6,6.08041701164227,-0.08041701164227,11.3,0.9955
5,6.114635502395403,-1.1146355023954033,11.4,0.9911
6,5.918784097875728,0.08121590212427243,10.8,0.9938
4,5.496614683146183,-1.4966146831461833,9.5,0.9942
6,5.723730966773697,0.2762690332263027,10.2,0.9945
5,5.885363880540241,-0.8853638805402406,10.7,0.9962
6,5.9195025439516105,0.08049745604838954,10.8,0.992
6,6.146459172895594,-0.14645917289559396,11.5,0.9927
6,5.885922671932594,0.11407732806740611,10.7,0.9948
6,5.723730966773697,0.2762690332263027,10.2,0.9945
6,5.6913884185520365,0.3086115814479635,10.1,0.9942
6,5.788376149546139,0.21162385045386056,10.4,0.9952
4,5.496614683146183,-1.4966146831461833,9.5,0.9942
3,5.366126907474831,-2.366126907474831,9.1,0.9958
6,5.8546577928247565,0.1453422071752435,10.6,0.9918
6,5.464551530620699,0.5354484693793014,9.4,0.9932
6,5.591526903254403,0.4084730967455972,9.8,1.0004
6,5.495417273019712,0.5045827269802876,9.5,0.9972
5,5.429454939108155,-0.4294549391081546,9.3,0.9998
6,5.757270925121831,0.2427290748781692,10.3,0.9918
5,6.0169692389963005,-1.0169692389963005,11.1,0.9918
5,5.658048028558316,-0.6580480285583157,10.0,0.9964
8,6.405798263732123,1.5942017362678769,12.3,0.9936
8,6.438460121320843,1.5615398786791568,12.4,0.9931
7,6.405718436390359,0.5942815636096412,12.3,0.9938
5,5.789094595622022,-0.7890945956220223,10.4,0.9934
7,6.342310577415271,0.6576894225847294,12.1,0.99
6,6.471600942960153,-0.4716009429601531,12.5,0.9914
6,6.634311525840521,-0.6343115258405208,13.0,0.9904
7,5.983628849002579,1.0163711509974211,11.0,0.994
5,5.691548073235566,-0.6915480732355661,10.1,0.9938
5,5.399587038481198,-0.39958703848119814,9.2,0.9933
7,6.504262800548873,0.4957371994511268,12.6,0.9909
8,6.37309649247252,1.62690350752748,12.2,0.9942
7,5.593881809836462,1.4061181901635376,9.8,0.9945
6,5.9830700576102265,0.016929942389773522,11.0,0.9954
6,5.658207683241844,0.3417923167581556,10.0,0.996
6,5.592045780975874,0.4079542190241261,9.8,0.9991
5,5.82171653953986,-0.8217165395398602,10.5,0.993
5,5.658926129317727,-0.6589261293177273,10.0,0.9942
6,6.048792909496492,-0.048792909496492065,11.2,0.9934
7,5.983668762673462,1.016331237326538,11.0,0.9939
6,6.048673168483845,-0.04867316848384462,11.2,0.9937
7,5.983628849002579,1.0163711509974211,11.0,0.994
6,5.821876194223389,0.17812380577661102,10.5,0.9926
6,5.853340641685638,0.14665935831436183,10.6,0.9951
6,5.853300728014756,0.14669927198524402,10.6,0.9952
6,6.308451309700079,-0.3084513097000787,12.0,0.9935
5,5.691548073235566,-0.6915480732355661,10.1,0.9938
6,5.691508159564684,0.3084918404353161,10.1,0.9939
5,5.399587038481198,-0.39958703848119814,9.2,0.9933
5,5.98414772672405,-0.9841477267240499,11.0,0.9927
6,5.657409409824197,0.34259059017580284,10.0,0.998
6,5.234721117373184,0.7652788826268164,8.7,0.9997
5,5.235359736107301,-0.2353597361073012,8.7,0.9981
6,6.016889411654536,-0.01688941165453617,11.1,0.992
6,5.9830700576102265,0.016929942389773522,11.0,0.9954
6,6.016889411654536,-0.01688941165453617,11.1,0.992
6,5.234721117373184,0.7652788826268164,8.7,0.9997
5,5.235359736107301,-0.2353597361073012,8.7,0.9981
7,6.048433686458551,0.9515663135414494,11.2,0.9943
7,6.016051224566006,0.9839487754339942,11.1,0.9941
6,5.918863925217492,0.08113607478250806,10.8,0.9936
6,5.332147898746992,0.6678521012530076,9.0,0.9996
6,5.7567121337294775,0.24328786627052246,10.3,0.9932
5,5.627102458817536,-0.6271024588175358,9.9,0.9926
6,5.659165611343021,0.3408343886569787,10.0,0.9936
6,5.594879651608522,0.4051203483914776,9.8,0.992
6,5.918863925217492,0.08113607478250806,10.8,0.9936
6,5.332147898746992,0.6678521012530076,9.0,0.9996
4,5.367244490259537,-1.3672444902595373,9.1,0.993
6,5.8544183107994625,0.1455816892005375,10.6,0.9924
6,5.854258656115933,0.14574134388406712,10.6,0.9928
5,5.627102458817536,-0.6271024588175358,9.9,0.9926
6,5.853300728014756,0.14669927198524402,10.6,0.9952
6,5.626344099070771,0.3736559009292293,9.9,0.9945
6,5.626344099070771,0.3736559009292293,9.9,0.9945
6,6.5694268610427855,-0.5694268610427855,12.8,0.9903
6,5.7567121337294775,0.24328786627052246,10.3,0.9932
6,5.853260814343874,0.1467391856561262,10.6,0.9953
6,5.237155851297008,0.7628441487029924,8.7,0.9936
7,6.504143059536226,0.49585694046377427,12.6,0.9912
7,5.982750748243167,1.0172492517568328,11.0,0.9962
7,6.047555585699138,0.9524444143008619,11.2,0.9965
7,5.8865612906667115,1.1134387093332885,10.7,0.9932
6,5.5280791306084325,0.4719208693915675,9.6,0.9967
6,5.853260814343874,0.1467391856561262,10.6,0.9953
4,5.333465049886111,-1.3334650498861107,9.0,0.9963
4,5.822115676248684,-1.8221156762486839,10.5,0.992
6,6.569147465346609,-0.5691474653466093,12.8,0.991
5,5.690749799817919,-0.6907497998179188,10.1,0.9958
7,6.37477286664958,0.6252271333504202,12.2,0.99
6,6.569147465346609,-0.5691474653466093,12.8,0.991
5,5.690749799817919,-0.6907497998179188,10.1,0.9958
6,5.691548073235566,0.3084519267644339,10.1,0.9938
5,5.397072477215609,-0.3970724772156089,9.2,0.9996
5,5.6263041853998885,-0.6263041853998885,9.9,0.9946
6,5.5602620241465655,0.43973797585343455,9.7,0.9974
5,5.626344099070771,-0.6263440990707707,9.9,0.9945
5,5.6263041853998885,-0.6263041853998885,9.9,0.9946
6,5.5602620241465655,0.43973797585343455,9.7,0.9974
6,5.7557142919574185,0.24428570804258154,10.3,0.9957
5,5.75675204740036,-0.7567520474003597,10.3,0.9931
4,5.8210380071348595,-1.8210380071348595,10.5,0.9947
6,5.8207985251095655,0.17920147489043448,10.5,0.9953
6,5.594440601228816,0.4055593987711843,9.8,0.9931
4,5.85354021004005,-1.85354021004005,10.6,0.9946
5,5.689951526400272,-0.6899515264002716,10.1,0.9978
4,5.3324272944431685,-1.3324272944431685,9.0,0.9989
5,5.494140035551476,-0.49414003555147623,9.5,1.0004
6,6.146020122515888,-0.14602012251588814,11.5,0.9938
7,6.2760289341366535,0.7239710658633465,11.9,0.9934
5,5.689951526400272,-0.6899515264002716,10.1,0.9978
6,5.398669024050903,0.6013309759490966,9.2,0.9956
5,5.235319822436419,-0.23531982243641902,8.7,0.9982
5,5.593762068823816,-0.5937620688238159,9.8,0.9948
6,5.398669024050903,0.6013309759490966,9.2,0.9956
5,5.235319822436419,-0.23531982243641902,8.7,0.9982
6,6.04911221886355,-0.04911221886355044,11.2,0.9926
6,6.406836019175065,-0.4068360191750653,12.3,0.991
6,5.788655545242316,0.21134445475768437,10.4,0.9945
6,5.887199909400829,0.11280009059917084,10.7,0.9916
6,5.8207985251095655,0.17920147489043448,10.5,0.9953
6,5.464312048595405,0.5356879514045954,9.4,0.9938
6,5.398669024050903,0.6013309759490966,9.2,0.9956
5,6.277146516921359,-1.2771465169213592,11.9,0.9906
6,5.398669024050903,0.6013309759490966,9.2,0.9956
6,5.626862976792242,0.3731370232077582,9.9,0.9932
6,6.114515761382757,-0.11451576138275676,11.4,0.9914
6,5.464312048595405,0.5356879514045954,9.4,0.9938
6,5.885443707882005,0.114556292117995,10.7,0.996
5,6.536844830795829,-1.536844830795829,12.7,0.9906
7,6.797521029606917,0.20247897039308338,13.5,0.98815
5,5.496614683146183,-0.4966146831461833,9.5,0.9942
9,6.601889150277094,2.3981108497229062,12.9,0.9903
6,6.4719202523272115,-0.47192025232721146,12.5,0.9906
7,5.4968940788423595,1.5031059211576405,9.5,0.9935
5,5.20118115902505,-0.20118115902505007,8.6,1.0024
7,5.657888373874786,1.342111626125214,10.0,0.9968
6,6.4719202523272115,-0.47192025232721146,12.5,0.9906
6,5.691428332222919,0.30857166777708134,10.1,0.9941
7,6.081853903794036,0.9181460962059642,11.3,0.9919
7,5.854258656115933,1.1457413438840671,10.6,0.9928
5,5.91798582445808,-0.9179858244580803,10.8,0.9958
6,5.8865612906667115,0.11343870933328848,10.7,0.9932
6,5.333704531911405,0.6662954680885953,9.0,0.9957
6,5.3994273837976685,0.6005726162023315,9.2,0.9937
6,5.170395243967802,0.8296047560321984,8.5,0.9982
8,6.081494680756094,1.9185053192439057,11.3,0.9928
7,6.081853903794036,0.9181460962059642,11.3,0.9919
5,5.463593602519522,-0.46359360251952175,9.4,0.9956
6,5.236317664208478,0.7636823357915219,8.7,0.9957
6,5.463673429861287,0.536326570138713,9.4,0.9954
7,5.82171653953986,1.1782834604601398,10.5,0.993
6,5.561060297564213,0.4389397024357873,9.7,0.9954
6,5.722054592596638,0.2779454074033616,10.2,0.9987
5,5.463593602519522,-0.46359360251952175,9.4,0.9956
6,6.146419259224712,-0.14641925922471177,11.5,0.9928
6,5.52871774934255,0.4712822506574499,9.6,0.9951
5,6.113877142648638,-1.1138771426486382,11.4,0.993
6,6.146419259224712,-0.14641925922471177,11.5,0.9928
8,6.373735111206638,1.6262648887933624,12.2,0.9926
7,5.983708676344344,1.0162913236556559,11.0,0.9938
6,5.396872908861197,0.6031270911388029,9.2,1.0001
6,5.724209930824286,0.2757900691757138,10.2,0.9933
5,5.658526992608904,-0.6585269926089037,10.0,0.9952
6,5.56185857098186,0.43814142901814,9.7,0.9934
5,5.397391786582668,-0.39739178658266816,9.2,0.9988
5,5.82171653953986,-0.8217165395398602,10.5,0.993
5,5.658526992608904,-0.6585269926089037,10.0,0.9952
6,5.6911489365267425,0.3088510634732575,10.1,0.9948
7,5.364530360639536,1.6354696393604637,9.1,0.9998
7,5.722693211330756,1.277306788669244,10.2,0.9971
7,5.364530360639536,1.6354696393604637,9.1,0.9998
7,5.820439302071624,1.179560697928376,10.5,0.9962
6,5.6911489365267425,0.3088510634732575,10.1,0.9948
7,6.342310577415271,0.6576894225847294,12.1,0.99
5,5.723850707786345,-0.7238507077863447,10.2,0.9942
4,5.46323437948158,-1.4632343794815803,9.4,0.9965
7,6.569067638004844,0.43093236199515594,12.8,0.9912
6,5.332866344822875,0.6671336551771248,9.0,0.9978
4,5.9516455238188595,-1.9516455238188595,10.9,0.9928
6,5.262952557493961,0.7370474425060394,8.8,1.0103
5,5.333744445582287,-0.3337444455822869,9.0,0.9956
5,5.724090189811639,-0.7240901898116388,10.2,0.9936
5,5.399746693164728,-0.3997466931647278,9.2,0.9929
6,6.079977961262564,-0.07997796126256418,11.3,0.9966
5,5.26850055774661,-0.2685005577466102,8.8,0.9964
5,5.430971658601684,-0.43097165860168385,9.3,0.996
6,5.463473861506875,0.5365261384931248,9.4,0.9959
6,5.755834032970066,0.2441659670299341,10.3,0.9954
7,5.9197420259769045,1.0802579740230955,10.8,0.9914
6,5.262952557493961,0.7370474425060394,8.8,1.0103
4,5.331828589379933,-1.331828589379933,9.0,1.0004
8,6.147097791629712,1.8529022083702884,11.5,0.9911
5,5.918784097875728,-0.9187840978757276,10.8,0.9938
6,6.2438460405985206,-0.24384604059852055,11.8,0.9927
7,5.822035848906919,1.1779641510930814,10.5,0.9922
6,5.627182286159301,0.37281771384069895,9.9,0.9924
6,5.59316336376058,0.40683663623941957,9.8,0.9963
7,6.113637660623344,0.8863623393766558,11.4,0.9936
5,5.431330881639625,-0.4313308816396253,9.3,0.9951
5,5.431330881639625,-0.4313308816396253,9.3,0.9951
6,5.755794119299183,0.24420588070081717,10.3,0.9955
5,5.301082587993566,-0.3010825879935659,8.9,0.9961
7,6.113637660623344,0.8863623393766558,11.4,0.9936
6,6.016889411654536,-0.01688941165453617,11.1,0.992
6,5.788695458913199,0.2113045410868013,10.4,0.9944
5,5.691308591210272,-0.6913085912102721,10.1,0.9944
5,5.331668934696404,-0.33166893469640435,9.0,1.0008
6,6.274911351351947,-0.274911351351947,11.9,0.9962
7,5.332547035455816,1.667452964544184,9.0,0.9986
7,5.332547035455816,1.667452964544184,9.0,0.9986
7,5.364450533297771,1.635549466702229,9.1,1.0
7,5.332547035455816,1.667452964544184,9.0,0.9986
5,5.657329582482433,-0.6573295824824328,10.0,0.9982
7,5.364450533297771,1.635549466702229,9.1,1.0
3,5.463872998215699,-2.463872998215699,9.4,0.9949
6,6.114475847711875,-0.11447584771187458,11.4,0.9915
4,5.561180038576859,-1.5611800385768593,9.7,0.9951
7,5.332547035455816,1.667452964544184,9.0,0.9986
6,6.2438460405985206,-0.24384604059852055,11.8,0.9927
5,5.723331830064874,-0.7233318300648737,10.2,0.9955
6,5.398828678734433,0.6011713212655669,9.2,0.9952
6,5.984107813053168,0.015892186946832254,11.0,0.9928
6,5.657329582482433,0.3426704175175672,10.0,0.9982
6,6.3742140752572265,-0.3742140752572265,12.2,0.9914
6,6.2438460405985206,-0.24384604059852055,11.8,0.9927
6,6.179280685167845,-0.17928068516784457,11.6,0.9918
6,5.72377088044458,0.2762291195554196,10.2,0.9944
5,5.75523532790683,-0.7552353279068296,10.3,0.9969
4,5.203935202315933,-1.2039352023159333,8.6,0.9955
5,5.528598008329904,-0.5285980083299036,9.6,0.9954
5,5.5285580946590205,-0.5285580946590205,9.6,0.9955
6,6.0817740764522705,-0.08177407645227053,11.3,0.9921
6,5.626783149450477,0.3732168505495226,9.9,0.9934
5,5.526841806811079,-0.5268418068110794,9.6,0.9998
4,5.85354021004005,-1.85354021004005,10.6,0.9946
5,5.59232517667205,-0.5923251766720501,9.8,0.9984
5,5.821956021565154,-0.8219560215651542,10.5,0.9924
5,5.918744184204845,-0.9187441842048454,10.8,0.9939
6,5.658606819950668,0.34139318004933195,10.0,0.995
6,5.690789713488801,0.309210286511199,10.1,0.9957
5,5.463713343532169,-0.4637133435321692,9.4,0.9953
8,6.147057877958829,1.8529421220411706,11.5,0.9912
6,5.918744184204845,0.08125581579515462,10.8,0.9939
6,5.627302027171948,0.3726979728280524,9.9,0.9921
4,5.333824272924052,-1.3338242729240521,9.0,0.9954
6,5.4645116169498165,0.5354883830501835,9.4,0.9933
7,5.91866435686308,1.0813356431369199,10.8,0.9941
7,5.950767423059447,1.049232576940553,10.9,0.995
6,6.30677493552302,-0.3067749355230198,12.0,0.9977
8,6.147057877958829,1.8529421220411706,11.5,0.9912
6,5.821117834476624,0.1788821655233761,10.5,0.9945
6,5.431290967968743,0.5687090320312569,9.3,0.9952
6,6.243965781611168,-0.243965781611168,11.8,0.9924
6,5.657169927798903,0.34283007220109685,10.0,0.9986
5,5.463713343532169,-0.4637133435321692,9.4,0.9953
6,6.113517919610698,-0.11351791961069768,11.4,0.9939
6,5.789294163976434,0.21070583602356585,10.4,0.9929
6,5.494778654285595,0.5052213457144052,9.5,0.9988
5,6.277146516921359,-1.2771465169213592,11.9,0.9906
6,6.01712889367983,-0.01712889367983017,11.1,0.9914
6,5.527640080228727,0.47235991977127334,9.6,0.9978
6,6.308730705396256,-0.3087307053962558,12.0,0.9928
5,5.2366768872464196,-0.23667688724641955,8.7,0.9948
6,5.527640080228727,0.47235991977127334,9.6,0.9978
5,5.658766474634198,-0.6587664746341977,10.0,0.9946
4,6.114755243408051,-2.1147552434080508,11.4,0.9908
6,5.528598008329904,0.47140199167009644,9.6,0.9954
6,6.601769409264446,-0.6017694092644463,12.9,0.9906
6,5.560401721994653,0.4395982780053469,9.7,0.99705
6,5.430093557842272,0.5699064421577278,9.3,0.9982
5,5.367164662917772,-0.36716466291777206,9.1,0.9932
5,5.203057101556522,-0.20305710155652168,8.6,0.9977
5,5.6265436674251825,-0.6265436674251825,9.9,0.994
6,5.430093557842272,0.5699064421577278,9.3,0.9982
5,5.951605610147977,-0.9516056101479773,10.9,0.9929
6,5.724569153862228,0.27543084613777236,10.2,0.9924
6,5.560581333513624,0.4394186664863762,9.7,0.9966
7,6.11423636568658,0.8857636343134203,11.4,0.9921
6,5.495616841374124,0.5043831586258758,9.5,0.9967
7,5.724170017153404,1.275829982846596,10.2,0.9934
6,6.01712889367983,-0.01712889367983017,11.1,0.9914
6,5.560401721994653,0.4395982780053469,9.7,0.99705
5,5.430931744930802,-0.43093174493080166,9.3,0.9961
5,5.268380816733963,-0.26838081673396275,8.8,0.9967
5,5.854338483457697,-0.8543384834576973,10.6,0.9926
5,5.430951701766243,-0.43095170176624276,9.3,0.99605
6,5.7237908372800215,0.27620916271997853,10.2,0.99435
6,5.723611225761051,0.27638877423894925,10.2,0.9948
7,5.984586777103756,1.0154132228962442,11.0,0.9916
6,5.527959389595785,0.47204061040421497,9.6,0.997
5,5.430931744930802,-0.43093174493080166,9.3,0.9961
5,5.268380816733963,-0.26838081673396275,8.8,0.9967
5,5.268620298759257,-0.26862029875925675,8.8,0.9961
5,5.30132207001886,-0.3013220700188599,8.9,0.9955
5,5.659724402735375,-0.6597244027353746,10.0,0.9922
7,6.374054420573697,0.6259455794263031,12.2,0.9918
6,5.950567854705035,0.04943214529496487,10.9,0.9955
6,5.4966545968170655,0.5033454031829345,9.5,0.9941
6,5.950567854705035,0.04943214529496487,10.9,0.9955
6,5.950567854705035,0.04943214529496487,10.9,0.9955
6,5.919342889268081,0.08065711073191917,10.8,0.9924
6,6.3069345902065495,-0.30693459020654945,12.0,0.9973
5,5.592085694646756,-0.5920856946467561,9.8,0.999
6,5.4966545968170655,0.5033454031829345,9.5,0.9941
8,5.984347295078462,2.0156527049215383,11.0,0.9922
8,5.984347295078462,2.0156527049215383,11.0,0.9922
5,5.593562500469404,-0.5935625004694041,9.8,0.9953
4,5.821117834476624,-1.821117834476624,10.5,0.9945
6,6.113278437585403,-0.11327843758540279,11.4,0.9945
6,5.690789713488801,0.309210286511199,10.1,0.9957
7,6.178721893775491,0.8212781062245087,11.6,0.9932
6,6.113278437585403,-0.11327843758540279,11.4,0.9945
7,6.244404831990874,0.7555951680091262,11.8,0.9913
7,6.341951354377329,0.6580486456226708,12.1,0.9909
5,6.30829165501655,-1.30829165501655,12.0,0.9939
7,6.341911440706447,0.658088559293553,12.1,0.991
5,5.36628656215836,-0.3662865621583604,9.1,0.9954
5,5.431650191006685,-0.43165019100668456,9.3,0.9943
6,5.789254250305552,0.21074574969444804,10.4,0.993
5,5.364370705956007,-0.3643707059560066,9.1,1.0002
5,5.463992739228345,-0.4639927392283454,9.4,0.9946
6,5.528637922000786,0.47136207799921426,9.6,0.9953
5,6.309129842105079,-1.3091298421050794,12.0,0.9918
8,6.081175371389035,1.918824628610965,11.3,0.9936
6,5.235239995094654,0.7647600049053462,8.7,0.9984
6,5.625905048691065,0.3740949513089351,9.9,0.9956
6,5.43073217657639,0.5692678234236102,9.3,0.9966
5,5.496614683146183,-0.4966146831461833,9.5,0.9942
6,5.235239995094654,0.7647600049053462,8.7,0.9984
6,5.625905048691065,0.3740949513089351,9.9,0.9956
6,5.43073217657639,0.5692678234236102,9.3,0.9966
5,5.462875156443639,-0.46287515644363886,9.4,0.9974
5,5.464072566570111,-0.46407256657011065,9.4,0.9944
6,5.266744356227786,0.733255643772214,8.8,1.0008
5,5.462875156443639,-0.46287515644363886,9.4,0.9974
6,5.266744356227786,0.733255643772214,8.8,1.0008
6,5.627022631475771,0.3729773685242286,9.9,0.9928
5,5.464072566570111,-0.46407256657011065,9.4,0.9944
6,6.504302714219755,-0.5043027142197554,12.6,0.9908
6,6.017009152667183,-0.017009152667182725,11.1,0.9917
7,6.569107551675726,0.43089244832427376,12.8,0.9911
6,6.309369324130373,-0.30936932413037344,12.0,0.9912
7,6.307732863624197,0.6922671363758033,12.0,0.9953
4,5.39962695215208,-1.3996269521520803,9.2,0.9932
6,6.407394810567418,-0.40739481056741766,12.3,0.9896
6,6.634910230903756,-0.6349102309037562,13.0,0.9889
6,6.309369324130373,-0.30936932413037344,12.0,0.9912
5,5.951725351160624,-0.9517253511606238,10.9,0.9926
7,6.569107551675726,0.43089244832427376,12.8,0.9911
6,5.658048028558316,0.3419519714416843,10.0,0.9964
5,5.333025999506404,-0.333025999506404,9.0,0.9974
5,5.788695458913199,-0.7886954589131987,10.4,0.9944
5,5.333025999506404,-0.333025999506404,9.0,0.9974
6,5.658048028558316,0.3419519714416843,10.0,0.9964
6,5.658087942229198,0.34191205777080214,10.0,0.9963
7,6.080696407338447,0.9193035926615529,11.3,0.9948
7,6.080696407338447,0.9193035926615529,11.3,0.9948
7,6.307732863624197,0.6922671363758033,12.0,0.9953
7,6.080696407338447,0.9193035926615529,11.3,0.9948
7,6.307732863624197,0.6922671363758033,12.0,0.9953
6,5.853420469027403,0.14657953097259657,10.6,0.9949
5,5.429854075816978,-0.4298540758169782,9.3,0.9988
6,5.463673429861287,0.536326570138713,9.4,0.9954
7,5.984427122420227,1.015572877579773,11.0,0.992
6,5.430013730500507,0.569986269499493,9.3,0.9984
6,5.463673429861287,0.536326570138713,9.4,0.9954
5,5.821876194223389,-0.821876194223389,10.5,0.9926
7,5.984427122420227,1.015572877579773,11.0,0.992
6,5.495257618336183,0.5047423816638172,9.5,0.9976
6,6.047276190002962,-0.047276190002961904,11.2,0.9972
6,6.406836019175065,-0.4068360191750653,12.3,0.991
5,5.33278651748111,-0.33278651748111,9.0,0.998
5,5.333345308873463,-0.33334530887346325,9.0,0.9966
5,5.33278651748111,-0.33278651748111,9.0,0.998
5,5.3317088483672865,-0.33170884836728654,9.0,1.0007
6,6.114276279357463,-0.11427627935746276,11.4,0.992
7,5.984227554065814,1.0157724459341857,11.0,0.9925
6,6.406836019175065,-0.4068360191750653,12.3,0.991
7,5.789094595622022,1.2109054043779777,10.4,0.9934
5,5.755794119299183,-0.7557941192991828,10.3,0.9955
7,5.821157748147507,1.178842251852493,10.5,0.9944
6,5.5924449176846975,0.40755508231530246,9.8,0.9981
4,5.657888373874786,-1.657888373874786,10.0,0.9968
5,5.561379606931271,-0.5613796069312711,9.7,0.9946
5,5.561379606931271,-0.5613796069312711,9.7,0.9946
6,5.5924449176846975,0.40755508231530246,9.8,0.9981
6,5.821077920805742,0.1789220791942583,10.5,0.9946
6,5.657808546533021,0.3421914534669792,10.0,0.997
7,6.146578913908241,0.8534210860917586,11.5,0.9924
5,5.495976064412066,-0.49597606441206565,9.5,0.9958
6,5.821317402831036,0.17868259716896429,10.5,0.994
6,5.723212089052227,0.2767879109477729,10.2,0.9958
6,5.59232517667205,0.4076748233279499,9.8,0.9984
6,6.178083275041374,-0.17808327504137367,11.6,0.9948
7,6.243646472244109,0.7563535277558913,11.8,0.9932
7,5.690989281843213,1.3090107181567872,10.1,0.9952
6,5.757031443096537,0.2429685569034632,10.3,0.9924
6,5.788655545242316,0.21134445475768437,10.4,0.9945
5,5.3004838829303305,-0.30048388293033046,8.9,0.9976
5,5.3004838829303305,-0.30048388293033046,8.9,0.9976
5,5.918784097875728,-0.9187840978757276,10.8,0.9938
5,5.397032563544727,-0.3970325635447267,9.2,0.9997
6,5.529156799722256,0.47084320027774407,9.6,0.994
6,5.7896134733434925,0.21038652665650748,10.4,0.9921
6,5.235160167752889,0.7648398322471106,8.7,0.9986
6,5.39743170025355,0.6025682997464497,9.2,0.9987
5,5.397272045570021,-0.3972720455700207,9.2,0.9991
6,5.39743170025355,0.6025682997464497,9.2,0.9987
5,5.397272045570021,-0.3972720455700207,9.2,0.9991
5,5.397272045570021,-0.3972720455700207,9.2,0.9991
5,5.723611225761051,-0.7236112257610507,10.2,0.9948
6,5.39743170025355,0.6025682997464497,9.2,0.9987
5,5.334782201025229,-0.33478220102522904,9.0,0.993
5,5.559703232754212,-0.5597032327542122,9.7,0.9988
5,5.526761979469314,-0.5267619794693141,9.6,1.0
5,5.659325266026551,-0.659325266026551,10.0,0.9932
5,5.397272045570021,-0.3972720455700207,9.2,0.9991
5,5.364889583677477,-0.3648895836774768,9.1,0.9989
5,5.234601376360536,-0.23460137636053613,8.7,1.0
5,5.234601376360536,-0.23460137636053613,8.7,1.0
5,5.49621554643736,-0.49621554643735966,9.5,0.9952
6,5.49553701403236,0.5044629859676402,9.5,0.9969
6,5.300883019639154,0.6991169803608459,8.9,0.9966
6,5.300883019639154,0.6991169803608459,8.9,0.9966
6,5.625106775273418,0.3748932247265824,9.9,0.9976
7,6.504622023586815,0.4953779764131854,12.6,0.99
6,5.559703232754212,0.4402967672457878,9.7,0.9988
5,5.788775286254963,-0.7887752862549631,10.4,0.9942
6,5.365089152031889,0.6349108479681114,9.1,0.9984
5,5.789174422963787,-0.7891744229637867,10.4,0.9932
6,5.49553701403236,0.5044629859676402,9.5,0.9969
6,5.300883019639154,0.6991169803608459,8.9,0.9966
5,5.854059087761521,-0.8540590877615211,10.6,0.9933
7,6.309209669446844,0.6907903305531562,12.0,0.9916
7,6.471600942960153,0.5283990570398469,12.5,0.9914
5,5.528119044279315,-0.5281190442793147,9.6,0.9966
5,5.398589196709139,-0.39858919670913906,9.2,0.9958
6,5.627102458817536,0.3728975411824642,9.9,0.9926
6,6.210904787313623,-0.2109047873136234,11.7,0.9939
6,5.528637922000786,0.47136207799921426,9.6,0.9953
6,6.309608806155667,-0.30960880615566744,12.0,0.9906
7,6.471600942960153,0.5283990570398469,12.5,0.9914
5,5.398589196709139,-0.39858919670913906,9.2,0.9958
6,5.627102458817536,0.3728975411824642,9.9,0.9926
6,5.299885177867095,0.700114822132905,8.9,0.9991
6,5.332227726088757,0.6677722739112433,9.0,0.9994
7,5.722493642976344,1.2775063570236558,10.2,0.9976
5,5.528119044279315,-0.5281190442793147,9.6,0.9966
5,5.463713343532169,-0.4637133435321692,9.4,0.9953
5,5.789533646001728,-0.7895336460017282,10.4,0.9923
4,5.789254250305552,-1.789254250305552,10.4,0.993
6,5.659365179697433,0.34063482030256687,10.0,0.9931
6,5.659325266026551,0.34067473397344905,10.0,0.9932
5,5.821876194223389,-0.821876194223389,10.5,0.9926
6,6.11355783328158,-0.11355783328157987,11.4,0.9938
5,5.722892779685168,-0.7228927796851679,10.2,0.9966
6,5.787498048786727,0.2125019512132731,10.4,0.9974
3,5.984267467736697,-2.9842674677366974,11.0,0.9924
6,5.6911489365267425,0.3088510634732575,10.1,0.9948
5,5.398349714683845,-0.39834971468384506,9.2,0.9964
6,5.757031443096537,0.2429685569034632,10.3,0.9924
5,5.722892779685168,-0.7228927796851679,10.2,0.9966
6,5.787498048786727,0.2125019512132731,10.4,0.9974
7,6.016170965578653,0.9838290344213467,11.1,0.9938
5,5.627022631475771,-0.6270226314757714,9.9,0.9928
5,5.33362470456964,-0.33362470456964033,9.0,0.9959
5,5.202099173455345,-0.20209917345534478,8.6,1.0001
5,5.33362470456964,-0.33362470456964033,9.0,0.9959
5,5.202099173455345,-0.20209917345534478,8.6,1.0001
5,5.495576927703242,-0.495576927703242,9.5,0.9968
5,5.334702373683464,-0.3347023736834638,9.0,0.9932
6,5.658447165267139,0.3415528347328607,10.0,0.9954
6,5.332307553430522,0.667692446569478,9.0,0.9992
5,5.334702373683464,-0.3347023736834638,9.0,0.9932
7,5.723970448798992,1.2760295512010078,10.2,0.9939
5,5.528677835671668,-0.5286778356716679,9.6,0.9952
5,5.559383923387153,-0.5593839233871529,9.7,0.9996
4,5.722892779685168,-1.7228927796851679,10.2,0.9966
7,6.63347333875199,0.3665266612480096,13.0,0.9925
6,5.917905997116315,0.08209400288368496,10.8,0.996
5,5.559383923387153,-0.5593839233871529,9.7,0.9996
5,5.333065913177287,-0.33306591317728707,9.0,0.9973
5,5.62666340843783,-0.62666340843783,9.9,0.9937
6,5.39826988734208,0.6017301126579202,9.2,0.9966
6,5.233922843955536,0.7660771560444637,8.7,1.0017
5,5.691867382602625,-0.6918673826026254,10.1,0.993
5,5.691867382602625,-0.6918673826026254,10.1,0.993
5,5.4959361507411835,-0.49593615074118347,9.5,0.9959
5,5.6258252213493005,-0.6258252213493005,9.9,0.9958
6,5.233922843955536,0.7660771560444637,8.7,1.0017
5,5.3336646182405225,-0.3336646182405225,9.0,0.9958
6,5.202977274214756,0.7970227257852436,8.6,0.9979
6,5.8212774891601535,0.17872251083984647,10.5,0.9941
7,5.495497100361477,1.5045028996385232,9.5,0.997
6,5.691707727919096,0.30829227208090426,10.1,0.9934
7,6.211383751364211,0.7886162486357886,11.7,0.9927
6,5.8860823266161235,0.11391767338387648,10.7,0.9944
7,6.211383751364211,0.7886162486357886,11.7,0.9927
5,5.398389628354727,-0.39838962835472724,9.2,0.9963
5,5.266624615215139,-0.2666246152151386,8.8,1.0011
5,5.266624615215139,-0.2666246152151386,8.8,1.0011
6,5.4959361507411835,0.5040638492588165,9.5,0.9959
5,5.722613383988992,-0.7226133839889917,10.2,0.9973
6,5.3658075981077715,0.6341924018922285,9.1,0.9966
6,5.821636712198095,0.17836328780190502,10.5,0.9932
6,5.33262686279758,0.6673731372024196,9.0,0.9984
8,5.299925091537977,2.700074908462023,8.9,0.999
8,5.299925091537977,2.700074908462023,8.9,0.999
8,5.299925091537977,2.700074908462023,8.9,0.999
8,5.299925091537977,2.700074908462023,8.9,0.999
8,5.299925091537977,2.700074908462023,8.9,0.999
6,5.364211051272477,0.635788948727523,9.1,1.0006
6,5.691587986906448,0.3084120130935517,10.1,0.9937
5,5.658447165267139,-0.6584471652671393,10.0,0.9954
6,5.495497100361477,0.5045028996385232,9.5,0.997
7,6.4067561918333,0.5932438081667,12.3,0.9912
4,5.366885267221596,-1.3668852672215959,9.1,0.9939
8,5.299925091537977,2.700074908462023,8.9,0.999
5,5.528478267317256,-0.5284782673172561,9.6,0.9957
6,6.178961375800785,-0.1789613758007853,11.6,0.9926
6,5.267303147620138,0.7326968523798616,8.8,0.9994
6,5.299366300145624,0.7006336998543761,8.9,1.0004
6,5.267303147620138,0.7326968523798616,8.8,0.9994
6,5.299366300145624,0.7006336998543761,8.9,1.0004
6,5.299366300145624,0.7006336998543761,8.9,1.0004
6,5.331908416721698,0.6680915832783016,9.0,1.0002
5,5.659724402735375,-0.6597244027353746,10.0,0.9922
5,5.659724402735375,-0.6597244027353746,10.0,0.9922
6,6.016330620262183,-0.016330620262182904,11.1,0.9934
6,6.178961375800785,-0.1789613758007853,11.6,0.9926
6,5.853739778394462,0.1462602216055382,10.6,0.9941
6,5.267303147620138,0.7326968523798616,8.8,0.9994
6,5.299366300145624,0.7006336998543761,8.9,1.0004
6,5.692106864627919,0.30789313537208063,10.1,0.9924
5,5.658686647292433,-0.6586866472924333,10.0,0.9948
7,6.373375888168696,0.6266241118313038,12.2,0.9935
6,5.984506949761991,0.015493050238008621,11.0,0.9918
5,5.658686647292433,-0.6586866472924333,10.0,0.9948
5,6.0167297569710065,-1.0167297569710065,11.1,0.9924
6,5.787298480432316,0.21270151956768402,10.4,0.9979
5,6.243726299585873,-1.243726299585873,11.8,0.993
6,5.918704270533962,0.08129572946603769,10.8,0.994
7,6.471760597643683,0.5282394023563173,12.5,0.991
5,6.243726299585873,-1.243726299585873,11.8,0.993
7,6.179121030484315,0.8208789695156851,11.6,0.9922
6,5.787298480432316,0.21270151956768402,10.4,0.9979
6,6.14606003618677,-0.14606003618677033,11.5,0.9937
6,5.69194720994439,0.30805279005561026,10.1,0.9928
6,5.398309801012962,0.601690198987038,9.2,0.9965
6,5.69194720994439,0.30805279005561026,10.1,0.9928
5,5.397272045570021,-0.3972720455700207,9.2,0.9991
5,5.301601465715037,-0.301601465715037,8.9,0.9948
5,5.692066950957036,-0.6920669509570363,10.1,0.9925
5,5.301202329006213,-0.30120232900621335,8.9,0.9958
6,5.5607409881971535,0.43925901180284654,9.7,0.9962
6,5.398309801012962,0.601690198987038,9.2,0.9965
6,5.983189798622873,0.016810201377126965,11.0,0.9951
5,5.8860823266161235,-0.8860823266161235,10.7,0.9944
6,5.919662198635139,0.0803378013648608,10.8,0.9916
5,5.5922054356594035,-0.5922054356594035,9.8,0.9987
5,5.984107813053168,-0.9841078130531677,11.0,0.9928
5,5.789413904989081,-0.7894139049890807,10.4,0.9926
6,5.724170017153404,0.275829982846596,10.2,0.9934
5,5.8860823266161235,-0.8860823266161235,10.7,0.9944
5,5.334023841278464,-0.33402384127846396,9.0,0.9949
5,5.854338483457697,-0.8543384834576973,10.6,0.9926
6,5.495497100361477,0.5045028996385232,9.5,0.997
5,5.334023841278464,-0.33402384127846396,9.0,0.9949
6,5.398988333417963,0.6010116665820373,9.2,0.9948
6,5.984427122420227,0.015572877579772992,11.0,0.992
6,5.6255857393240065,0.3744142606759935,9.9,0.9964
5,5.854338483457697,-0.8543384834576973,10.6,0.9926
5,5.430093557842272,-0.4300935578422722,9.3,0.9982
5,5.5285580946590205,-0.5285580946590205,9.6,0.9955
5,5.496095805424712,-0.4960958054247122,9.5,0.9955
7,5.560900642880683,1.439099357119317,9.7,0.9958
3,5.559344009716271,-2.5593440097162707,9.7,0.9997
5,5.234561462689654,-0.23456146268965394,8.7,1.0001
5,5.234561462689654,-0.23456146268965394,8.7,1.0001
5,6.438978999042314,-1.4389789990423143,12.4,0.9918
5,6.438978999042314,-1.4389789990423143,12.4,0.9918
6,5.854138915103285,0.14586108489671457,10.6,0.9931
5,5.234561462689654,-0.23456146268965394,8.7,1.0001
7,6.30881053273802,0.6911894672619798,12.0,0.9926
5,5.333345308873463,-0.33334530887346325,9.0,0.9966
5,5.2697777952148455,-0.26977779521484546,8.8,0.9932
5,5.49553701403236,-0.49553701403235983,9.5,0.9969
6,5.919302975597198,0.08069702440280224,10.8,0.9925
5,6.114515761382757,-1.1145157613827568,11.4,0.9914
5,5.755594550944771,-0.755594550944771,10.3,0.996
6,5.49621554643736,0.5037844535626403,9.5,0.9952
5,5.626783149450477,-0.6267831494504774,9.9,0.9934
5,5.723970448798992,-0.7239704487989922,10.2,0.9939
5,5.723970448798992,-0.7239704487989922,10.2,0.9939
6,5.984985913812579,0.015014086187420617,11.0,0.9906
7,6.3422706637443875,0.6577293362556125,12.1,0.9901
6,5.366526044183654,0.6334739558163456,9.1,0.9948
6,5.496295373779124,0.503704626220876,9.5,0.995
5,5.4961756327664775,-0.49617563276647747,9.5,0.9953
5,5.593562500469404,-0.5935625004694041,9.8,0.9953
6,5.49621554643736,0.5037844535626403,9.5,0.9952
5,5.755594550944771,-0.755594550944771,10.3,0.996
5,5.528837490355198,-0.5288374903551976,9.6,0.9948
6,5.723491484748403,0.2765085152515967,10.2,0.9951
6,5.821676625868977,0.17832337413102284,10.5,0.9931
4,5.787977012837316,-1.7879770128373158,10.4,0.9962
5,5.528837490355198,-0.5288374903551976,9.6,0.9948
5,5.885483621552888,-0.8854836215528881,10.7,0.9959
6,5.820439302071624,0.17956069792837592,10.5,0.9962
5,5.853061245989462,-0.853061245989462,10.6,0.9958
6,5.528837490355198,0.47116250964480244,9.6,0.9948
6,5.528837490355198,0.47116250964480244,9.6,0.9948
5,5.496694510487948,-0.49669451048794766,9.5,0.994
6,5.464152393911875,0.535847606088125,9.4,0.9942
6,5.59400155084911,0.4059984491508901,9.8,0.9942
6,5.528837490355198,0.47116250964480244,9.6,0.9948
5,5.398349714683845,-0.39834971468384506,9.2,0.9964
5,5.495976064412066,-0.49597606441206565,9.5,0.9958
5,5.39962695215208,-0.39962695215208033,9.2,0.9932
5,5.462396192393051,-0.46239619239305085,9.4,0.9986
5,5.462396192393051,-0.46239619239305085,9.4,0.9986
5,5.429854075816978,-0.4298540758169782,9.3,0.9988
5,5.366326475829243,-0.3663264758292426,9.1,0.9953
5,5.494978222640007,-0.49497822264000657,9.5,0.9983
6,5.364450533297771,0.635549466702229,9.1,1.0
5,5.853340641685638,-0.8533406416856382,10.6,0.9951
5,5.494978222640007,-0.49497822264000657,9.5,0.9983
6,6.439457963092902,-0.4394579630929023,12.4,0.9906
5,5.235359736107301,-0.2353597361073012,8.7,0.9981
5,5.269618140531316,-0.26961814053131583,8.8,0.9936
5,5.853340641685638,-0.8533406416856382,10.6,0.9951
5,5.366326475829243,-0.3663264758292426,9.1,0.9953
5,5.331788675709051,-0.3317886757090509,9.0,1.0005
6,5.755115586894183,0.244884413105817,10.3,0.9972
6,5.364450533297771,0.635549466702229,9.1,1.0
6,5.49553701403236,0.5044629859676402,9.5,0.9969
5,5.267023751923962,-0.2670237519239622,8.8,1.0001
5,5.267023751923962,-0.2670237519239622,8.8,1.0001
5,5.267023751923962,-0.2670237519239622,8.8,1.0001
5,5.626783149450477,-0.6267831494504774,9.9,0.9934
6,5.49553701403236,0.5044629859676402,9.5,0.9969
5,5.267023751923962,-0.2670237519239622,8.8,1.0001
4,6.2123815931362705,-2.2123815931362705,11.7,0.9902
5,5.919103407242787,-0.9191034072427868,10.8,0.993
6,6.309289496788609,-0.30928949678860906,12.0,0.9914
4,5.756352910691536,-1.756352910691536,10.3,0.9941
5,5.333305395202581,-0.33330539520258107,9.0,0.9967
7,6.374054420573697,0.6259455794263031,12.2,0.9918
5,5.624947120589888,-0.624947120589888,9.9,0.998
5,5.333305395202581,-0.33330539520258107,9.0,0.9967
7,6.374054420573697,0.6259455794263031,12.2,0.9918
5,5.690789713488801,-0.690789713488801,10.1,0.9957
5,5.429933903158743,-0.4299339031587426,9.3,0.9986
5,5.495976064412066,-0.49597606441206565,9.5,0.9958
6,5.398988333417963,0.6010116665820373,9.2,0.9948
5,6.211742974402153,-1.2117429744021528,11.7,0.9918
5,5.98430738140758,-0.9843073814075796,11.0,0.9923
6,5.526841806811079,0.4731581931889206,9.6,0.9998
6,5.526841806811079,0.4731581931889206,9.6,0.9998
6,6.276827207554301,-0.2768272075543008,11.9,0.9914
6,5.918744184204845,0.08125581579515462,10.8,0.9939
5,5.69043049045086,-0.6904304904508596,10.1,0.9966
6,5.950767423059447,0.04923257694055305,10.9,0.995
5,5.69043049045086,-0.6904304904508596,10.1,0.9966
5,5.788855113596727,-0.7888551135967274,10.4,0.994
5,5.398030405316786,-0.3980304053167858,9.2,0.9972
5,5.526841806811079,-0.5268418068110794,9.6,0.9998
5,5.526841806811079,-0.5268418068110794,9.6,0.9998
5,5.332706690139346,-0.3327066901393456,9.0,0.9982
7,6.146578913908241,0.8534210860917586,11.5,0.9924
6,5.722653297659874,0.27734670234012615,10.2,0.9972
6,5.625346257298712,0.3746537427012884,9.9,0.997
6,5.528598008329904,0.47140199167009644,9.6,0.9954
5,5.852901591305932,-0.8529015913059323,10.6,0.9962
5,5.398030405316786,-0.3980304053167858,9.2,0.9972
6,6.2440855226238146,-0.24408552262381455,11.8,0.9921
6,6.374573298295168,-0.37457329829516794,12.2,0.9905
5,5.526841806811079,-0.5268418068110794,9.6,0.9998
6,5.8541788287741685,0.1458211712258315,10.6,0.993
6,5.756352910691536,0.2436470893084639,10.3,0.9941
4,5.721775196900461,-1.7217751969004613,10.2,0.9994
5,5.885363880540241,-0.8853638805402406,10.7,0.9962
4,6.2116631470603885,-2.2116631470603885,11.7,0.992
6,6.30897018742155,-0.3089701874215498,12.0,0.9922
6,5.853779692065344,0.146220307934656,10.6,0.994
4,6.374892607662226,-2.3748926076622263,12.2,0.9897
6,5.9830700576102265,0.016929942389773522,11.0,0.9954
7,6.439697445118197,0.5603025548818028,12.4,0.99
6,5.463912911886581,0.536087088113419,9.4,0.9948
6,6.30897018742155,-0.3089701874215498,12.0,0.9922
5,6.1768060375731375,-1.1768060375731375,11.6,0.998
5,5.464072566570111,-0.46407256657011065,9.4,0.9944
5,5.464072566570111,-0.46407256657011065,9.4,0.9944
7,5.365009324690124,1.6349906753098757,9.1,0.9986
7,5.365009324690124,1.6349906753098757,9.1,0.9986
7,5.365009324690124,1.6349906753098757,9.1,0.9986
7,5.365009324690124,1.6349906753098757,9.1,0.9986
7,5.365009324690124,1.6349906753098757,9.1,0.9986
5,5.398509369367374,-0.3985093693673738,9.2,0.996
5,5.3969527362029615,-0.39695273620296145,9.2,0.9999
7,5.365009324690124,1.6349906753098757,9.1,0.9986
7,5.365009324690124,1.6349906753098757,9.1,0.9986
5,5.398509369367374,-0.3985093693673738,9.2,0.996
7,5.333944013936699,1.6660559860633013,9.0,0.9951
5,5.3969527362029615,-0.39695273620296145,9.2,0.9999
6,5.919103407242787,0.08089659275721317,10.8,0.993
6,5.495018136310889,0.5049818636891112,9.5,0.9982
6,5.984427122420227,0.015572877579772992,11.0,0.992
5,5.658087942229198,-0.6580879422291979,10.0,0.9963
5,5.496295373779124,-0.496295373779124,9.5,0.995
6,5.690829627159683,0.3091703728403168,10.1,0.9956
7,5.495497100361477,1.5045028996385232,9.5,0.997
5,5.496854165171477,-0.4968541651714773,9.5,0.9936
5,5.4968940788423595,-0.4968940788423595,9.5,0.9935
6,5.463314206823346,0.5366857931766544,9.4,0.9963
6,5.463154552139816,0.5368454478601841,9.4,0.9967
6,6.536605348770535,-0.5366053487705349,12.7,0.9912
5,5.559982628450388,-0.5599826284503884,9.7,0.9981
6,5.560581333513624,0.4394186664863762,9.7,0.9966
6,5.463154552139816,0.5368454478601841,9.4,0.9967
6,5.463314206823346,0.5366857931766544,9.4,0.9963
5,5.4968940788423595,-0.4968940788423595,9.5,0.9935
6,6.2123815931362705,-0.21238159313627047,11.7,0.9902
6,6.212461420478036,-0.21246142047803573,11.7,0.99
5,5.560820815538918,-0.5608208155389178,9.7,0.996
6,5.495656755045006,0.5043432449549936,9.5,0.9966
5,5.365967252791301,-0.36596725279130116,9.1,0.9962
6,5.756392824362418,0.24360717563758172,10.3,0.994
5,5.560820815538918,-0.5608208155389178,9.7,0.996
5,5.6265436674251825,-0.6265436674251825,9.9,0.994
5,5.626384012741654,-0.6263840127416538,9.9,0.9944
5,5.722573470318109,-0.7225734703181086,10.2,0.9974
6,6.339915757162328,-0.3399157571623279,12.1,0.996
7,6.081734162781388,0.9182658372186117,11.3,0.9922
5,6.114396020370109,-1.1143960203701093,11.4,0.9917
6,6.374054420573697,-0.37405442057369687,12.2,0.9918
7,5.626703322108712,1.3732966778912878,9.9,0.9936
6,5.7564726517041835,0.24352734829581646,10.3,0.9938
6,6.374054420573697,-0.37405442057369687,12.2,0.9918
6,5.7888950272676105,0.21110497273238948,10.4,0.9939
5,6.114396020370109,-1.1143960203701093,11.4,0.9917
6,5.624907206919006,0.3750927930809942,9.9,0.9981
5,5.6589660429886095,-0.6589660429886095,10.0,0.9941
6,6.146419259224712,-0.14641925922471177,11.5,0.9928
6,5.820838438780448,0.1791615612195523,10.5,0.9952
7,6.472239561694271,0.5277604383057293,12.5,0.9898
6,5.822355158273978,0.17764484172602213,10.5,0.9914
6,5.624907206919006,0.3750927930809942,9.9,0.9981
7,6.112799473534815,0.8872005264651852,11.4,0.9957
6,5.59248483135558,0.4075151686444203,9.8,0.998
7,6.112799473534815,0.8872005264651852,11.4,0.9957
4,5.3974716139244325,-1.3974716139244325,9.2,0.9986
5,5.300204487234154,-0.30020448723415427,8.9,0.9983
5,5.3002444009050365,-0.30024440090503646,8.9,0.9982
7,5.495497100361477,1.5045028996385232,9.5,0.997
6,6.145660899477947,-0.1456608994779467,11.5,0.9947
7,5.495497100361477,1.5045028996385232,9.5,0.997
6,6.145660899477947,-0.1456608994779467,11.5,0.9947
6,5.496630648614536,0.503369351385464,9.5,0.99416
5,5.56115609037433,-0.5611560903743298,9.7,0.99516
5,5.561235917716095,-0.561235917716095,9.7,0.99496
6,5.495337445677947,0.5046625543220529,9.5,0.9974
5,5.463517766544846,-0.4635177665448458,9.4,0.99579
4,5.332666776468463,-1.3326667764684634,9.0,0.9983
6,5.853496305002079,0.1465036949979206,10.6,0.99471
6,5.495337445677947,0.5046625543220529,9.5,0.9974
5,5.365871459981183,-0.3658714599811832,9.1,0.99644
5,5.463517766544846,-0.4635177665448458,9.4,0.99579
5,5.268265067088404,-0.2682650670884037,8.8,0.99699
5,5.787426204179139,-0.7874262041791393,10.4,0.99758
5,5.300443969259448,-0.3004439692594483,8.9,0.9977
7,5.853791666166609,1.1462083338333908,10.6,0.99397
4,5.332666776468463,-1.3326667764684634,9.0,0.9983
6,5.853496305002079,0.1465036949979206,10.6,0.99471
6,5.854406336698197,0.14559366330180268,10.6,0.99243
5,5.333504963556993,-0.3335049635569929,9.0,0.9962
6,5.266337236784786,0.7336627632152144,8.8,1.00182
7,5.821381264704448,1.1786187352955517,10.5,0.99384
5,5.495968081677889,-0.49596808167788886,9.5,0.99582
5,5.333504963556993,-0.3335049635569929,9.0,0.9962
6,5.789493732330846,0.21050626766915403,10.4,0.9924
6,5.658742526431668,0.3412574735683318,10.0,0.99466
5,5.789605490609317,-0.7896054906093166,10.4,0.99212
6,5.334187487329081,0.6658125126709189,9.0,0.99449
5,5.430380936272625,-0.4303809362726252,9.3,0.99748
6,5.334187487329081,0.6658125126709189,9.0,0.99449
5,5.430380936272625,-0.4303809362726252,9.3,0.99748
6,5.334083711784787,0.6659162882152128,9.0,0.99475
6,6.146782473629742,-0.14678247362974162,11.5,0.99189
5,5.332678750569728,-0.33267875056972773,9.0,0.99827
6,5.787450152381669,0.21254984761833118,10.4,0.99752
5,5.332678750569728,-0.33267875056972773,9.0,0.99827
5,5.853464374065374,-0.853464374065374,10.6,0.99479
6,5.787450152381669,0.21254984761833118,10.4,0.99752
6,5.171105707309508,0.8288942926904923,8.5,0.99642
6,5.429187517513243,0.5708124824867573,9.3,1.00047
7,5.821389247438624,1.1786107525613758,10.5,0.99382
6,5.6250109824633,0.37498901753670033,9.9,0.99784
6,5.78851185602714,0.21148814397286042,10.4,0.99486
5,5.690921428602713,-0.6909214286027128,10.1,0.99537
7,5.821389247438624,1.1786107525613758,10.5,0.99382
4,5.397559424000374,-1.3975594240003737,9.2,0.99838
6,5.463569654316992,0.5364303456830077,9.4,0.99566
6,5.854306552520992,0.14569344747900814,10.6,0.99268
6,5.463569654316992,0.5364303456830077,9.4,0.99566
5,5.2367247836514785,-0.23672478365147853,8.7,0.99468
6,5.724209930824286,0.2757900691757138,10.2,0.9933
6,5.756764021501625,0.24323597849837508,10.3,0.99307
5,5.4946708873742125,-0.4946708873742125,9.5,0.99907
5,5.4946708873742125,-0.4946708873742125,9.5,0.99907
5,5.4946708873742125,-0.4946708873742125,9.5,0.99907
5,5.4946708873742125,-0.4946708873742125,9.5,0.99907
5,5.463948834190375,-0.4639488341903748,9.4,0.99471
5,5.463948834190375,-0.4639488341903748,9.4,0.99471
5,5.4946708873742125,-0.4946708873742125,9.5,0.99907
7,6.504031301257755,0.4959686987422449,12.6,0.99148
7,5.821385256071536,1.1786147439284642,10.5,0.99383
6,5.918843968382051,0.08115603161794915,10.8,0.99365
6,5.627054562412477,0.3729454375875232,9.9,0.99272
7,6.504031301257755,0.4959686987422449,12.6,0.99148
7,6.373834895383844,0.626165104616156,12.2,0.99235
6,5.658574889013963,0.34142511098603734,10.0,0.99508
7,5.85354021004005,1.14645978995995,10.6,0.9946
6,5.4956008759057715,0.5043991240942285,9.5,0.99674
8,6.5694747574478445,1.4305252425521555,12.8,0.99018
7,6.373834895383844,0.626165104616156,12.2,0.99235
7,6.504286748751403,0.49571325124859733,12.6,0.99084
5,5.4624121578614035,-0.46241215786140355,9.4,0.99856
5,5.333620713202552,-0.33362071320255193,9.0,0.99591
5,5.36544837506983,-0.3654483750698301,9.1,0.9975
6,5.464072566570111,0.5359274334298894,9.4,0.9944
7,6.374082360143315,0.6259176398566852,12.2,0.99173
5,5.659093766735433,-0.6590937667354329,10.0,0.99378
5,5.397691139114285,-0.39769113911428544,9.2,0.99805
5,5.431235088829508,-0.43123508882950823,9.3,0.99534
6,5.594751927861698,0.40524807213830183,9.8,0.99232
5,5.397691139114285,-0.39769113911428544,9.2,0.99805
7,6.30953696154808,0.6904630384519201,12.0,0.99078
5,5.431235088829508,-0.43123508882950823,9.3,0.99534
7,6.504378550194432,0.49562144980556777,12.6,0.99061
6,6.37404643783952,-0.3740464378395201,12.2,0.99182
6,5.982591093559638,0.017408906440362415,11.0,0.9966
7,6.309369324130373,0.6906306758696266,12.0,0.9912
5,5.267945757721344,-0.26794575772134444,8.8,0.99779
4,5.300268349107566,-1.300268349107566,8.9,0.99814
7,6.536701141580653,0.46329885841934715,12.7,0.99096
6,6.243410981585903,-0.24341098158590313,11.8,0.99379
5,5.723826759583815,-0.7238267595838153,10.2,0.99426
6,5.62723018256436,0.37276981743563997,9.9,0.99228
6,6.016350577097624,-0.016350577097623997,11.1,0.99335
5,5.463453904671433,-0.4634539046714332,9.4,0.99595
6,5.562030199766654,0.4379698002333461,9.7,0.99297
5,5.560473566602242,-0.5604735666022416,9.7,0.99687
6,5.562030199766654,0.4379698002333461,9.7,0.99297
5,5.560473566602242,-0.5604735666022416,9.7,0.99687
5,5.593901766671904,-0.5939017666719044,9.8,0.99445
6,5.429933903158743,0.5700660968412574,9.3,0.9986
5,5.822299279134742,-0.8222992791347421,10.5,0.99154
6,5.430133471513154,0.5698665284868456,9.3,0.9981
8,6.504649963156432,1.4953500368435684,12.6,0.98993
5,5.298564035360888,-0.29856403536088827,8.9,1.00241
5,5.755131552362536,-0.7551315523625357,10.3,0.99716
5,5.8536320114830795,-0.8536320114830795,10.6,0.99437
4,5.333105826848169,-1.3331058268481693,9.0,0.9972
5,5.560198162273153,-0.5601981622731529,9.7,0.99756
6,5.49625945147533,0.5037405485246698,9.5,0.99509
6,5.755706309223242,0.24429369077675833,10.3,0.99572
5,5.560198162273153,-0.5601981622731529,9.7,0.99756
8,6.406536666643447,1.5934633333565529,12.3,0.99175
5,5.8219001424259185,-0.8219001424259185,10.5,0.99254
6,5.49625945147533,0.5037405485246698,9.5,0.99509
6,5.657904339343139,0.34209566065686126,10.0,0.99676
4,5.267901852683375,-1.2679018526833747,8.8,0.9979
6,5.951988781388447,0.048011218611552664,10.9,0.99194
6,6.374465531383785,-0.3744655313837848,12.2,0.99077
5,5.495169808260242,-0.4951698082602416,9.5,0.99782
5,5.656842635697668,-0.656842635697668,10.0,0.99942
6,5.52792745865908,0.47207254134092036,9.6,0.99708
6,5.237183790866625,0.7628162091333746,8.7,0.99353
7,5.886816738160359,1.113183261839641,10.7,0.99256
6,6.016893403021624,-0.016893403021623676,11.1,0.99199
7,6.4714412882766235,0.5285587117233765,12.5,0.9918
6,5.789038716482787,0.21096128351721344,10.4,0.99354
5,6.146562948439888,-1.1465629484398878,11.5,0.99244
5,5.46251194203861,-0.4625119420386099,9.4,0.99831
5,5.431785897487685,-0.4317858974876847,9.3,0.99396
6,5.690175042957213,0.3098249570427871,10.1,0.99724
5,5.561124159437624,-0.5611241594376244,9.7,0.99524
6,5.821836280552507,0.1781637194474932,10.5,0.9927
5,5.560014559387095,-0.5600145593870947,9.7,0.99802
5,5.398860609671139,-0.39886060967113934,9.2,0.99512
5,5.593929706241521,-0.5939297062415214,9.8,0.99438
5,5.333269472898787,-0.3332694728987873,9.0,0.99679
6,5.365839529044478,0.6341604709555222,9.1,0.99652
6,5.787665686204433,0.21233431379556666,10.4,0.99698
6,5.885946620135123,0.11405337986487663,10.7,0.99474
7,5.8208743610842415,1.1791256389157585,10.5,0.99511
5,5.398581213974962,-0.39858121397496227,9.2,0.99582
4,6.147037921123388,-2.1470379211233883,11.5,0.99125
3,5.789429870457434,-2.7894298704574343,10.4,0.99256
6,6.309409237801256,-0.3094092378012556,12.0,0.9911
6,6.374102316978756,-0.37410231697875584,12.2,0.99168
6,6.309409237801256,-0.3094092378012556,12.0,0.9911
6,5.593458724925109,0.4065412750748907,9.8,0.99556
5,5.4289839577917425,-0.4289839577917425,9.3,1.00098
4,5.528693801140021,-1.5286938011400206,9.6,0.99516
4,5.496231511905712,-1.4962315119057124,9.5,0.99516
6,5.723459553811698,0.2765404461883021,10.2,0.99518
8,5.7890666560524044,2.2109333439475956,10.4,0.99347
6,5.984067899382286,0.01593210061771444,11.0,0.9929
8,5.7890666560524044,2.2109333439475956,10.4,0.99347
5,5.235236003727566,-0.23523600372756626,8.7,0.99841
4,5.626695339374536,-1.6266953393745363,9.9,0.99362
4,5.626699330741624,-1.6266993307416238,9.9,0.99361
4,6.082053472148448,-2.0820534721484476,11.3,0.9914
8,6.309393272332903,1.690606727667097,12.0,0.99114
8,5.886840686362888,2.1131593136371123,10.7,0.9925
6,5.691256703438125,0.30874329656187527,10.1,0.99453
7,5.529236627064021,1.4707633729359788,9.6,0.9938
6,5.529236627064021,0.4707633729359788,9.6,0.9938
5,5.235375701575654,-0.2353757015756539,8.7,0.99806
5,5.755554637273889,-0.7555546372738888,10.3,0.9961
5,5.364386671424359,-0.3643866714243593,9.1,1.00016
6,6.244285090978226,-0.24428509097822637,11.8,0.9916
6,6.276923000364418,-0.27692300036441786,11.9,0.99116
6,5.756716125096566,0.24328387490343406,10.3,0.99319
4,5.658538966710168,-1.658538966710168,10.0,0.99517
4,5.723475519280051,-1.7234755192800506,10.2,0.99514
6,5.658343389722845,0.34165661027715544,10.0,0.99566
6,6.536421745884476,-0.5364217458844758,12.7,0.99166
5,5.528410414076756,-0.528410414076756,9.6,0.99587
5,5.496063874488007,-0.4960638744880068,9.5,0.99558
6,6.5366173228718,-0.5366173228718001,12.7,0.99117
6,5.983632840369667,0.01636715963033275,11.0,0.99399
5,5.365484297373625,-0.36548429737362476,9.1,0.99741
4,5.723910578292668,-1.723910578292668,10.2,0.99405
6,5.690582162400212,0.3094178375997876,10.1,0.99622
6,5.396709262810579,0.603290737189421,9.2,1.00051
4,5.4626237003170806,-1.4626237003170806,9.4,0.99803
4,5.723910578292668,-1.723910578292668,10.2,0.99405
4,5.397818862861109,-1.3978188628611088,9.2,0.99773
5,5.659017930760757,-0.6590179307607569,10.0,0.99397
6,5.690582162400212,0.3094178375997876,10.1,0.99622
5,5.333133766417787,-0.33313376641778714,9.0,0.99713
5,5.497197422741066,-0.49719742274106604,9.5,0.99274
5,5.363979551981359,-0.3639795519813589,9.1,1.00118
7,6.731155567619446,0.2688444323805541,13.3,0.99176
5,5.49553701403236,-0.49553701403235983,9.5,0.9969
5,5.397826845595286,-0.3978268455952856,9.2,0.99771
6,5.69142434085583,0.30857565914416973,10.1,0.99411
5,5.397826845595286,-0.3978268455952856,9.2,0.99771
6,5.69142434085583,0.30857565914416973,10.1,0.99411
6,6.049375649091374,-0.04937564909137393,11.2,0.99194
6,5.593450742190933,0.4065492578090666,9.8,0.99558
6,6.049375649091374,-0.04937564909137393,11.2,0.99194
6,5.593450742190933,0.4065492578090666,9.8,0.99558
5,5.463525749279022,-0.4635257492790217,9.4,0.99577
5,5.333728480113934,-0.3337284801139342,9.0,0.99564
5,5.463521757911933,-0.4635217579119333,9.4,0.99578
6,5.299972987943036,0.7000270120569638,8.9,0.99888
6,5.364394654158536,0.6356053458414639,9.1,1.00014
4,5.593917732140257,-1.5939177321402571,9.8,0.99441
5,5.463457896038522,-0.4634578960385216,9.4,0.99594
6,5.658858276077227,0.34114172392277275,10.0,0.99437
5,5.463457896038522,-0.4634578960385216,9.4,0.99594
6,5.624987034260771,0.37501296573922893,9.9,0.9979
5,5.658870250178492,-0.6588702501784924,10.0,0.99434
6,6.146726594490506,-0.14672659449050585,11.5,0.99203
5,5.3977110959497265,-0.39771109594972653,9.2,0.998
5,5.659341231494904,-0.6593412314949036,10.0,0.99316
5,5.3977110959497265,-0.39771109594972653,9.2,0.998
5,5.65934921422908,-0.6593492142290804,10.0,0.99314
5,5.659341231494904,-0.6593412314949036,10.0,0.99316
6,5.593235208368169,0.4067647916318311,9.8,0.99612
6,5.821736496375301,0.17826350362469867,10.5,0.99295
6,5.8538036402678735,0.14619635973212652,10.6,0.99394
5,5.463266310418287,-0.4632663104182866,9.4,0.99642
5,5.463266310418287,-0.4632663104182866,9.4,0.99642
7,5.984235536799991,1.015764463200009,11.0,0.99248
6,5.91923113098961,0.08076886901038982,10.8,0.99268
5,5.332171846949522,-0.33217184694952184,9.0,0.99954
6,5.527991320532491,0.4720086794675087,9.6,0.99692
6,5.853013349584403,0.146986650415597,10.6,0.99592
6,5.853013349584403,0.146986650415597,10.6,0.99592
6,5.527991320532491,0.4720086794675087,9.6,0.99692
5,5.397623285873785,-0.39762328587378537,9.2,0.99822
5,5.397623285873785,-0.39762328587378537,9.2,0.99822
5,5.496686527753772,-0.49668652775377176,9.5,0.99402
5,5.496678545019595,-0.49667854501959496,9.5,0.99404
7,5.754848165299271,1.2451518347007289,10.3,0.99787
5,5.269670028303463,-0.2696700283034632,8.8,0.99347
5,5.235247977828831,-0.23524797782883056,8.7,0.99838
5,5.235243986461742,-0.23524398646174216,8.7,0.99839
6,5.7240303193053155,0.2759696806946845,10.2,0.99375
6,5.692446130830419,0.30755386916958116,10.1,0.99155
5,5.496854165171477,-0.4968541651714773,9.5,0.9936
5,5.496558804006948,-0.4965588040069484,9.5,0.99434
7,6.179121030484315,0.8208789695156851,11.6,0.9922
6,5.885559457527564,0.11444054247243596,10.7,0.99571
6,5.690438473185036,0.30956152681496363,10.1,0.99658
7,6.017384341173477,0.9826156588265231,11.1,0.99076
5,5.593698206950404,-0.5936982069504042,9.8,0.99496
6,5.334502805329052,0.665497194670948,9.0,0.9937
7,6.017384341173477,0.9826156588265231,11.1,0.99076
6,5.4961277363614185,0.5038722636385815,9.5,0.99542
6,5.462535890241139,0.5374641097588606,9.4,0.99825
5,5.724373576874903,-0.7243735768749033,10.2,0.99289
6,5.593953654444051,0.4060463455559491,9.8,0.99432
6,5.496203572336095,0.5037964276639046,9.5,0.99523
6,5.4961277363614185,0.5038722636385815,9.5,0.99542
5,5.33362470456964,-0.33362470456964033,9.0,0.9959
6,5.690897480400183,0.3091025195998167,10.1,0.99543
5,5.268412747670668,-0.26841274767066814,8.8,0.99662
6,6.2770347586428885,-0.2770347586428885,11.9,0.99088
6,6.2770347586428885,-0.2770347586428885,11.9,0.99088
6,5.429686438399272,0.5703135616007282,9.3,0.99922
6,5.65796820121655,0.3420317987834496,10.0,0.9966
5,5.496431080260124,-0.49643108026012417,9.5,0.99466
6,5.429686438399272,0.5703135616007282,9.3,0.99922
4,5.5598788529060945,-1.5598788529060945,9.7,0.99836
4,5.5598788529060945,-1.5598788529060945,9.7,0.99836
5,5.7245771365964035,-0.7245771365964035,10.2,0.99238
5,5.917726385597344,-0.9177263855973443,10.8,0.99645
5,5.267063665594844,-0.2670636655948444,8.8,1.0
5,5.267063665594844,-0.2670636655948444,8.8,1.0
6,6.113573798749933,-0.11357379874993256,11.4,0.99376
5,5.267063665594844,-0.2670636655948444,8.8,1.0
5,5.593630353709904,-0.5936303537099041,9.8,0.99513
4,5.4636095679878744,-1.4636095679878744,9.4,0.99556
4,5.4636095679878744,-1.4636095679878744,9.4,0.99556
6,5.463661455760022,0.5363385442399782,9.4,0.99543
6,5.462292416848757,0.537707583151243,9.4,0.99886
6,5.561116176703448,0.4388838232965524,9.7,0.99526
7,6.406572588947241,0.5934274110527591,12.3,0.99166
6,5.592919890368198,0.40708010963180197,9.8,0.99691
5,5.33305793044311,-0.3330579304431103,9.0,0.99732
6,5.398617136278757,0.601382863721243,9.2,0.99573
6,5.463210431279051,0.5367895687209492,9.4,0.99656
6,5.627693181146595,0.37230681885340466,9.9,0.99112
5,5.594823772469287,-0.5948237724692866,9.8,0.99214
7,6.406576580314329,0.5934234196856707,12.3,0.99165
7,6.2773700334783005,0.7226299665216995,11.9,0.99004
6,5.723679079001551,0.2763209209984492,10.2,0.99463
6,5.495564953601977,0.5044350463980232,9.5,0.99683
7,6.2773700334783005,0.7226299665216995,11.9,0.99004
5,5.398525334835727,-0.3985253348357274,9.2,0.99596
5,5.559631388146624,-0.5596313881466237,9.7,0.99898
7,6.147081826161359,0.8529181738386411,11.5,0.99114
8,5.788424045951198,2.2115759540488016,10.4,0.99508
5,6.178777772914727,-1.178777772914727,11.6,0.99306
5,5.559631388146624,-0.5596313881466237,9.7,0.99898
8,5.788424045951198,2.2115759540488016,10.4,0.99508
7,6.147081826161359,0.8529181738386411,11.5,0.99114
6,5.724162034419227,0.2758379655807728,10.2,0.99342
6,5.594300903380728,0.40569909661927195,9.8,0.99345
5,5.332898275759581,-0.33289827575958064,9.0,0.99772
6,5.821960012932243,0.17803998706775737,10.5,0.99239
4,5.46382510181064,-1.4638251018106399,9.4,0.99502
4,5.46382510181064,-1.4638251018106399,9.4,0.99502
5,5.918388952533992,-0.9183889525339923,10.8,0.99479
7,5.8870123151476825,1.1129876848523175,10.7,0.99207
6,5.8533925294577855,0.14660747054221446,10.6,0.99497
6,5.397599337671256,0.6024006623287441,9.2,0.99828
6,5.4961277363614185,0.5038722636385815,9.5,0.99542
6,5.4961277363614185,0.5038722636385815,9.5,0.99542
5,5.659692471798669,-0.6596924717986692,10.0,0.99228
5,5.852558333736344,-0.8525583337363436,10.6,0.99706
6,5.8533925294577855,0.14660747054221446,10.6,0.99497
5,5.852706014318609,-0.8527060143186089,10.6,0.99669
6,5.397599337671256,0.6024006623287441,9.2,0.99828
6,5.984151718091138,0.015848281908861672,11.0,0.99269
6,6.049367666357198,-0.049367666357198026,11.2,0.99196
5,5.528111061545138,-0.5281110615451379,9.6,0.99662
5,5.463932868722022,-0.4639328687220221,9.4,0.99475
6,5.496119753627242,0.5038802463727583,9.5,0.99544
5,5.429598628323331,-0.4295986283233306,9.3,0.99944
5,5.463932868722022,-0.4639328687220221,9.4,0.99475
6,5.496119753627242,0.5038802463727583,9.5,0.99544
5,5.463194465810698,-0.4631944658106981,9.4,0.9966
7,6.049886544078669,0.9501134559213309,11.2,0.99066
7,6.0498705786103155,0.9501294213896845,11.2,0.9907
7,6.049886544078669,0.9501134559213309,11.2,0.99066
5,5.267861939012492,-0.26786193901249167,8.8,0.998
7,6.0498705786103155,0.9501294213896845,11.2,0.9907
7,6.049886544078669,0.9501134559213309,11.2,0.99066
5,5.464603418392846,-0.464603418392846,9.4,0.99307
6,6.01726460016083,-0.017264600160830312,11.1,0.99106
5,5.527975355064139,-0.5279753550641386,9.6,0.99696
6,6.01726460016083,-0.017264600160830312,11.1,0.99106
5,5.464603418392846,-0.464603418392846,9.4,0.99307
6,5.854709680596904,0.1452903194030961,10.6,0.99167
5,5.299917108803801,-0.2999171088038013,8.9,0.99902
7,6.407267086820594,0.5927329131794057,12.3,0.98992
5,6.11434812396505,-1.1143481239650503,11.4,0.99182
6,5.528534146456491,0.471465853543509,9.6,0.99556
6,5.7556663955523595,0.24433360444764052,10.3,0.99582
5,6.11434812396505,-1.1143481239650503,11.4,0.99182
6,6.342422335693741,-0.34242233569374125,12.1,0.98972
5,5.626735253045418,-0.6267352530454184,9.9,0.99352
5,5.561379606931271,-0.5613796069312711,9.7,0.9946
5,5.8218243064512425,-0.8218243064512425,10.5,0.99273
6,5.301010743385977,0.6989892566140226,8.9,0.99628
5,5.463505792443581,-0.4635057924435806,9.4,0.99582
5,5.528546120557756,-0.5285461205577562,9.6,0.99553
7,6.5049652811564025,0.4950347188435975,12.6,0.98914
6,5.39949124567108,0.6005087543289198,9.2,0.99354
5,5.786556086153904,-0.7865560861539036,10.4,0.99976
7,5.332754586544405,1.6672454134555954,9.0,0.99808
7,5.332754586544405,1.6672454134555954,9.0,0.99808
7,5.332754586544405,1.6672454134555954,9.0,0.99808
7,5.332754586544405,1.6672454134555954,9.0,0.99808
7,5.332754586544405,1.6672454134555954,9.0,0.99808
7,5.332754586544405,1.6672454134555954,9.0,0.99808
6,5.400145829873551,0.5998541701264486,9.2,0.9919
7,5.332754586544405,1.6672454134555954,9.0,0.99808
4,5.56122394361483,-1.5612239436148299,9.7,0.99499
6,5.690450447286301,0.3095495527136993,10.1,0.99655
7,5.982770705078608,1.0172292949213917,11.0,0.99615
5,5.9191193727111395,-0.9191193727111395,10.8,0.99296
5,5.918376978432727,-0.9183769784327271,10.8,0.99482
7,6.796467308695623,0.20353269130437734,13.5,0.99079
5,5.853915398546344,-0.8539153985463441,10.6,0.99366
5,5.593945671709875,-0.593945671709875,9.8,0.99434
6,6.212629057895741,-0.21262905789574127,11.7,0.98958
5,5.593945671709875,-0.593945671709875,9.8,0.99434
6,5.3322357088229335,0.6677642911770665,9.0,0.99938
7,6.082376772882594,0.9176232271174056,11.3,0.99059
5,5.462495976570257,-0.4624959765702572,9.4,0.99835
6,6.212629057895741,-0.21262905789574127,11.7,0.98958
7,6.081977636173771,0.9180223638262293,11.3,0.99159
7,6.081977636173771,0.9180223638262293,11.3,0.99159
6,6.31012369251005,-0.3101236925100501,12.0,0.98931
6,5.853859519407109,0.14614048059289075,10.6,0.9938
6,5.9180736345340215,0.08192636546597853,10.8,0.99558
6,5.91805367769858,0.08194632230141963,10.8,0.99563
6,6.31012369251005,-0.3101236925100501,12.0,0.98931
5,5.463070733430963,-0.46307073343096317,9.4,0.99691
5,5.463473861506875,-0.4634738615068752,9.4,0.9959
7,6.081977636173771,0.9180223638262293,11.3,0.99159
5,5.4633221895575215,-0.46332218955752147,9.4,0.99628
5,6.309544944282256,-1.3095449442822558,12.0,0.99076
7,5.7552832243118885,1.2447167756881115,10.3,0.99678
7,5.7552832243118885,1.2447167756881115,10.3,0.99678
7,5.7552832243118885,1.2447167756881115,10.3,0.99678
7,6.082257031869948,0.9177429681300522,11.3,0.99089
6,5.463685403962551,0.5363145960374487,9.4,0.99537
5,5.234521549018772,-0.23452154901877176,8.7,1.0002
5,5.4633221895575215,-0.46332218955752147,9.4,0.99628
7,6.082257031869948,0.9177429681300522,11.3,0.99089
7,5.7552832243118885,1.2447167756881115,10.3,0.99678
5,6.309544944282256,-1.3095449442822558,12.0,0.99076
5,5.010031584935317,-0.01003158493531675,8.0,0.99332
7,5.789190388432139,1.2108096115678606,10.4,0.99316
7,5.8867528762869465,1.1132471237130535,10.7,0.99272
6,5.722988572495286,0.2770114275047142,10.2,0.99636
5,5.951956850451742,-0.9519568504517419,10.9,0.99202
6,5.822323227337272,0.1776767726627284,10.5,0.99148
7,6.212205972984388,0.7877940270156119,11.7,0.99064
5,5.202602085708462,-0.20260208570846228,8.6,0.99884
5,5.332894284392492,-0.33289428439249225,9.0,0.99773
5,5.23454948858839,-0.23454948858838964,8.7,1.00013
6,6.569650377599727,-0.5696503775997268,12.8,0.98974
5,5.332894284392492,-0.33289428439249225,9.0,0.99773
5,5.23454948858839,-0.23454948858838964,8.7,1.00013
6,6.244476676598462,-0.24447667659846228,11.8,0.99112
6,6.179456305319727,-0.1794563053197269,11.6,0.99136
6,6.244396849256697,-0.24439684925669702,11.8,0.99132
5,5.852813781229991,-0.8528137812299912,10.6,0.99642
5,5.5612678486528,-0.5612678486528004,9.7,0.99488
5,5.755885920742212,-0.7558859207422124,10.3,0.99527
6,5.723220071786403,0.276779928213597,10.2,0.99578
7,5.691659831514037,1.3083401684859632,10.1,0.99352
7,5.951968824553006,1.0480311754469938,10.9,0.99199
5,5.432576188171155,-0.4325761881711552,9.3,0.99198
6,5.722509608444697,0.2774903915553031,10.2,0.99756
6,5.723220071786403,0.276779928213597,10.2,0.99578
5,5.496051900386742,-0.49605190038674163,9.5,0.99561
5,5.431981474475008,-0.4319814744750081,9.3,0.99347
7,6.602264338783388,0.3977356612166121,12.9,0.98936
5,5.235455528917419,-0.23545552891741917,8.7,0.99786
5,5.463014854291727,-0.4630148542917274,9.4,0.99705
5,5.6913884185520365,-0.6913884185520365,10.1,0.9942
4,5.658686647292433,-1.6586866472924333,10.0,0.9948
7,6.017224686489947,0.9827753135100528,11.1,0.99116
7,5.755243310641006,1.2447566893589936,10.3,0.99688
6,6.374876642193874,-0.3748766421938736,12.2,0.98974
6,5.431203157892802,0.568796842107198,9.3,0.99542
6,6.081997593009212,-0.08199759300921183,11.3,0.99154
6,5.919829836052846,0.08017016394715437,10.8,0.99118
8,6.04997435415461,1.9500256458453897,11.2,0.99044
7,6.471600942960153,0.5283990570398469,12.5,0.9914
5,5.43021329885492,-0.43021329885491966,9.3,0.9979
7,6.60243995893527,0.39756004106472975,12.9,0.98892
7,6.049694958458433,0.9503050415415668,11.2,0.99114
6,6.5038716465742255,-0.5038716465742255,12.6,0.99188
5,5.431039511842184,-0.4310395118421839,9.3,0.99583
7,6.60243995893527,0.39756004106472975,12.9,0.98892
7,6.60243995893527,0.39756004106472975,12.9,0.98892
7,5.495481134893124,1.504518865106876,9.5,0.99704
6,6.276946948566947,-0.27694694856694735,11.9,0.9911
7,5.756656254590243,1.2433437454097573,10.3,0.99334
7,5.756656254590243,1.2433437454097573,10.3,0.99334
6,6.049774785800198,-0.04977478580019756,11.2,0.99094
6,6.309792409041727,-0.30979240904172656,12.0,0.99014
5,5.529539970962727,-0.5295399709627269,9.6,0.99304
6,5.398301818278786,0.6016981817212139,9.2,0.99652
6,6.6022324078466825,-0.6022324078466825,12.9,0.98944
6,5.430285143462507,0.5697148565374928,9.3,0.99772
6,6.340845745693887,-0.3408457456938869,12.1,0.99367
5,5.529539970962727,-0.5295399709627269,9.6,0.99304
6,6.049419554129345,-0.0494195541293454,11.2,0.99183
7,6.049647062053374,0.9503529379466258,11.2,0.99126
6,6.6022324078466825,-0.6022324078466825,12.9,0.98944
5,5.398601170810403,-0.39860117081040336,9.2,0.99577
6,5.430285143462507,0.5697148565374928,9.3,0.99772
6,5.398301818278786,0.6016981817212139,9.2,0.99652
6,5.4316581737408605,0.5683418262591395,9.3,0.99428
6,5.886289877704711,0.11371012229528876,10.7,0.99388
6,5.594847720671816,0.4051522793281839,9.8,0.99208
6,5.756967581223125,0.24303241877687487,10.3,0.99256
6,5.886289877704711,0.11371012229528876,10.7,0.99388
6,6.081614421768741,-0.0816144217687409,11.3,0.9925
6,5.267446836835315,0.7325531631646847,8.8,0.99904
5,5.919438682078198,-0.9194386820781979,10.8,0.99216
6,5.594847720671816,0.4051522793281839,9.8,0.99208
6,5.4316581737408605,0.5683418262591395,9.3,0.99428
7,6.146878266439859,0.8531217335601413,11.5,0.99165
5,5.267367009493551,-0.26736700949355097,8.8,0.99924
5,5.267367009493551,-0.26736700949355097,8.8,0.99924
5,5.267367009493551,-0.26736700949355097,8.8,0.99924
6,5.463593602519522,0.5364063974804782,9.4,0.9956
6,5.463585619785346,0.5364143802146542,9.4,0.99562
6,5.527879562254021,0.47212043774597934,9.6,0.9972
5,5.267367009493551,-0.26736700949355097,8.8,0.99924
6,5.431051485943449,0.5689485140565509,9.3,0.9958
5,5.2996217476392715,-0.2996217476392715,8.9,0.99976
5,5.2996217476392715,-0.2996217476392715,8.9,0.99976
5,5.659421058836669,-0.6594210588366689,10.0,0.99296
5,5.366166821145713,-0.366166821145713,9.1,0.9957
6,5.431051485943449,0.5689485140565509,9.3,0.9958
6,5.463517766544846,0.5364822334551542,9.4,0.99579
6,5.69090546313436,0.3090945368656399,10.1,0.99541
5,5.2996217476392715,-0.2996217476392715,8.9,0.99976
6,5.918233289217551,0.0817667107824489,10.8,0.99518
6,5.659931953823963,0.3400680461760368,10.0,0.99168
6,5.951661489287212,0.04833851071278783,10.9,0.99276
7,6.309509021978462,0.690490978021538,12.0,0.99085
5,5.429882015386595,-0.4298820153865952,9.3,0.99873
7,6.406548640744711,0.5934513592552886,12.3,0.99172
6,5.789206353900493,0.21079364609950701,10.4,0.99312
6,5.951661489287212,0.04833851071278783,10.9,0.99276
5,5.8200401653628,-0.8200401653628004,10.5,0.9972
6,5.59456832497564,0.40543167502436006,9.8,0.99278
6,5.822546743894213,0.1774532561057871,10.5,0.99092
6,5.625665566665771,0.3743344333342291,9.9,0.9962
7,6.114863010319433,0.885136989680567,11.4,0.99053
5,5.397479596658609,-0.3974795966586093,9.2,0.99858
5,5.559862887437742,-0.5598628874377418,9.7,0.9984
5,5.659265395520228,-0.6592653955202277,10.0,0.99335
7,6.114863010319433,0.885136989680567,11.4,0.99053
6,5.756033601324478,0.24396639867552228,10.3,0.9949
6,5.625665566665771,0.3743344333342291,9.9,0.9962
6,5.822546743894213,0.1774532561057871,10.5,0.99092
7,5.593554517735227,1.4064454822647727,9.8,0.99532
5,5.430464754981478,-0.43046475498147796,9.3,0.99727
7,6.4395936695739024,0.5604063304260976,12.4,0.99026
6,5.4307002456396845,0.5692997543603155,9.3,0.99668
5,5.430464754981478,-0.43046475498147796,9.3,0.99727
6,5.49621554643736,0.5037844535626403,9.5,0.9952
6,5.822339192805625,0.17766080719437483,10.5,0.99144
6,5.822339192805625,0.17766080719437483,10.5,0.99144
7,6.569486731549109,0.4305132684508912,12.8,0.99015
6,5.9197420259769045,0.08025797402309554,10.8,0.9914
6,5.657836486102639,0.3421635138973613,10.0,0.99693
8,6.244784011864256,1.7552159881357436,11.8,0.99035
6,5.657836486102639,0.3421635138973613,10.0,0.99693
8,6.244784011864256,1.7552159881357436,11.8,0.99035
6,6.309824339978433,-0.30982433997843284,12.0,0.99006
6,6.504119111333696,-0.5041191113336962,12.6,0.99126
8,6.277409947149183,1.7225900528508173,11.9,0.98994
5,5.855436109406963,-0.8554361094069627,10.6,0.98985
5,5.398070318987668,-0.398070318987668,9.2,0.9971
6,5.657082117722962,0.342917882277038,10.0,0.99882
5,5.399000307519227,-0.399000307519227,9.2,0.99477
6,5.431458605386449,0.5685413946135514,9.3,0.99478
6,5.72322805452058,0.2767719454794202,10.2,0.99576
6,5.723220071786403,0.276779928213597,10.2,0.99578
5,5.237179799499537,-0.23717979949953705,8.7,0.99354
5,5.886864634565417,-0.8868646345654172,10.7,0.99244
6,6.341975302579859,-0.34197530257985864,12.1,0.99084
6,5.495848340665242,0.5041516593347577,9.5,0.99612
6,6.04872904762308,-0.04872904762308039,11.2,0.99356
6,6.310039873801197,-0.31003987380119735,12.0,0.98952
6,5.495848340665242,0.5041516593347577,9.5,0.99612
6,6.341975302579859,-0.34197530257985864,12.1,0.99084
5,5.886864634565417,-0.8868646345654172,10.7,0.99244
7,5.267243277113815,1.7327567228861849,8.8,0.99955
6,5.918808046078257,0.08119195392174294,10.8,0.99374
7,6.667252779125417,0.33274722087458297,13.1,0.9892
7,6.4715849774917995,0.5284150225082005,12.5,0.99144
8,6.211056459262976,1.7889435407370238,11.7,0.99352
8,6.211056459262976,1.7889435407370238,11.7,0.99352
8,6.178602152762844,1.8213978472371561,11.6,0.9935
6,6.081666309540888,-0.08166630954088827,11.3,0.99237
7,6.4715849774917995,0.5284150225082005,12.5,0.99144
5,6.114986742699169,-1.1149867426991689,11.4,0.99022
5,6.3746451429027555,-1.3746451429027555,12.2,0.99032
6,6.192911704479852,-0.19291170447985184,11.7,1.03898
6,5.7881087279512276,0.21189127204877245,10.4,0.99587
6,5.7881087279512276,0.21189127204877245,10.4,0.99587
6,5.7881087279512276,0.21189127204877245,10.4,0.99587
5,5.364546326107889,-0.36454632610788895,9.1,0.99976
6,6.3733599227003435,-0.37335992270034346,12.2,0.99354
5,5.364546326107889,-0.36454632610788895,9.1,0.99976
5,5.463625533456228,-0.46362553345622803,9.4,0.99552
5,5.463625533456228,-0.46362553345622803,9.4,0.99552
6,5.7881087279512276,0.21189127204877245,10.4,0.99587
5,5.398493403899021,-0.3984934038990211,9.2,0.99604
5,5.463497809709404,-0.4634978097094038,9.4,0.99584
7,6.797205711606947,0.20279428839305336,13.5,0.98894
5,5.463314206823346,-0.46331420682334556,9.4,0.9963
8,5.951565696477095,2.048434303522905,10.9,0.993
7,6.797205711606947,0.20279428839305336,13.5,0.98894
5,5.463314206823346,-0.46331420682334556,9.4,0.9963
7,6.11480313981311,0.8851968601868903,11.4,0.99068
7,6.439841134333373,0.5601588656666268,12.4,0.98964
5,5.398493403899021,-0.3984934038990211,9.2,0.99604
5,5.463497809709404,-0.4634978097094038,9.4,0.99584
6,5.821995935236036,0.17800406476396358,10.5,0.9923
8,6.145792614591858,1.8542073854081416,11.5,0.99437
8,5.951565696477095,2.048434303522905,10.9,0.993
6,5.919350872002257,0.08064912799774326,10.8,0.99238
5,5.300320236879713,-0.3003202368797133,8.9,0.99801
5,5.300316245512625,-0.3003162455126249,8.9,0.99802
6,5.463569654316992,0.5364303456830077,9.4,0.99566
7,6.374505445054668,0.6254945549453321,12.2,0.99067
7,6.342047147187447,0.6579528528125529,12.1,0.99066
5,5.951605610147977,-0.9516056101479773,10.9,0.9929
6,5.691707727919096,0.30829227208090426,10.1,0.9934
7,6.374505445054668,0.6254945549453321,12.2,0.99067
7,6.634822420827815,0.36517757917218496,13.0,0.98912
5,5.984961965610051,-0.9849619656100508,11.0,0.99066
5,5.91939078567314,-0.9193907856731398,10.8,0.99228
7,6.634822420827815,0.36517757917218496,13.0,0.98912
4,5.431051485943449,-1.431051485943449,9.3,0.9958
6,6.114867001686521,-0.11486700168652142,11.4,0.99052
5,5.399658883088787,-0.3996588830887866,9.2,0.99312
5,5.625426084640477,-0.6254260846404769,9.9,0.9968
5,5.820910283388036,-0.8209102833880362,10.5,0.99502
6,6.439362170282785,-0.43936217028278524,12.4,0.99084
6,5.4960040039816835,0.5039959960183165,9.5,0.99573
6,5.821892159691743,0.17810784030825744,10.5,0.99256
6,5.366086993803949,0.6339130061960514,9.1,0.9959
7,6.147201567174006,0.8527984328259937,11.5,0.99084
7,6.147201567174006,0.8527984328259937,11.5,0.99084
5,6.047579533901668,-1.0475795339016676,11.2,0.99644
5,5.918201358280845,-0.9182013582808448,10.8,0.99526
5,5.463673429861287,-0.463673429861287,9.4,0.9954
6,5.984846215964492,0.015153784035508266,11.0,0.99095
7,6.081861886528212,0.9181381134717883,11.3,0.99188
6,6.049790751268551,-0.04979075126855115,11.2,0.9909
6,5.821892159691743,0.17810784030825744,10.5,0.99256
6,5.366086993803949,0.6339130061960514,9.1,0.9959
6,5.788132676153757,0.21186732384624296,10.4,0.99581
7,6.049623113850845,0.9503768861491553,11.2,0.99132
7,6.01794313256583,0.9820568674341699,11.1,0.98936
6,6.049607148382492,-0.04960714838249203,11.2,0.99136
6,5.822347175539801,0.17765282446019892,10.5,0.99142
6,5.659676506330316,0.3403234936696844,10.0,0.99232
6,5.659676506330316,0.3403234936696844,10.0,0.99232
5,5.951565696477095,-0.9515656964770951,10.9,0.993
7,5.951521791439124,1.0484782085608764,10.9,0.99311
7,6.049623113850845,0.9503768861491553,11.2,0.99132
5,6.212489360047653,-1.2124893600476527,11.7,0.98993
5,5.659772299140434,-0.6597722991404336,10.0,0.99208
5,5.495193756462771,-0.4951937564627711,9.5,0.99776
5,5.332630854164669,-0.33263085416466875,9.0,0.99839
5,5.658311458786139,-0.6583114587861392,10.0,0.99574
5,6.277014801807447,-1.2770148018074474,11.9,0.99093
6,5.8547535856348745,0.14524641436512553,10.6,0.99156
6,5.9841157957873445,0.01588420421265546,11.0,0.99278
7,6.049192046205316,0.9508079537946843,11.2,0.9924
7,6.309912150054374,0.690087849945626,12.0,0.98984
8,6.504482325738726,1.495517674261274,12.6,0.99035
7,6.049192046205316,0.9508079537946843,11.2,0.9924
6,5.8222553740967715,0.17774462590322848,10.5,0.99165
6,5.72460906753311,0.27539093246689017,10.2,0.9923
6,5.9841157957873445,0.01588420421265546,11.0,0.99278
6,6.3747409357128735,-0.3747409357128735,12.2,0.99008
6,6.407378845099065,-0.40737884509906497,12.3,0.98964
6,5.8547535856348745,0.14524641436512553,10.6,0.99156
6,5.790092437394081,0.20990756260591859,10.4,0.9909
7,6.309912150054374,0.690087849945626,12.0,0.98984
7,6.53752336320083,0.4624766367991704,12.7,0.9889
5,5.854665775558933,-0.8546657755589333,10.6,0.99178
6,6.406931811985182,-0.40693181198518236,12.3,0.99076
7,6.53752336320083,0.4624766367991704,12.7,0.9889
6,6.114890949889051,-0.11489094988905091,11.4,0.99046
7,6.30985227954805,0.6901477204519502,12.0,0.98999
8,6.439912978940962,1.5600870210590383,12.4,0.98946
7,6.342406370225388,0.6575936297746123,12.1,0.98976
6,6.114890949889051,-0.11489094988905091,11.4,0.99046
5,5.885156329451652,-0.885156329451652,10.7,0.99672
5,5.431442639918096,-0.43144263991809595,9.3,0.99482
6,6.537303838010977,-0.5373038380109767,12.7,0.98945
6,6.212928410427359,-0.21292841042735944,11.7,0.98883
5,5.886393653249006,-0.886393653249006,10.7,0.99362
7,6.244624357180727,0.7553756428192733,11.8,0.99075
5,5.6263999782100065,-0.6263999782100065,9.9,0.99436
7,6.764368233866344,0.23563176613365577,13.4,0.98988
7,6.568915966055491,0.4310840339445088,12.8,0.99158
6,6.56848888977705,-0.5684888897770497,12.8,0.99265
5,5.822135633084125,-0.822135633084125,10.5,0.99195
5,6.146866292338594,-1.1468662923385944,11.5,0.99168
4,5.822195503590448,-1.8221955035904482,10.5,0.9918
6,6.633221882625432,-0.6332218826254321,13.0,0.99313
8,6.439897013472609,1.560102986527391,12.4,0.9895
6,5.724249844495168,0.2757501555048316,10.2,0.9932
5,5.332594931860875,-0.33259493186087496,9.0,0.99848
7,6.309489065143021,0.6905109348569791,12.0,0.9909
7,6.2124055413388,0.7875944586612,11.7,0.99014
5,5.658526992608904,-0.6585269926089037,10.0,0.9952
5,5.755386999856183,-0.7553869998561833,10.3,0.99652
5,5.332594931860875,-0.33259493186087496,9.0,0.99848
5,6.017272582895006,-1.0172725828950062,11.1,0.99104
5,5.332898275759581,-0.33289827575958064,9.0,0.99772
6,5.822035848906919,0.1779641510930814,10.5,0.9922
7,6.2770826550479475,0.7229173449520525,11.9,0.99076
5,5.463346137760051,-0.46334613776005096,9.4,0.99622
6,6.114994725433345,-0.11499472543334477,11.4,0.9902
7,5.919845801521198,1.0801541984788017,10.8,0.99114
5,5.5941612055326395,-0.5941612055326395,9.8,0.9938
5,5.430995606804213,-0.43099560680421334,9.3,0.99594
6,6.114994725433345,-0.11499472543334477,11.4,0.9902
6,6.082472565692712,-0.08247256569271233,11.3,0.99035
6,6.082484539793977,-0.08248453979397663,11.3,0.99032
5,5.496063874488007,-0.4960638744880068,9.5,0.99558
5,5.463346137760051,-0.46334613776005096,9.4,0.99622
7,6.2770826550479475,0.7229173449520525,11.9,0.99076
5,5.431718044247185,-0.43171804424718463,9.3,0.99413
6,6.114902923990315,-0.11490292399031521,11.4,0.99043
6,6.114902923990315,-0.11490292399031521,11.4,0.99043
6,6.537156157428711,-0.5371561574287114,12.7,0.98982
7,6.797046056923417,0.202953943076583,13.5,0.98934
6,6.050070146964727,-0.050070146964727336,11.2,0.9902
5,5.886046404312329,-0.8860464043123288,10.7,0.99449
4,5.917790247470757,-1.9177902474707569,10.8,0.99629
6,5.820998093463977,0.17900190653602266,10.5,0.9948
8,6.634535042397462,1.365464957602538,13.0,0.98984
6,5.918999631698492,0.08100036830150792,10.8,0.99326
6,5.365113100234418,0.6348868997655819,9.1,0.99834
5,5.690849583995124,-0.6908495839951243,10.1,0.99555
8,6.2774857831238595,1.7225142168761405,11.9,0.98975
7,6.3089861528899025,0.6910138471100975,12.0,0.99216
7,6.3089861528899025,0.6910138471100975,12.0,0.99216
6,5.365113100234418,0.6348868997655819,9.1,0.99834
8,6.179959217572844,1.8200407824271556,11.6,0.9901
8,6.2774857831238595,1.7225142168761405,11.9,0.98975
6,5.723240028621845,0.276759971378155,10.2,0.99573
6,5.918999631698492,0.08100036830150792,10.8,0.99326
5,5.594819781102198,-0.5948197811021982,9.8,0.99215
4,6.115102492344727,-2.115102492344727,11.4,0.98993
5,5.594807807000934,-0.5948078070009339,9.8,0.99218
5,5.690849583995124,-0.6908495839951243,10.1,0.99555
8,5.593426793988404,2.406573206011596,9.8,0.99564
8,5.593426793988404,2.406573206011596,9.8,0.99564
6,5.8862539554009174,0.11374604459908255,10.7,0.99397
5,5.853077211457815,-0.8530772114578147,10.6,0.99576
5,5.430967667234596,-0.43096766723459634,9.3,0.99601
8,5.593426793988404,2.406573206011596,9.8,0.99564
6,5.8862539554009174,0.11374604459908255,10.7,0.99397
8,6.960239595221461,1.039760404778539,14.0,0.98713
6,5.983996054774697,0.016003945225302907,11.0,0.99308
6,5.983996054774697,0.016003945225302907,11.0,0.99308
6,5.463505792443581,0.5364942075564194,9.4,0.99582
6,5.33400787581011,0.6659921241898896,9.0,0.99494
5,5.334822114696111,-0.33482211469611123,9.0,0.9929
5,5.658722569596227,-0.6587225695962271,10.0,0.99471
5,5.334822114696111,-0.33482211469611123,9.0,0.9929
5,5.334822114696111,-0.33482211469611123,9.0,0.9929
7,6.439549764535932,0.5604502354640681,12.4,0.99037
5,6.081398887945976,-1.0813988879459764,11.3,0.99304
6,6.309744512636668,-0.3097445126366676,12.0,0.99026
6,6.212517299617271,-0.21251729961727062,11.7,0.98986
5,5.658722569596227,-0.6587225695962271,10.0,0.99471
7,6.69959133597999,0.30040866402000965,13.2,0.98951
7,5.9826948691039314,1.0173051308960686,11.0,0.99634
6,5.983756572749403,0.01624342725059691,11.0,0.99368
5,5.397743026886433,-0.3977430268864328,9.2,0.99792
7,6.634367404979756,0.36563259502024437,13.0,0.99026
5,5.853931364014698,-0.8539313640146977,10.6,0.99362
8,6.634794481258197,1.3652055187418028,13.0,0.98919
6,5.332646819633022,0.6673531803669777,9.0,0.99835
6,5.332646819633022,0.6673531803669777,9.0,0.99835
5,6.147385170060065,-1.1473851700600646,11.5,0.99038
6,5.984810293660697,0.015189706339302944,11.0,0.99104
5,6.147385170060065,-1.1473851700600646,11.5,0.99038
5,5.626998683273242,-0.6269986832732419,9.9,0.99286
6,5.789270215773905,0.21072978422609534,10.4,0.99296
6,5.332646819633022,0.6673531803669777,9.0,0.99835
6,5.62598487603283,0.37401512396716985,9.9,0.9954
6,5.984666604445521,0.01533339555447899,11.0,0.9914
6,6.341169046428035,-0.3411690464280346,12.1,0.99286
6,5.560804850070565,0.43919514992943487,9.7,0.99604
6,5.560804850070565,0.43919514992943487,9.7,0.99604
7,6.374297893966079,0.6257021060339207,12.2,0.99119
7,6.439669505548579,0.5603304944514207,12.4,0.99007
7,5.820890326552595,1.179109673447405,10.5,0.99507
6,5.788072805647434,0.21192719435256624,10.4,0.99596
6,6.309804383142992,-0.30980438314299175,12.0,0.99011
6,6.536349901276888,-0.5363499012768882,12.7,0.99184
7,5.950891155439183,1.0491088445608172,10.9,0.99469
7,5.950891155439183,1.0491088445608172,10.9,0.99469
7,5.951142611565741,1.048857388434259,10.9,0.99406
7,6.113857185813197,0.8861428141868029,11.4,0.99305
6,5.984842224597403,0.015157775402596663,11.0,0.99096
7,6.504797643738697,0.49520235626130304,12.6,0.98956
7,6.179160944155197,0.8208390558448029,11.6,0.9921
7,5.820934231590566,1.1790657684094343,10.5,0.99496
7,5.951142611565741,1.048857388434259,10.9,0.99406
7,5.951142611565741,1.048857388434259,10.9,0.99406
6,6.472638698403094,-0.47263869840309436,12.5,0.9888
8,6.342542076706388,1.6574579232936122,12.1,0.98942
6,6.082284971439565,-0.08228497143956481,11.3,0.99082
7,6.732648338910447,0.26735166108955344,13.3,0.98802
7,5.951142611565741,1.048857388434259,10.9,0.99406
7,5.950891155439183,1.0491088445608172,10.9,0.99469
7,5.820934231590566,1.1790657684094343,10.5,0.99496
7,6.179160944155197,0.8208390558448029,11.6,0.9921
7,6.113857185813197,0.8861428141868029,11.4,0.99305
6,5.9849300346733445,0.015069965326655499,11.0,0.99074
6,6.342438301162094,-0.34243830116209395,12.1,0.98968
6,5.984842224597403,0.015157775402596663,11.0,0.99096
7,6.504797643738697,0.49520235626130304,12.6,0.98956
7,6.634990058245521,0.36500994175447943,13.0,0.9887
6,5.267299156253051,0.7327008437469491,8.8,0.99941
5,5.496742406893007,-0.49674240689300664,9.5,0.99388
6,6.244101488092168,-0.24410148809216814,11.8,0.99206
6,6.374633168801491,-0.3746331688014912,12.2,0.99035
6,5.885519543856682,0.11448045614331814,10.7,0.99581
6,5.982191956850814,0.017808043149186048,11.0,0.9976
6,6.113629677889168,-0.11362967788916833,11.4,0.99362
6,5.885519543856682,0.11448045614331814,10.7,0.99581
6,6.30978442630755,-0.30978442630754977,12.0,0.99016
8,6.276683518339124,1.7233164816608761,11.9,0.99176
6,6.113629677889168,-0.11362967788916833,11.4,0.99362
6,6.243171499560608,-0.24317149956060824,11.8,0.99439
4,5.853548192774227,-1.8535481927742268,10.6,0.99458
5,5.5615472443489775,-0.5615472443489775,9.7,0.99418
6,5.982191956850814,0.017808043149186048,11.0,0.9976
6,5.885519543856682,0.11448045614331814,10.7,0.99581
7,5.984514932496168,1.0154850675038318,11.0,0.99178
6,5.821093886274095,0.1789061137259047,10.5,0.99456
5,5.788144650255021,-0.7881446502550213,10.4,0.99578
6,5.820734663236154,0.17926533676384615,10.5,0.99546
8,6.307780760029256,1.6922192399707443,12.0,0.99518
8,6.307780760029256,1.6922192399707443,12.0,0.99518
6,5.398325766481316,0.6016742335186844,9.2,0.99646
5,5.951709385692271,-0.9517093856922711,10.9,0.99264
6,5.495984047146242,0.5040159528537584,9.5,0.99578
6,5.463417982367639,0.5365820176323606,9.4,0.99604
7,6.082556384401565,0.9174436155984349,11.3,0.99014
5,5.788499881925874,-0.7884998819258744,10.4,0.99489
6,5.462300399582933,0.5376996004170671,9.4,0.99884
6,6.0823967297180355,-0.08239672971803547,11.3,0.99054
6,5.26793378362008,0.7320662163799199,8.8,0.99782
5,5.918229297850463,-0.9182292978504627,10.8,0.99519
6,5.46230838231711,0.5376916176828903,9.4,0.99882
6,5.462300399582933,0.5376996004170671,9.4,0.99884
6,5.3996668658229625,0.6003331341770375,9.2,0.9931
6,5.7553311207169475,0.24466887928305248,10.3,0.99666
6,5.626847011323889,0.3731529886761109,9.9,0.99324
6,6.439354187548608,-0.43935418754860844,12.4,0.99086
5,6.277066689579595,-1.2770666895795948,11.9,0.9908
6,6.212193998883124,-0.21219399888312385,11.7,0.99067
5,5.462990906089198,-0.4629909060891979,9.4,0.99711
4,5.528949248633668,-1.5289492486336682,9.6,0.99452
5,5.462990906089198,-0.4629909060891979,9.4,0.99711
7,5.788655545242316,1.2113444547576844,10.4,0.9945
5,5.496586743576565,-0.4965867435765654,9.5,0.99427
6,6.276779311149242,-0.2767793111492418,11.9,0.99152
6,6.4724191732132415,-0.47241917321324145,12.5,0.98935
5,6.764815266980226,-1.764815266980226,13.4,0.98876
5,6.53638981494777,-1.5363898149477704,12.7,0.99174
5,5.366158838411536,-0.3661588384115362,9.1,0.99572
6,5.8221795381220955,0.17782046187790446,10.5,0.99184
5,5.788639579773963,-0.7886395797739629,10.4,0.99454
5,5.788639579773963,-0.7886395797739629,10.4,0.99454
8,6.471505150150035,1.5284948498499649,12.5,0.99164
5,5.788639579773963,-0.7886395797739629,10.4,0.99454
5,5.332874327557051,-0.33287432755705115,9.0,0.99778
6,5.5926843997099915,0.40731560029000846,9.8,0.9975
5,5.332874327557051,-0.33287432755705115,9.0,0.99778
4,5.887020297881858,-1.8870202978818584,10.7,0.99205
6,6.43984911706755,-0.43984911706755003,12.4,0.98962
8,6.471688753036094,1.5283112469639057,12.5,0.99118
8,6.471505150150035,1.5284948498499649,12.5,0.99164
7,6.341216942833094,0.6587830571669064,12.1,0.99274
6,6.081877851996565,-0.08187785199656528,11.3,0.99184
5,6.309640737092374,-1.3096407370923737,12.0,0.99052
5,5.788272374001846,-0.7882723740018456,10.4,0.99546
7,6.37488462492805,0.6251153750719496,12.2,0.98972
5,5.204454080037404,-0.2044540800374044,8.6,0.9942
5,5.366158838411536,-0.3661588384115362,9.1,0.99572
5,6.342222767339329,-1.3422227673393294,12.1,0.99022
5,6.308838472307638,-1.308838472307638,12.0,0.99253
6,5.8221795381220955,0.17782046187790446,10.5,0.99184
5,5.788639579773963,-0.7886395797739629,10.4,0.99454
6,6.277266257934007,-0.2772662579340066,11.9,0.9903
7,6.862082393670505,0.1379176063294949,13.7,0.98906
6,6.082029523945918,-0.08202952394591811,11.3,0.99146
6,5.82087835245133,0.1791216475486701,10.5,0.9951
7,6.862082393670505,0.1379176063294949,13.7,0.98906
3,5.691069109184977,-2.691069109184977,10.1,0.995
6,6.40773008540283,-0.4077300854028296,12.3,0.98876
7,6.310023908332845,0.6899760916671553,12.0,0.98956
6,6.082029523945918,-0.08202952394591811,11.3,0.99146
6,5.495928168007007,0.5040718319929933,9.5,0.99592
6,6.114559666420727,-0.11455966642072735,11.4,0.99129
7,6.2771305514530065,0.7228694485469935,11.9,0.99064
6,5.659133680406316,0.3408663195936841,10.0,0.99368
6,5.659133680406316,0.3408663195936841,10.0,0.99368
7,6.082129308123124,0.9178706918768764,11.3,0.99121
5,6.2120463183008585,-1.2120463183008585,11.7,0.99104
7,5.984343303711373,1.0156566962886266,11.0,0.99221
7,6.375076210548285,0.6249237894517146,12.2,0.98924
7,5.8871360475274175,1.1128639524725825,10.7,0.99176
6,5.951038836021447,0.04896116397855277,10.9,0.99432
6,5.724066241609109,0.27593375839089074,10.2,0.99366
7,6.2771305514530065,0.7228694485469935,11.9,0.99064
5,6.016977221730477,-1.0169772217304773,11.1,0.99178
6,6.049647062053374,-0.049647062053374214,11.2,0.99126
6,6.114559666420727,-0.11455966642072735,11.4,0.99129
6,5.8543704143944035,0.14562958560559647,10.6,0.99252
5,5.755159491932154,-0.7551594919321536,10.3,0.99709
4,5.788404089115757,-1.7884040891157573,10.4,0.99513
6,6.277206387427683,-0.27720638742768333,11.9,0.99045
7,6.277385998946654,0.722614001053346,11.9,0.99
5,5.78923429347011,-0.78923429347011,10.4,0.99305
6,5.397359855645962,0.6026401443540381,9.2,0.99888
6,6.081885834730741,-0.08188583473074118,11.3,0.99182
6,6.081885834730741,-0.08188583473074118,11.3,0.99182
7,5.984706518116403,1.0152934818835968,11.0,0.9913
7,6.277385998946654,0.722614001053346,11.9,0.99
7,6.6026634754922116,0.39733652450778845,12.9,0.98836
5,5.920420558381904,-0.9204205583819043,10.8,0.9897
6,5.366102959272301,0.6338970407276987,9.1,0.99586
5,5.78923429347011,-0.78923429347011,10.4,0.99305
6,6.60243995893527,-0.6024399589352702,12.9,0.98892
5,6.374150213383815,-1.3741502133838148,12.2,0.99156
6,5.397359855645962,0.6026401443540381,9.2,0.99888
5,5.7558579811725945,-0.7558579811725945,10.3,0.99534
7,5.983940175635461,1.0160598243645387,11.0,0.99322
5,5.984043951179756,-0.9840439511797561,11.0,0.99296
6,6.212070266503388,-0.212070266503388,11.7,0.99098
6,6.309960046459433,-0.309960046459433,12.0,0.98972
6,6.5372280020363,-0.5372280020362998,12.7,0.98964
5,5.26739095769608,-0.26739095769607957,8.8,0.99918
6,6.081885834730741,-0.08188583473074118,11.3,0.99182
6,6.569514671118727,-0.5695146711187267,12.8,0.99008
6,6.049351700888845,-0.04935170088884533,11.2,0.992
6,5.300120668525301,0.6998793314746994,8.9,0.99851
5,6.050046198762198,-1.0500461987621978,11.2,0.99026
6,6.0174482030468885,-0.017448203046888544,11.1,0.9906
6,5.919131346812404,0.08086865318759617,10.8,0.99293
6,5.430740159310567,0.5692598406894334,9.3,0.99658
6,5.300120668525301,0.6998793314746994,8.9,0.99851
7,6.536645262441417,0.4633547375585829,12.7,0.9911
6,6.309688633497433,-0.3096886334974327,12.0,0.9904
5,6.050046198762198,-1.0500461987621978,11.2,0.99026
6,5.26727919941761,0.7327208005823902,8.8,0.99946
6,5.26727919941761,0.7327208005823902,8.8,0.99946
6,5.26727919941761,0.7327208005823902,8.8,0.99946
6,5.788184563925904,0.2118154360740956,10.4,0.99568
6,5.26727919941761,0.7327208005823902,8.8,0.99946
6,5.788184563925904,0.2118154360740956,10.4,0.99568
6,6.9588146771709605,-0.9588146771709605,14.0,0.9907
6,5.26727919941761,0.7327208005823902,8.8,0.99946
6,6.66686162515077,-0.6668616251507702,13.1,0.99018
6,6.4072591040864175,-0.4072591040864175,12.3,0.98994
6,6.5043226710551965,-0.5043226710551965,12.6,0.99075
7,6.309002118358256,0.6909978816417439,12.0,0.99212
5,5.495560962234888,-0.49556096223488844,9.5,0.99684
7,6.309002118358256,0.6909978816417439,12.0,0.99212
7,6.536940623605947,0.46305937639405315,12.7,0.99036
6,5.821093886274095,0.1789061137259047,10.5,0.99456
6,6.6025477258466525,-0.6025477258466525,12.9,0.98865
5,5.495560962234888,-0.49556096223488844,9.5,0.99684
7,6.309002118358256,0.6909978816417439,12.0,0.99212
7,6.536940623605947,0.46305937639405315,12.7,0.99036
6,6.276499915453066,-0.2764999154530656,11.9,0.99222
6,6.309760478105021,-0.30976047810502116,12.0,0.99022
6,6.4718563904538,-0.4718563904537998,12.5,0.99076
7,6.341735820554565,0.6582641794454354,12.1,0.99144
6,6.472315397668948,-0.4723153976689476,12.5,0.98961
6,5.626703322108712,0.37329667789128784,9.9,0.9936
6,5.887335615881829,0.1126643841181707,10.7,0.99126
6,6.30967266802908,-0.30967266802908,12.0,0.99044
8,6.374281928497727,1.6257180715022734,12.2,0.99123
8,6.439206506966344,1.560793493033656,12.4,0.99123
8,6.439058826384079,1.5609411736159213,12.4,0.9916
6,5.755634464615654,0.2443655353843459,10.3,0.9959
6,6.30967266802908,-0.30967266802908,12.0,0.99044
5,5.821676625868977,-0.8216766258689772,10.5,0.9931
6,5.4966067004120065,0.5033932995879935,9.5,0.99422
4,5.8221396244512125,-1.8221396244512125,10.5,0.99194
6,6.407530517048418,-0.4075305170484178,12.3,0.98926
6,6.276164640617654,-0.27616464061765367,11.9,0.99306
5,5.5950233408236985,-0.5950233408236985,9.8,0.99164
6,6.407530517048418,-0.4075305170484178,12.3,0.98926
7,6.115122449180168,0.8848775508198319,11.4,0.98988
6,5.984155709458227,0.015844290541773276,11.0,0.99268
4,5.9188120374453455,-1.9188120374453455,10.8,0.99373
7,6.569790075447815,0.43020992455218465,12.8,0.98939
8,5.983956141103815,2.016043858896185,11.0,0.99318
5,5.72474477401411,-0.72474477401411,10.2,0.99196
7,6.472351319972741,0.5276486800272586,12.5,0.98952
6,6.179560080864021,-0.17956008086402075,11.6,0.9911
6,6.276164640617654,-0.27616464061765367,11.9,0.99306
5,5.5950233408236985,-0.5950233408236985,9.8,0.99164
5,5.984782354091079,-0.9847823540910792,11.0,0.99111
6,5.9514818777682414,0.048518122231758554,10.9,0.99321
7,5.983924210167109,1.0160757898328914,11.0,0.99326
6,6.471664804833565,-0.47166480483356477,12.5,0.99124
7,5.983924210167109,1.0160757898328914,11.0,0.99326
7,6.308994135624079,0.6910058643759207,12.0,0.99214
7,6.439817186130844,0.5601828138691562,12.4,0.9897
6,6.471664804833565,-0.47166480483356477,12.5,0.99124
7,6.569885868257932,0.4301141317420676,12.8,0.98915
7,5.983924210167109,1.0160757898328914,11.0,0.99326
5,5.365679874360948,-0.3656798743609482,9.1,0.99692
7,6.439298308409374,0.5607016915906264,12.4,0.991
7,6.60149001356827,0.39850998643172986,12.9,0.9913
6,5.951829126704919,0.04817087329508141,10.9,0.99234
5,5.918696287799786,-0.9186962877997864,10.8,0.99402
5,5.852670092014814,-0.8526700920148143,10.6,0.99678
5,5.334151565025287,-0.3341515650252873,9.0,0.99458
6,6.308044190257079,-0.3080441902570792,12.0,0.99452
5,6.244791994598433,-1.2447919945984331,11.8,0.99033
6,5.854298569786815,0.14570143021318493,10.6,0.9927
6,6.407227173149712,-0.40722717314971213,12.3,0.99002
6,6.147309334085389,-0.1473093340853886,11.5,0.99057
5,6.017180781451977,-1.0171807814519767,11.1,0.99127
5,5.334151565025287,-0.3341515650252873,9.0,0.99458
4,5.627062545146654,-1.6270625451466536,9.9,0.9927
7,6.569794066814903,0.43020593318509714,12.8,0.98938
5,6.602004899922653,-1.6020048999226528,12.9,0.99001
6,6.600468223593682,-0.6004682235936816,12.9,0.99386
6,6.3098882018518445,-0.3098882018518445,12.0,0.9899
6,6.308044190257079,-0.3080441902570792,12.0,0.99452
6,6.0496310965850215,-0.04963109658502152,11.2,0.9913
7,6.732193323062388,0.26780667693761195,13.3,0.98916
6,5.627038596944124,0.3729614030558759,9.9,0.99276
6,5.495952116209536,0.5040478837904638,9.5,0.99586
6,5.4636095679878744,0.5363904320121256,9.4,0.99556
7,5.9845947598379325,1.0154052401620675,11.0,0.99158
6,5.463641498924581,0.5363585010754193,9.4,0.99548
6,6.1467146203892415,-0.14671462038924155,11.5,0.99206
5,6.470515291112153,-1.4705152911121528,12.5,0.99412
6,6.275933141326536,-0.27593314132653557,11.9,0.99364
6,5.789102578356198,0.21089742164380176,10.4,0.99338
6,6.0496310965850215,-0.04963109658502152,11.2,0.9913
6,6.471668796200653,-0.47166879620065316,12.5,0.99123
7,5.9843632605468144,1.0156367394531856,11.0,0.99216
5,5.594368756621227,-0.5943687566212272,9.8,0.99328
7,6.407111423504153,0.5928885764958469,12.3,0.99031
6,5.984906086470815,0.015093913529184988,11.0,0.9908
7,6.505136909941196,0.4948630900588036,12.6,0.98871
6,6.179524158560227,-0.17952415856022697,11.6,0.99119
7,6.407111423504153,0.5928885764958469,12.3,0.99031
7,6.7637375978664025,0.2362624021335975,13.4,0.99146
5,5.594368756621227,-0.5943687566212272,9.8,0.99328
6,6.1465589570728,-0.1465589570728003,11.5,0.99245
6,6.179536132661491,-0.17953613266149127,11.6,0.99116
7,6.016849497983653,0.9831505020163469,11.1,0.9921
7,5.9843632605468144,1.0156367394531856,11.0,0.99216
6,6.081965662072506,-0.08196566207250644,11.3,0.99162
6,5.625617670260712,0.3743823297392881,9.9,0.99632
8,6.504294731485579,1.4957052685144214,12.6,0.99082
8,6.244724141357933,1.755275858642067,11.8,0.9905
5,6.114368080800491,-1.1143680808004914,11.4,0.99177
6,5.3974716139244325,0.6025283860755675,9.2,0.9986
6,5.3974716139244325,0.6025283860755675,9.2,0.9986
6,5.3974716139244325,0.6025283860755675,9.2,0.9986
6,5.3974716139244325,0.6025283860755675,9.2,0.9986
6,5.3974716139244325,0.6025283860755675,9.2,0.9986
6,5.3974716139244325,0.6025283860755675,9.2,0.9986
5,6.6347785157898445,-1.6347785157898445,13.0,0.98923
7,5.429319232627154,1.5706807673728456,9.3,1.00014
8,6.50451824804252,1.4954817519574801,12.6,0.99026
6,5.529324437139962,0.47067556286003764,9.6,0.99358
3,5.0086106582519045,-2.0086106582519045,8.0,0.99688
6,6.2432992233074325,-0.24329922330743248,11.8,0.99407
6,5.7246250330014625,0.2753749669985375,10.2,0.99226
6,6.5366971502135645,-0.5366971502135645,12.7,0.99097
5,5.4627953291018745,-0.4627953291018745,9.4,0.9976
5,5.7248645150267565,-0.7248645150267565,10.2,0.99166
7,6.309113876636727,0.6908861233632733,12.0,0.99184
7,6.082073428983889,0.9179265710161113,11.3,0.99135
7,6.244628348547815,0.7553716514521849,11.8,0.99074
5,5.951992772755536,-0.9519927727555357,10.9,0.99193
4,5.594775876064228,-1.5947758760642277,9.8,0.99226
8,6.37420609252305,1.6257939074769503,12.2,0.99142
7,6.017324470667154,0.9826755293328464,11.1,0.99091
5,5.4627953291018745,-0.4627953291018745,9.4,0.9976
6,6.114539709585286,-0.11453970958528625,11.4,0.99134
5,5.7248645150267565,-0.7248645150267565,10.2,0.99166
6,6.569690291270609,-0.569690291270609,12.8,0.98964
7,5.69215076966589,1.30784923033411,10.1,0.99229
6,5.464248186721993,0.535751813278007,9.4,0.99396
6,6.37418214432052,-0.3741821443205202,12.2,0.99148
7,5.952244228882095,1.047755771117905,10.9,0.9913
7,5.952260194350448,1.0477398056495524,10.9,0.99126
7,5.952244228882095,1.047755771117905,10.9,0.9913
6,5.464248186721993,0.535751813278007,9.4,0.99396
5,5.463585619785346,-0.46358561978534585,9.4,0.99562
5,6.114563657787816,-1.1145636577878157,11.4,0.99128
8,6.6024239934669176,1.3975760065330824,12.9,0.98896
5,5.4636015852536985,-0.46360158525369854,9.4,0.99558
7,6.310003951497404,0.6899960485025964,12.0,0.98961
6,5.691715710653272,0.30828428934672836,10.1,0.99338
5,5.4636015852536985,-0.46360158525369854,9.4,0.99558
5,5.463585619785346,-0.46358561978534585,9.4,0.99562
5,5.3986211276458445,-0.39862112764584445,9.2,0.99572
6,6.244700193155404,-0.2447001931554036,11.8,0.99056
7,6.406652416289006,0.5933475837109938,12.3,0.99146
5,6.114563657787816,-1.1145636577878157,11.4,0.99128
8,6.6024239934669176,1.3975760065330824,12.9,0.98896
6,6.406548640744711,-0.4065486407447114,12.3,0.99172
7,6.7967347302905345,0.20326526970946546,13.5,0.99012
7,6.569897842359198,0.4301021576408024,12.8,0.98912
7,6.56993775603008,0.4300622439699202,12.8,0.98902
7,6.569897842359198,0.4301021576408024,12.8,0.98912
3,5.983648805838021,-2.983648805838021,11.0,0.99395
6,5.853224892040079,0.14677510795992088,10.6,0.99539
7,6.4391825587638145,0.5608174412361855,12.4,0.99129
7,6.6021845114416235,0.39781548855837645,12.9,0.98956
7,6.017049066338065,0.9829509336619351,11.1,0.9916
7,6.602451933036535,0.39754806696346456,12.9,0.98889
7,6.244875813307286,0.7551241866927141,11.8,0.99012
6,5.3651170916015065,0.6348829083984935,9.1,0.99833
7,6.537671043783094,0.46232895621690595,12.7,0.98853
6,6.3100797874720795,-0.31007978747207954,12.0,0.98942
6,6.049088270661021,-0.04908827066102095,11.2,0.99266
7,6.43984911706755,0.56015088293245,12.4,0.98962
5,5.789781110761199,-0.789781110761199,10.4,0.99168
5,5.787737530812022,-0.7877375308120218,10.4,0.9968
6,6.537347743048947,-0.5373477430489473,12.7,0.98934
7,6.4721796911879474,0.5278203088120526,12.5,0.98995
6,6.309449151472139,-0.3094491514721387,12.0,0.991
6,6.179392443446315,-0.17939244344631522,11.6,0.99152
7,6.504430437966579,0.4955695620334213,12.6,0.99048
5,5.724712843077404,-0.7247128430774037,10.2,0.99204
7,5.789645404280199,1.2103545957198012,10.4,0.99202
5,6.147297359984123,-1.1472973599841234,11.5,0.9906
6,5.984862181432844,0.01513781856715557,11.0,0.99091
6,5.691180867463448,0.30881913253655213,10.1,0.99472
6,5.821109851742448,0.178890148257552,10.5,0.99452
7,6.341604105440652,0.658395894559348,12.1,0.99177
6,5.626783149450477,0.3732168505495226,9.9,0.9934
6,6.114747260673874,-0.11474726067387397,11.4,0.99082
6,5.495161825526065,0.5048381744739352,9.5,0.99784
6,5.495161825526065,0.5048381744739352,9.5,0.99784
6,5.495161825526065,0.5048381744739352,9.5,0.99784
6,5.950108847489888,0.04989115251011178,10.9,0.99665
6,5.4966067004120065,0.5033932995879935,9.5,0.99422
6,6.504626014953902,-0.5046260149539021,12.6,0.98999
6,5.4966067004120065,0.5033932995879935,9.5,0.99422
5,6.016673877831771,-1.0166738778317708,11.1,0.99254
7,5.495169808260242,1.5048301917397584,9.5,0.99782
6,5.495161825526065,0.5048381744739352,9.5,0.99784
6,5.853300728014756,0.14669927198524402,10.6,0.9952
6,5.853304719381844,0.14669528061815562,10.6,0.99519
6,5.918768132407375,0.08123186759262513,10.8,0.99384
6,5.950108847489888,0.04989115251011178,10.9,0.99665
6,5.625761359475889,0.37423864052411115,9.9,0.99596
6,6.081215285059917,-0.08121528505991726,11.3,0.9935
6,6.505172832244991,-0.5051728322449911,12.6,0.98862
6,6.4715570379221825,-0.4715570379221825,12.5,0.99151
6,6.438819344358785,-0.43881934435878467,12.4,0.9922
7,6.243223387332756,0.7567766126672444,11.8,0.99426
6,6.374102316978756,-0.37410231697875584,12.2,0.99168
6,5.885619328033887,0.11438067196611268,10.7,0.99556
7,6.081191336857389,0.9188086631426113,11.3,0.99356
6,6.4715570379221825,-0.4715570379221825,12.5,0.99151
6,6.438819344358785,-0.43881934435878467,12.4,0.9922
7,6.082324885110447,0.917675114889553,11.3,0.99072
6,5.625761359475889,0.37423864052411115,9.9,0.99596
6,6.081215285059917,-0.08121528505991726,11.3,0.9935
6,6.505172832244991,-0.5051728322449911,12.6,0.98862
6,6.1477204448954765,-0.14772044489547653,11.5,0.98954
7,6.406931811985182,0.5930681880148176,12.3,0.99076
6,6.375211917029286,-0.3752119170292856,12.2,0.9889
6,6.700217980612844,-0.7002179806128437,13.2,0.98794
6,5.724700868976139,0.2752991310238606,10.2,0.99207
7,6.146119906693094,0.8538800933069064,11.5,0.99355
6,6.700217980612844,-0.7002179806128437,13.2,0.98794
6,6.375211917029286,-0.3752119170292856,12.2,0.9889
6,5.983884296496226,0.01611570350377356,11.0,0.99336
7,6.699866740309078,0.30013325969092186,13.2,0.98882
5,5.496930001146154,-0.49693000114615415,9.5,0.99341
6,5.722733125001638,0.2772668749983618,10.2,0.997
6,5.724700868976139,0.2752991310238606,10.2,0.99207
6,6.114380054901757,-0.11438005490175662,11.4,0.99174
8,6.4719920969348,1.5280079030652,12.5,0.99042
5,5.397551441266197,-0.3975514412661969,9.2,0.9984
7,6.3418675356684755,0.6581324643315245,12.1,0.99111
7,5.886521376995829,1.1134786230041707,10.7,0.9933
7,6.3418675356684755,0.6581324643315245,12.1,0.99111
6,6.048888702306609,-0.04888870230660913,11.2,0.99316
6,5.85354021004005,0.14645978995995002,10.6,0.9946
6,6.244923709712345,-0.2449237097123449,11.8,0.99
8,6.4719920969348,1.5280079030652,12.5,0.99042
5,5.397551441266197,-0.3975514412661969,9.2,0.9984
6,6.504558161713403,-0.504558161713403,12.6,0.99016
7,6.568025891194814,0.4319741088051856,12.8,0.99381
6,6.406660399023183,-0.40666039902318296,12.3,0.99144
8,6.406680355858624,1.593319644141376,12.3,0.99139
6,6.438939085371432,-0.4389390853714321,12.4,0.9919
6,6.406468813402947,-0.40646881340294705,12.3,0.99192
5,5.3661428729431835,-0.3661428729431835,9.1,0.99576
5,5.366126907474831,-0.3661269074748308,9.1,0.9958
6,5.853340641685638,0.14665935831436183,10.6,0.9951
6,5.756775995602889,0.24322400439711078,10.3,0.99304
5,5.495668729146272,-0.4956687291462716,9.5,0.99657
6,6.016617998692536,-0.016617998692535885,11.1,0.99268
6,5.918736201470669,0.08126379852933141,10.8,0.99392
5,6.049184063471139,-1.049184063471139,11.2,0.99242
6,5.918736201470669,0.08126379852933141,10.8,0.99392
5,6.114076711003051,-1.114076711003051,11.4,0.9925
6,6.049782768534374,-0.049782768534374355,11.2,0.99092
6,5.724980264672316,0.2750197353276844,10.2,0.99137
6,6.016617998692536,-0.016617998692535885,11.1,0.99268
5,5.495668729146272,-0.4956687291462716,9.5,0.99657
6,5.722964624292756,0.2770353757072437,10.2,0.99642
3,5.984586777103756,-2.9845867771037558,11.0,0.9916
7,6.145708795883006,0.8542912041169943,11.5,0.99458
6,5.594189145102257,0.4058108548977426,9.8,0.99373
6,5.690725851615389,0.30927414838461065,10.1,0.99586
6,5.2672951648859625,0.7327048351140375,8.8,0.99942
7,6.145708795883006,0.8542912041169943,11.5,0.99458
7,6.537283881175536,0.4627161188244644,12.7,0.9895
6,5.59316336376058,0.40683663623941957,9.8,0.9963
4,6.6023282006568,-2.6023282006567996,12.9,0.9892
6,5.59316336376058,0.40683663623941957,9.8,0.9963
7,6.537283881175536,0.4627161188244644,12.7,0.9895
5,5.168894489942624,-0.16889448994262413,8.5,1.00196
8,6.536940623605947,1.4630593763940531,12.7,0.99036
8,6.667332606467182,1.3326673935328177,13.1,0.989
5,5.364662075753448,-0.364662075753448,9.1,0.99947
6,6.471521115618388,-0.47152111561838783,12.5,0.9916
6,5.364670058487624,0.6353299415123761,9.1,0.99945
6,5.364670058487624,0.6353299415123761,9.1,0.99945
6,6.0486532116484035,-0.04865321164840353,11.2,0.99375
6,6.471521115618388,-0.47152111561838783,12.5,0.9916
5,5.364662075753448,-0.364662075753448,9.1,0.99947
6,5.364670058487624,0.6353299415123761,9.1,0.99945
6,5.364666067120536,0.6353339328794636,9.1,0.99946
5,6.146926162844918,-1.1469261628449177,11.5,0.99153
7,6.602671458226388,0.39732854177361165,12.9,0.98834
6,6.471608925694329,-0.471608925694329,12.5,0.99138
6,6.407522534314242,-0.4075225343142419,12.3,0.98928
6,6.114092676471404,-0.11409267647140364,11.4,0.99246
5,5.46352974064611,-0.4635297406461101,9.4,0.99576
5,5.364626153449653,-0.3646261534496533,9.1,0.99956
5,5.46352974064611,-0.4635297406461101,9.4,0.99576
5,6.309744512636668,-1.3097445126366676,12.0,0.99026
5,6.01699318719883,-1.01699318719883,11.1,0.99174
7,6.244692210421227,0.7553077895787732,11.8,0.99058
6,6.114874984420698,-0.11487498442069821,11.4,0.9905
5,5.364626153449653,-0.3646261534496533,9.1,0.99956
8,6.341544234934329,1.6584557650656713,12.1,0.99192
6,5.788240443065139,0.2117595569348607,10.4,0.99554
6,5.398764816861021,0.6012351831389786,9.2,0.99536
7,6.634247663967109,0.3657523360328909,13.0,0.99056
8,6.341544234934329,1.6584557650656713,12.1,0.99192
7,6.147089808895536,0.8529101911044643,11.5,0.99112
7,6.147089808895536,0.8529101911044643,11.5,0.99112
5,5.658143821368433,-0.6581438213684327,10.0,0.99616
6,6.016625981426712,-0.01662598142671179,11.1,0.99266
5,6.440024737219432,-1.4400247372194324,12.4,0.98918
6,6.375068227814109,-0.37506822781410865,12.2,0.98926
5,5.85492122305258,-0.85492122305258,10.6,0.99114
7,6.0172087210215945,0.9827912789784055,11.1,0.9912
7,6.926887231126476,0.07311276887352403,13.9,0.98936
6,5.39759135493708,0.60240864506292,9.2,0.9983
6,5.820790542375389,0.17920945762461127,10.5,0.99532
8,6.081857895161124,1.9181421048388758,11.3,0.99189
6,6.602008891289741,-0.6020088912897412,12.9,0.99
7,6.602352148859329,0.3976478511406709,12.9,0.98914
5,5.528609982431168,-0.5286099824311679,9.6,0.99537
6,6.602008891289741,-0.6020088912897412,12.9,0.99
6,6.602008891289741,-0.6020088912897412,12.9,0.99
5,5.26809343830361,-0.26809343830360977,8.8,0.99742
8,6.699858757574902,1.3001412424250978,13.2,0.98884
6,5.39759135493708,0.60240864506292,9.2,0.9983
8,6.081857895161124,1.9181421048388758,11.3,0.99189
6,5.820790542375389,0.17920945762461127,10.5,0.99532
6,5.821780401413272,0.1782195985867281,10.5,0.99284
8,6.50451824804252,1.4954817519574801,12.6,0.99026
6,5.4971056212980365,0.5028943787019635,9.5,0.99297
6,5.592840063026433,0.4071599369735672,9.8,0.99711
8,6.764583767689109,1.2354162323108913,13.4,0.98934
7,6.244404831990874,0.7555951680091262,11.8,0.9913
6,5.592840063026433,0.4071599369735672,9.8,0.99711
7,6.667077158973535,0.3329228410264653,13.1,0.98964
8,6.50451824804252,1.4954817519574801,12.6,0.99026
5,5.789653387014376,-0.7896533870143756,10.4,0.992
8,6.7645438540182266,1.2354561459817734,13.4,0.98944
7,6.6343474481443145,0.36565255185568546,13.0,0.99031
8,6.764583767689109,1.2354162323108913,13.4,0.98934
7,5.723958474697727,1.276041525302273,10.2,0.99393
6,6.212301765794506,-0.2123017657945061,11.7,0.9904
6,5.4971056212980365,0.5028943787019635,9.5,0.99297
6,6.21211018017427,-0.2121101801742702,11.7,0.99088
8,6.114060745534697,1.8859392544653026,11.4,0.99254
7,6.244404831990874,0.7555951680091262,11.8,0.9913
6,6.049519338306551,-0.049519338306550864,11.2,0.99158
7,6.63284270275205,0.36715729724795043,13.0,0.99408
7,6.63284270275205,0.36715729724795043,13.0,0.99408
6,5.95087518997083,0.04912481002916991,10.9,0.99473
7,6.180007113977903,0.8199928860220966,11.6,0.98998
7,6.082029523945918,0.9179704760540819,11.3,0.99146
6,6.3068866938014905,-0.3068866938014905,12.0,0.99742
6,5.8218243064512425,0.1781756935487575,10.5,0.99273
7,6.667244796391241,0.3327552036087589,13.1,0.98922
7,6.63284270275205,0.36715729724795043,13.0,0.99408
6,5.95087518997083,0.04912481002916991,10.9,0.99473
5,5.3649734023863305,-0.36497340238633047,9.1,0.99869
7,6.764479992144814,0.235520007855186,13.4,0.9896
7,6.147105774363888,0.8528942256361116,11.5,0.99108
7,6.049615131116669,0.9503848688833312,11.2,0.99134
6,5.951226430274595,0.04877356972540525,10.9,0.99385
7,6.79703807418924,0.20296192581075978,13.5,0.98936
5,5.3649734023863305,-0.36497340238633047,9.1,0.99869
6,5.625721445805006,0.37427855419499423,9.9,0.99606
6,5.820886335185507,0.1791136648144933,10.5,0.99508
7,6.212309748528682,0.787690251471318,11.7,0.99038
6,5.9845947598379325,0.015405240162067457,11.0,0.99158
6,6.633193943055814,-0.6331939430558142,13.0,0.9932
6,6.8285903317274315,-0.8285903317274315,13.6,0.99164
7,6.407287043656035,0.5927129563439646,12.3,0.98987
7,6.732069590682652,0.2679304093173478,13.3,0.98947
7,6.862429642607181,0.13757035739281864,13.7,0.98819
5,6.017156833249448,-1.017156833249448,11.1,0.99133
7,6.763749571967667,0.2362504280323332,13.4,0.99143
5,5.366162829778625,-0.3661628297786246,9.1,0.99571
7,6.082057463515536,0.917942536484464,11.3,0.99139
5,5.463685403962551,-0.4636854039625513,9.4,0.99537
5,5.366162829778625,-0.3661628297786246,9.1,0.99571
6,6.179256736965315,-0.17925673696531508,11.6,0.99186
6,6.179256736965315,-0.17925673696531508,11.6,0.99186
6,6.439761306991609,-0.43976130699160887,12.4,0.98984
6,5.59316336376058,0.40683663623941957,9.8,0.9963
4,6.016442378540654,-2.0164423785406536,11.1,0.99312
7,6.667053210771005,0.3329467892289948,13.1,0.9897
5,5.56102038389333,-0.5610203838933296,9.7,0.9955
5,5.398796747797727,-0.3987967477977268,9.2,0.99528
6,6.211347829060418,-0.2113478290604176,11.7,0.99279
6,5.85256631647052,0.1474336835294796,10.6,0.99704
5,5.56102038389333,-0.5610203838933296,9.7,0.9955
5,5.398796747797727,-0.3987967477977268,9.2,0.99528
6,5.952204315211213,0.04779568478878726,10.9,0.9914
5,5.692170726501331,-0.692170726501331,10.1,0.99224
7,6.37447750548505,0.62552249451495,12.2,0.99074
6,6.537515380466653,-0.5375153804666528,12.7,0.98892
6,6.6346348265746675,-0.6346348265746675,13.0,0.98959
6,6.049303804483786,-0.04930380448378635,11.2,0.99212
6,5.46352974064611,0.5364702593538899,9.4,0.99576
6,5.984467036091109,0.015532963908890807,11.0,0.9919
6,5.984467036091109,0.015532963908890807,11.0,0.9919
6,5.396765141949815,0.6032348580501852,9.2,1.00037
6,5.46352974064611,0.5364702593538899,9.4,0.99576
6,5.396765141949815,0.6032348580501852,9.2,1.00037
6,6.406436882466242,-0.40643688246624166,12.3,0.992
6,5.984467036091109,0.015532963908890807,11.0,0.9919
6,5.659732385469551,0.3402676145304486,10.0,0.99218
6,5.332566992291257,0.6674330077087429,9.0,0.99855
6,5.332566992291257,0.6674330077087429,9.0,0.99855
6,5.332566992291257,0.6674330077087429,9.0,0.99855
6,6.017440220312713,-0.01744022031271264,11.1,0.99062
6,5.626695339374536,0.37330466062546375,9.9,0.99362
7,6.373479663712991,0.6265203362870091,12.2,0.99324
6,6.017440220312713,-0.01744022031271264,11.1,0.99062
6,5.332566992291257,0.6674330077087429,9.0,0.99855
4,6.244532555737697,-2.244532555737697,11.8,0.99098
6,6.601865202074564,-0.6018652020745643,12.9,0.99036
5,5.334391047050581,-0.3343910470505813,9.0,0.99398
6,6.43957770410555,-0.43957770410554975,12.4,0.9903
5,5.334391047050581,-0.3343910470505813,9.0,0.99398
6,6.601865202074564,-0.6018652020745643,12.9,0.99036
6,6.048529479268668,-0.048529479268667686,11.2,0.99406
6,6.50438254156152,-0.5043825415615197,12.6,0.9906
6,6.147181610338565,-0.14718161033856525,11.5,0.99089
7,6.08222909230033,0.9177709076996701,11.3,0.99096
6,6.048529479268668,-0.048529479268667686,11.2,0.99406
6,6.147181610338565,-0.14718161033856525,11.5,0.99089
4,5.821477057514565,-1.8214770575145653,10.5,0.9936
6,6.50438254156152,-0.5043825415615197,12.6,0.9906
6,6.276946948566947,-0.27694694856694735,11.9,0.9911
6,5.691484211362154,0.30851578863784557,10.1,0.99396
7,5.984870164167021,1.0151298358329788,11.0,0.99089
5,5.852662109280638,-0.8526621092806383,10.6,0.9968
7,6.0820614548826235,0.9179385451173765,11.3,0.99138
4,6.049758820331845,-2.049758820331845,11.2,0.99098
7,6.146586896642417,0.8534131033575827,11.5,0.99238
5,6.016713791502653,-1.016713791502653,11.1,0.99244
7,6.568844121447903,0.43115587855209725,12.8,0.99176
6,6.407263095453506,-0.4072630954535059,12.3,0.98993
6,5.789294163976434,0.21070583602356585,10.4,0.9929
7,6.146586896642417,0.8534131033575827,11.5,0.99238
7,6.212509316883095,0.7874906831169053,11.7,0.98988
7,5.8870402547173,1.1129597452826996,10.7,0.992
6,5.495161825526065,0.5048381744739352,9.5,0.99784
6,5.495161825526065,0.5048381744739352,9.5,0.99784
6,5.495161825526065,0.5048381744739352,9.5,0.99784
7,6.309824339978433,0.6901756600215672,12.0,0.99006
5,5.919458638913639,-0.919458638913639,10.8,0.99211
7,5.887032271983124,1.1129677280168764,10.7,0.99202
7,5.8870402547173,1.1129597452826996,10.7,0.992
7,5.8865133942616525,1.1134866057383475,10.7,0.99332
7,6.342478214832976,0.6575217851670239,12.1,0.98958
7,6.2776294723390365,0.7223705276609635,11.9,0.98939
6,5.918337064761845,0.08166293523815504,10.8,0.99492
7,6.407063527099094,0.5929364729009059,12.3,0.99043
6,5.462687562190492,0.5373124378095078,9.4,0.99787
6,5.625529860184771,0.37447013981522925,9.9,0.99654
7,5.789238284837198,1.2107617151628016,10.4,0.99304
6,5.788376149546139,0.21162385045386056,10.4,0.9952
7,6.503963448017255,0.496036551982745,12.6,0.99165
6,6.472479043719565,-0.47247904371956473,12.5,0.9892
5,5.4633221895575215,-0.46332218955752147,9.4,0.99628
5,5.398493403899021,-0.3984934038990211,9.2,0.99604
6,6.049495390104021,-0.049495390104021375,11.2,0.99164
6,5.3977110959497265,0.6022889040502735,9.2,0.998
6,5.3977110959497265,0.6022889040502735,9.2,0.998
5,5.4633221895575215,-0.46332218955752147,9.4,0.99628
6,6.049495390104021,-0.049495390104021375,11.2,0.99164
6,5.919398768407316,0.08060123159268429,10.8,0.99226
6,5.3977110959497265,0.6022889040502735,9.2,0.998
5,5.398493403899021,-0.3984934038990211,9.2,0.99604
6,6.472502991922094,-0.4725029919220942,12.5,0.98914
5,5.430197333386566,-0.43019733338656607,9.3,0.99794
5,6.114882967154874,-1.1148829671548741,11.4,0.99048
7,5.657704770988727,1.342295229011273,10.0,0.99726
6,5.850207418521372,0.14979258147862762,10.6,1.00295
7,5.886728928084418,1.113271071915582,10.7,0.99278
7,5.657704770988727,1.342295229011273,10.0,0.99726
6,6.472502991922094,-0.4725029919220942,12.5,0.98914
6,5.850207418521372,0.14979258147862762,10.6,1.00295
7,6.5693310682326675,0.43066893176733245,12.8,0.99054
5,5.430197333386566,-0.43019733338656607,9.3,0.99794
5,6.114882967154874,-1.1148829671548741,11.4,0.99048
5,5.496459019829742,-0.49645901982974205,9.5,0.99459
6,5.496459019829742,0.503540980170258,9.5,0.99459
6,5.496455028462654,0.5035449715373463,9.5,0.9946
6,5.918855942483316,0.08114405751668397,10.8,0.99362
6,5.918855942483316,0.08114405751668397,10.8,0.99362
6,5.2671993720758445,0.7328006279241555,8.8,0.99966
6,5.918855942483316,0.08114405751668397,10.8,0.99362
7,5.983461211584873,1.0165387884151267,11.0,0.99442
6,6.440024737219432,-0.44002473721943236,12.4,0.98918
7,6.082257031869948,0.9177429681300522,11.3,0.99089
7,6.048258066306668,0.9517419336933317,11.2,0.99474
7,6.4721278034158,0.5278721965841999,12.5,0.99008
6,5.65921350774808,0.3407864922519197,10.0,0.99348
6,5.984095838951903,0.015904161048097443,11.0,0.99283
6,5.8213253855652125,0.1786746144347875,10.5,0.99398
6,5.8213253855652125,0.1786746144347875,10.5,0.99398
6,5.984095838951903,0.015904161048097443,11.0,0.99283
7,6.114755243408051,0.8852447565919492,11.4,0.9908
6,6.081953687971241,-0.08195368797124125,11.3,0.99165
7,6.374469522750873,0.6255304772491268,12.2,0.99076
7,6.504853522877932,0.49514647712206816,12.6,0.98942
5,6.016713791502653,-1.016713791502653,11.1,0.99244
6,6.407003656592771,-0.4070036565927708,12.3,0.99058
4,5.789433861824522,-1.7894338618245218,10.4,0.99255
6,5.267398940430256,0.7326010595697436,8.8,0.99916
6,5.497069698994243,0.5029303010057573,9.5,0.99306
6,5.267398940430256,0.7326010595697436,8.8,0.99916
6,5.788463959622081,0.2115360403779194,10.4,0.99498
7,6.63447118052405,0.3655288194759496,13.0,0.99
7,6.373423784573755,0.6265762154262449,12.2,0.99338
8,5.821093886274095,2.1789061137259047,10.5,0.99456
7,5.919263061926316,1.0807369380736844,10.8,0.9926
8,6.699970515853373,1.3000294841466271,13.2,0.98856
8,6.634686714346815,1.365313285653185,13.0,0.98946
6,5.659221490482257,0.3407785095177429,10.0,0.99346
4,5.789381974052375,-1.7893819740523753,10.4,0.99268
6,6.4399209616751385,-0.4399209616751385,12.4,0.98944
8,6.602104684099858,1.3978953159001417,12.9,0.98976
8,6.699970515853373,1.3000294841466271,13.2,0.98856
7,5.820826464679183,1.1791735353208166,10.5,0.99523
8,6.634686714346815,1.365313285653185,13.0,0.98946
5,6.048545444737021,-1.0485454447370213,11.2,0.99402
7,6.537419587656535,0.46258041234346514,12.7,0.98916
6,5.463214422646139,0.5367855773538608,9.4,0.99655
7,6.601725504226476,0.39827449577352425,12.9,0.99071
8,6.634914222270845,1.3650857777291554,13.0,0.98889
7,6.830274688638667,0.16972531136133284,13.6,0.98742
5,5.36710080104436,-0.3671008010443604,9.1,0.99336
6,5.789653387014376,0.2103466129856244,10.4,0.992
7,6.830274688638667,0.16972531136133284,13.6,0.98742
6,6.373675240700314,-0.3736752407003143,12.2,0.99275
5,5.234425756208654,-0.2344257562086538,8.7,1.00044
7,5.821141782679153,1.1788582173208466,10.5,0.99444
6,5.722565487583933,0.2774345124160673,10.2,0.99742
8,6.471249702656388,1.5287502973436116,12.5,0.99228
7,6.082380764249683,0.9176192357503172,11.3,0.99058
6,5.722565487583933,0.2774345124160673,10.2,0.99742
7,6.503967439384343,0.4960325606156566,12.6,0.99164
6,5.722565487583933,0.2774345124160673,10.2,0.99742
5,5.593929706241521,-0.5939297062415214,9.8,0.99438
5,5.918696287799786,-0.9186962877997864,10.8,0.99402
6,6.471648839365212,-0.47164883936521207,12.5,0.99128
8,6.471249702656388,1.5287502973436116,12.5,0.99228
7,6.147137705300595,0.8528622946994053,11.5,0.991
6,6.113837228977756,-0.11383722897775606,11.4,0.9931
7,5.821141782679153,1.1788582173208466,10.5,0.99444
7,6.503967439384343,0.4960325606156566,12.6,0.99164
5,5.234425756208654,-0.2344257562086538,8.7,1.00044
6,5.984778362723992,0.015221637276008337,11.0,0.99112
7,6.082380764249683,0.9176192357503172,11.3,0.99058
6,5.722565487583933,0.2774345124160673,10.2,0.99742
6,6.180154794560169,-0.1801547945601687,11.6,0.98961
5,5.593929706241521,-0.5939297062415214,9.8,0.99438
5,5.691691762450742,-0.6916917624507422,10.1,0.99344
5,5.39729599377255,-0.3972959937725502,9.2,0.99904
6,5.364913531880006,0.6350864681199937,9.1,0.99884
6,5.364913531880006,0.6350864681199937,9.1,0.99884
6,5.364913531880006,0.6350864681199937,9.1,0.99884
6,5.364913531880006,0.6350864681199937,9.1,0.99884
6,6.212664980199535,-0.21266498019953506,11.7,0.98949
6,6.504566144447579,-0.5045661444475789,12.6,0.99014
5,5.332842396620346,-0.33284239662034576,9.0,0.99786
5,5.6922425711089195,-0.6922425711089195,10.1,0.99206
5,6.830354515980432,-1.8303545159804324,13.6,0.98722
6,5.364913531880006,0.6350864681199937,9.1,0.99884
5,5.39824593913955,-0.3982459391395503,9.2,0.99666
5,5.268045541898551,-0.2680455418985508,8.8,0.99754
4,5.659516851646786,-1.659516851646786,10.0,0.99272
6,5.365600047019183,0.6343999529808171,9.1,0.99712
5,6.049734872129315,-1.0497348721293154,11.2,0.99104
6,5.399415409696404,0.6005845903035958,9.2,0.99373
5,5.39729599377255,-0.3972959937725502,9.2,0.99904
5,5.49605589175383,-0.49605589175383,9.5,0.9956
7,6.2770068190732715,0.7229931809267285,11.9,0.99095
5,5.594153222798463,-0.5941532227984627,9.8,0.99382
5,5.594153222798463,-0.5941532227984627,9.8,0.99382
7,5.919107398609874,1.0808926013901257,10.8,0.99299
6,6.082420677920565,-0.08242067792056496,11.3,0.99048
6,6.341296770174858,-0.34129677017485793,12.1,0.99254
7,6.082532436199036,0.9174675638009644,11.3,0.9902
7,5.919107398609874,1.0808926013901257,10.8,0.99299
7,6.7967347302905345,0.20326526970946546,13.5,0.99012
5,5.75681990064086,-0.7568199006408598,10.3,0.99293
6,5.331900433987522,0.6680995660124784,9.0,1.00022
6,6.1784744290160205,-0.1784744290160205,11.6,0.99382
5,5.75681990064086,-0.7568199006408598,10.3,0.99293
6,6.472343337238565,-0.4723433372385646,12.5,0.98954
5,5.2023945346198746,-0.20239453461987456,8.6,0.99936
6,6.764958956195403,-0.7649589561954029,13.4,0.9884
4,6.536509555960418,-2.536509555960418,12.7,0.99144
5,5.399610986683728,-0.39961098668372763,9.2,0.99324
6,5.724832584090051,0.27516741590994886,10.2,0.99174
7,5.332818448417816,1.6671815515821837,9.0,0.99792
7,5.332818448417816,1.6671815515821837,9.0,0.99792
7,5.332818448417816,1.6671815515821837,9.0,0.99792
7,5.332818448417816,1.6671815515821837,9.0,0.99792
7,5.332818448417816,1.6671815515821837,9.0,0.99792
7,5.332818448417816,1.6671815515821837,9.0,0.99792
7,5.332818448417816,1.6671815515821837,9.0,0.99792
5,6.277214370161859,-1.2772143701618592,11.9,0.99043
6,5.333369257075993,0.6666307429240073,9.0,0.99654
5,5.332954154898816,-0.3329541548988164,9.0,0.99758
6,5.983732624546874,0.016267375453126398,11.0,0.99374
7,5.332818448417816,1.6671815515821837,9.0,0.99792
5,5.659632601292345,-0.659632601292345,10.0,0.99243
5,5.886976392843888,-0.8869763928438879,10.7,0.99216
5,5.886980384210976,-0.8869803842109762,10.7,0.99215
8,6.764507931714432,1.2354920682855681,13.4,0.98953
6,5.9841157957873445,0.01588420421265546,11.0,0.99278
5,5.659632601292345,-0.659632601292345,10.0,0.99243
5,5.886976392843888,-0.8869763928438879,10.7,0.99216
5,5.886980384210976,-0.8869803842109762,10.7,0.99215
6,5.9841157957873445,0.01588420421265546,11.0,0.99278
6,5.984483001559462,0.01551699844053811,11.0,0.99186
7,6.0174003066418305,0.9825996933581695,11.1,0.99072
5,5.9517892130340355,-0.9517892130340355,10.9,0.99244
5,6.147201567174006,-1.1472015671740063,11.5,0.99084
8,6.764507931714432,1.2354920682855681,13.4,0.98953
5,5.462819277304404,-0.462819277304404,9.4,0.99754
5,5.462819277304404,-0.462819277304404,9.4,0.99754
5,5.462819277304404,-0.462819277304404,9.4,0.99754
6,5.8531131337616085,0.14688686623839153,10.6,0.99567
5,5.462819277304404,-0.462819277304404,9.4,0.99754
4,6.309473099674667,-2.3094730996746673,12.0,0.99094
6,5.723403674672462,0.27659632532753786,10.2,0.99532
6,5.8531131337616085,0.14688686623839153,10.6,0.99567
5,6.797820382138535,-1.7978203821385348,13.5,0.9874
5,5.5600464903238,-0.5600464903238,9.7,0.99794
6,6.374285919864814,-0.3742859198648141,12.2,0.99122
5,6.406333106921947,-1.406333106921947,12.3,0.99226
6,6.374285919864814,-0.3742859198648141,12.2,0.99122
7,6.114679407433374,0.8853205925666261,11.4,0.99099
7,6.5365494696313,0.4634505303687,12.7,0.99134
5,5.5600464903238,-0.5600464903238,9.7,0.99794
6,5.918951735293433,0.0810482647065669,10.8,0.99338
6,5.983708676344344,0.016291323655655887,11.0,0.9938
5,5.496095805424712,-0.4960958054247122,9.5,0.9955
6,5.689967491868624,0.31003250813137573,10.1,0.99776
7,6.699539448207843,0.300460551792157,13.2,0.98964
5,5.267830008075786,-0.2678300080757863,8.8,0.99808
5,5.496091814057625,-0.4960918140576247,9.5,0.99551
5,5.496103788158889,-0.496103788158889,9.5,0.99548
6,5.496131727728507,0.5038682722714931,9.5,0.99541
5,5.496095805424712,-0.4960958054247122,9.5,0.9955
5,5.496151684563948,-0.496151684563948,9.5,0.99536
6,5.788360184077787,0.21163981592221326,10.4,0.99524
6,5.625705480336653,0.3742945196633469,9.9,0.9961
5,5.659708437267022,-0.6597084372670219,10.0,0.99224
6,5.689967491868624,0.31003250813137573,10.1,0.99776
6,5.463026828392993,0.5369731716070074,9.4,0.99702
5,5.430744150677655,-0.43074415067765504,9.3,0.99657
5,5.952060625996036,-0.9520606259960358,10.9,0.99176
5,6.114411985838462,-1.114411985838462,11.4,0.99166
5,5.75702346036236,-0.75702346036236,10.3,0.99242
6,5.984790336825256,0.015209663174744037,11.0,0.99109
5,5.952060625996036,-0.9520606259960358,10.9,0.99176
6,5.919191217318728,0.080808782681272,10.8,0.99278
5,5.75702346036236,-0.75702346036236,10.3,0.99242
6,5.984790336825256,0.015209663174744037,11.0,0.99109
5,5.430744150677655,-0.43074415067765504,9.3,0.99657
5,5.7240981725458155,-0.7240981725458155,10.2,0.99358
6,5.7240981725458155,0.27590182745418446,10.2,0.99358
6,5.919191217318728,0.080808782681272,10.8,0.99278
3,5.820100035869124,-2.8201000358691237,10.5,0.99705
5,6.0172087210215945,-1.0172087210215945,11.1,0.9912
5,5.952060625996036,-0.9520606259960358,10.9,0.99176
5,6.114411985838462,-1.114411985838462,11.4,0.99166
5,5.755287215678977,-0.7552872156789769,10.3,0.99677
7,6.601322376150565,0.3986776238494354,12.9,0.99172
5,5.626024789703712,-0.6260247897037123,9.9,0.9953
6,6.0818698692623885,-0.08186986926238848,11.3,0.99186
6,6.146786464996829,-0.14678646499682912,11.5,0.99188
6,6.146786464996829,-0.14678646499682912,11.5,0.99188
5,5.887207892135006,-0.887207892135006,10.7,0.99158
6,5.788368166811963,0.21163183318803735,10.4,0.99522
6,6.471457253744976,-0.47145725374497616,12.5,0.99176
5,5.496063874488007,-0.4960638744880068,9.5,0.99558
7,6.082173213161094,0.9178267868389058,11.3,0.9911
6,6.634407318650638,-0.6344073186506378,13.0,0.99016
6,6.146786464996829,-0.14678646499682912,11.5,0.99188
5,6.147712462161301,-1.1477124621613006,11.5,0.98956
6,6.0818698692623885,-0.08186986926238848,11.3,0.99186
7,6.699148294233196,0.30085170576680387,13.2,0.99062
7,6.146443207427241,0.8535567925727587,11.5,0.99274
5,5.5295559364310805,-0.5295559364310805,9.6,0.993
5,5.5295559364310805,-0.5295559364310805,9.6,0.993
6,5.560102369463036,0.4398976305369642,9.7,0.9978
5,5.399068160759727,-0.39906816075972706,9.2,0.9946
5,5.139493579264993,-0.13949357926499317,8.4,0.99429
6,6.43968946238402,-0.4396894623840204,12.4,0.99002
6,6.43968946238402,-0.4396894623840204,12.4,0.99002
5,5.399068160759727,-0.39906816075972706,9.2,0.9946
5,5.139493579264993,-0.13949357926499317,8.4,0.99429
6,6.212102197440094,-0.2121021974400943,11.7,0.9909
6,5.984051933913932,0.015948066086068025,11.0,0.99294
6,6.277210378794772,-0.27721037879477173,11.9,0.99044
7,6.6995633964103725,0.30043660358962754,13.2,0.98958
6,6.212102197440094,-0.2121021974400943,11.7,0.9909
5,5.365009324690124,-0.36500932469012426,9.1,0.9986
6,6.503576285409697,-0.5035762854096966,12.6,0.99262
5,5.365009324690124,-0.36500932469012426,9.1,0.9986
6,5.822067779843625,0.1779322201563751,10.5,0.99212
5,5.852869660369226,-0.8528696603692261,10.6,0.99628
6,6.503576285409697,-0.5035762854096966,12.6,0.99262
7,6.862054454100887,0.1379455458991128,13.7,0.98913
6,6.309764469472109,-0.30976446947210867,12.0,0.99021
7,6.471369443669035,0.528630556330965,12.5,0.99198
6,6.341408528453329,-0.3414085284533286,12.1,0.99226
6,6.081977636173771,-0.08197763617377074,11.3,0.99159
6,6.309764469472109,-0.30976446947210867,12.0,0.99021
6,5.7570953049699485,0.24290469503005152,10.3,0.99224
6,6.5368128998591235,-0.5368128998591235,12.7,0.99068
5,5.398561257139521,-0.3985612571395212,9.2,0.99587
5,5.398561257139521,-0.3985612571395212,9.2,0.99587
6,5.495385342083006,0.5046146579169939,9.5,0.99728
6,5.691611935108978,0.3083880648910222,10.1,0.99364
6,5.691611935108978,0.3083880648910222,10.1,0.99364
7,6.634399335916462,0.3656006640835381,13.0,0.99018
6,6.667061193505182,-0.667061193505182,13.1,0.98968
6,5.984514932496168,0.015485067503831829,11.0,0.99178
5,5.398561257139521,-0.3985612571395212,9.2,0.99587
6,5.46339403416511,0.5366059658348901,9.4,0.9961
6,5.495385342083006,0.5046146579169939,9.5,0.99728
6,5.723395691938286,0.27660430806171377,10.2,0.99534
6,5.691611935108978,0.3083880648910222,10.1,0.99364
4,5.2026819130502275,-1.2026819130502275,8.6,0.99864
5,5.332882310291228,-0.33288231029122795,9.0,0.99776
5,5.528578051494462,-0.5285780514944616,9.6,0.99545
7,5.6269467955010946,1.3730532044989054,9.9,0.99299
5,5.820259690552653,-0.8202596905526534,10.5,0.99665
5,6.114799148446021,-1.1147991484460213,11.4,0.99069
5,5.463066742063875,-0.46306674206387477,9.4,0.99692
4,6.016394482135595,-2.0163944821355946,11.1,0.99324
6,5.299941057006331,0.7000589429936692,8.9,0.99896
6,5.299941057006331,0.7000589429936692,8.9,0.99896
5,5.919398768407316,-0.9193987684073157,10.8,0.99226
6,6.373870817687638,-0.37387081768763775,12.2,0.99226
6,5.299941057006331,0.7000589429936692,8.9,0.99896
6,6.4718563904538,-0.4718563904537998,12.5,0.99076
6,6.373870817687638,-0.37387081768763775,12.2,0.99226
6,6.4718563904538,-0.4718563904537998,12.5,0.99076
6,5.299941057006331,0.7000589429936692,8.9,0.99896
6,5.9182652201542565,0.08173477984574351,10.8,0.9951
6,6.114140572876463,-0.11414057287646262,11.4,0.99234
5,5.919398768407316,-0.9193987684073157,10.8,0.99226
5,5.853907415812168,-0.8539074158121682,10.6,0.99368
5,5.3994273837976685,-0.3994273837976685,9.2,0.9937
6,6.374170170219256,-0.3741701702192559,12.2,0.99151
6,6.407151337175035,-0.40715133717503527,12.3,0.99021
6,5.7885397955967575,0.21146020440324254,10.4,0.99479
6,5.788296322204375,0.21170367779562493,10.4,0.9954
7,5.984522915230344,1.015477084769656,11.0,0.99176
5,5.853907415812168,-0.8539074158121682,10.6,0.99368
5,5.3994273837976685,-0.3994273837976685,9.2,0.9937
4,6.795800750391887,-2.795800750391887,13.5,0.99246
6,6.114755243408051,-0.11475524340805077,11.4,0.9908
6,6.147560790211948,-0.1475607902119478,11.5,0.98994
7,6.960107880107549,0.03989211989245067,14.0,0.98746
7,6.472047976074036,0.5279520239259643,12.5,0.99028
7,6.472047976074036,0.5279520239259643,12.5,0.99028
7,6.570077453878168,0.4299225461218317,12.8,0.98867
7,6.049455476433139,0.9505445235668608,11.2,0.99174
7,6.049455476433139,0.9505445235668608,11.2,0.99174
6,6.829161097221049,-0.829161097221049,13.6,0.99021
6,5.399690814025492,0.600309185974508,9.2,0.99304
7,6.472047976074036,0.5279520239259643,12.5,0.99028
6,6.017073014540594,-0.0170730145405944,11.1,0.99154
7,6.049455476433139,0.9505445235668608,11.2,0.99174
7,6.960107880107549,0.03989211989245067,14.0,0.98746
6,6.829161097221049,-0.829161097221049,13.6,0.99021
5,5.463593602519522,-0.46359360251952175,9.4,0.9956
7,7.024900743462255,-0.024900743462255015,14.2,0.98779
6,6.700050343195137,-0.7000503431951373,13.2,0.98836
6,6.049599165648315,-0.049599165648315235,11.2,0.99138
5,5.722529565280139,-0.7225295652801389,10.2,0.99751
7,6.570077453878168,0.4299225461218317,12.8,0.98867
5,5.692070942324125,-0.6920709423241247,10.1,0.99249
5,5.692070942324125,-0.6920709423241247,10.1,0.99249
5,5.757035434463625,-0.7570354344636252,10.3,0.99239
6,5.626096634311301,0.3739033656886992,9.9,0.99512
5,6.147145688034771,-1.1471456880347706,11.5,0.99098
5,5.332499139050757,-0.332499139050757,9.0,0.99872
5,5.332499139050757,-0.332499139050757,9.0,0.99872
6,6.342733662326624,-0.3427336623266237,12.1,0.98894
6,6.732558533150962,-0.7325585331509616,13.3,0.988245
8,6.146235656338653,1.8537643436613473,11.5,0.99326
4,5.983916227432932,-1.9839162274329318,11.0,0.99328
6,5.886952444641359,0.11304755535864075,10.7,0.99222
5,5.462244520443698,-0.462244520443698,9.4,0.99898
6,5.75604956679283,0.24395043320716958,10.3,0.99486
5,5.431259037032037,-0.43125903703203683,9.3,0.99528
6,6.3096008234214915,-0.30960082342149153,12.0,0.99062
6,5.984099830318991,0.015900169681009046,11.0,0.99282
5,5.430971658601684,-0.43097165860168385,9.3,0.996
5,5.692513984070919,-0.6925139840709189,10.1,0.99138
6,6.017025118135535,-0.017025118135535422,11.1,0.99166
6,5.626511736488477,0.37348826351152287,9.9,0.99408
6,5.984103821686079,0.01589617831392065,11.0,0.99281
6,5.984099830318991,0.015900169681009046,11.0,0.99282
6,6.472303423567682,-0.4723034235676824,12.5,0.98964
7,6.537275898441359,0.4627241015586412,12.7,0.98952
5,5.431494527690243,-0.4314945276902433,9.3,0.99469
5,5.430971658601684,-0.43097165860168385,9.3,0.996
5,5.692513984070919,-0.6925139840709189,10.1,0.99138
5,5.267422888632786,-0.26742288863278585,8.8,0.9991
6,6.049962380053345,-0.04996238005334508,11.2,0.99047
7,5.919590354027552,1.0804096459724484,10.8,0.99178
5,5.267422888632786,-0.26742288863278585,8.8,0.9991
6,6.049962380053345,-0.04996238005334508,11.2,0.99047
5,5.7571631582104486,-0.7571631582104486,10.3,0.99207
5,6.30924160038355,-1.30924160038355,12.0,0.99152
6,5.496542838538595,0.5034571614614052,9.5,0.99438
6,5.496542838538595,0.5034571614614052,9.5,0.99438
6,5.593195294697286,0.4068047053027142,9.8,0.99622
5,5.332894284392492,-0.33289428439249225,9.0,0.99773
7,6.634119940220285,0.36588005977971516,13.0,0.99088
7,6.244492642066815,0.755507357933185,11.8,0.99108
5,5.267849964911227,-0.26784996491122737,8.8,0.99803
4,6.048936598711668,-2.048936598711668,11.2,0.99304
6,5.496542838538595,0.5034571614614052,9.5,0.99438
4,5.463641498924581,-1.4636414989245807,9.4,0.99548
6,5.496091814057625,0.5039081859423753,9.5,0.99551
6,5.789844972634611,0.21015502736538938,10.4,0.99152
7,5.593394863051698,1.4066051369483024,9.8,0.99572
6,5.789844972634611,0.21015502736538938,10.4,0.99152
6,5.757015477628183,0.24298452237181678,10.3,0.99244
4,5.463641498924581,-1.4636414989245807,9.4,0.99548
6,5.496091814057625,0.5039081859423753,9.5,0.99551
7,6.277266257934007,0.7227337420659934,11.9,0.9903
7,6.5689000005871385,0.4310999994128615,12.8,0.99162
6,6.634008181941814,-0.6340081819418142,13.0,0.99116
7,5.78957355967261,1.2104264403273897,10.4,0.9922
6,5.789561585571346,0.21043841442865396,10.4,0.99223
5,5.8859186805655055,-0.8859186805655055,10.7,0.99481
7,5.886720945350241,1.1132790546497588,10.7,0.9928
7,6.277266257934007,0.7227337420659934,11.9,0.9903
6,5.788739363951169,0.21126063604883072,10.4,0.99429
7,6.5689000005871385,0.4310999994128615,12.8,0.99162
6,5.626328133602418,0.373671866397582,9.9,0.99454
6,5.626328133602418,0.373671866397582,9.9,0.99454
6,5.4623842182917866,0.5376157817082134,9.4,0.99863
6,6.114675416066286,-0.1146754160662864,11.4,0.991
6,5.626328133602418,0.373671866397582,9.9,0.99454
6,5.4623842182917866,0.5376157817082134,9.4,0.99863
5,5.3996389262533455,-0.3996389262533455,9.2,0.99317
7,5.822223443160066,1.1777765568399339,10.5,0.99173
7,5.983409323812726,1.016590676187274,11.0,0.99455
7,5.983409323812726,1.016590676187274,11.0,0.99455
5,6.341568183136858,-1.3415681831368582,12.1,0.99186
7,5.983409323812726,1.016590676187274,11.0,0.99455
7,6.569770118612374,0.43022988138762575,12.8,0.98944
6,5.821237575489271,0.17876242451072866,10.5,0.9942
6,5.821237575489271,0.17876242451072866,10.5,0.9942
6,5.821237575489271,0.17876242451072866,10.5,0.9942
5,5.497341111956242,-0.4973411119562421,9.5,0.99238
6,5.397782940557315,0.602217059442685,9.2,0.99782
6,6.017244643325389,-0.01724464332538922,11.1,0.99111
7,6.406967734288977,0.593032265711023,12.3,0.99067
6,6.017244643325389,-0.01724464332538922,11.1,0.99111
6,6.505108970371579,-0.5051089703715794,12.6,0.98878
5,5.497341111956242,-0.4973411119562421,9.5,0.99238
6,5.397782940557315,0.602217059442685,9.2,0.99782
6,5.918784097875728,0.08121590212427243,10.8,0.9938
6,6.082041498047182,-0.08204149804718242,11.3,0.99143
7,6.569770118612374,0.43022988138762575,12.8,0.98944
6,5.821237575489271,0.17876242451072866,10.5,0.9942
6,5.593331001178286,0.40666899882171403,9.8,0.99588
6,5.169525125942566,0.8304748740574341,8.5,1.00038
5,5.431674139209214,-0.43167413920921405,9.3,0.99424
5,5.39840559382308,-0.39840559382307994,9.2,0.99626
6,6.1147712088764035,-0.11477120887640346,11.4,0.99076
6,5.169525125942566,0.8304748740574341,8.5,1.00038
5,5.431674139209214,-0.43167413920921405,9.3,0.99424
4,5.139066502986552,-1.1390665029865517,8.4,0.99536
5,5.399634934886257,-0.3996349348862571,9.2,0.99318
5,5.39840559382308,-0.39840559382307994,9.2,0.99626
6,5.787553927925963,0.21244607207403732,10.4,0.99726
6,6.179496218990609,-0.17949621899060908,11.6,0.99126
6,6.439705427852373,-0.4397054278523731,12.4,0.98998
6,5.787553927925963,0.21244607207403732,10.4,0.99726
5,5.432153103259802,-0.43215310325980205,9.3,0.99304
6,6.375092176016638,-0.37509217601663813,12.2,0.9892
6,5.984043951179756,0.01595604882024393,11.0,0.99296
5,6.1148869585219625,-1.1148869585219625,11.4,0.99047
5,5.497333129222066,-0.4973331292220662,9.5,0.9924
5,5.397351872911785,-0.3973518729117851,9.2,0.9989
6,6.016338602996359,-0.01633860299635881,11.1,0.99338
5,5.397351872911785,-0.3973518729117851,9.2,0.9989
6,5.983612883534226,0.016387116465773843,11.0,0.99404
5,5.6269946919061535,-0.6269946919061535,9.9,0.99287
5,5.626998683273242,-0.6269986832732419,9.9,0.99286
5,5.497333129222066,-0.4973331292220662,9.5,0.9924
4,6.439465945827079,-2.439465945827079,12.4,0.99058
5,5.464471703278934,-0.4644717032789343,9.4,0.9934
5,5.431191183791537,-0.43119118379153676,9.3,0.99545
7,5.235239995094654,1.7647600049053462,8.7,0.9984
7,5.235239995094654,1.7647600049053462,8.7,0.9984
7,5.235239995094654,1.7647600049053462,8.7,0.9984
7,5.235239995094654,1.7647600049053462,8.7,0.9984
7,5.332103993709022,1.6678960062909782,9.0,0.99971
6,5.88565924170477,0.1143407582952296,10.7,0.99546
6,5.88565924170477,0.1143407582952296,10.7,0.99546
6,6.082380764249683,-0.08238076424968277,11.3,0.99058
7,5.235239995094654,1.7647600049053462,8.7,0.9984
6,6.211208131212329,-0.21120813121232906,11.7,0.99314
5,5.431191183791537,-0.43119118379153676,9.3,0.99545
7,5.235239995094654,1.7647600049053462,8.7,0.9984
7,5.332103993709022,1.6678960062909782,9.0,0.99971
6,6.211208131212329,-0.21120813121232906,11.7,0.99314
5,5.8855834057300935,-0.8855834057300935,10.7,0.99565
6,6.114851036218169,-0.11485103621816872,11.4,0.99056
6,5.88565924170477,0.1143407582952296,10.7,0.99546
6,6.082380764249683,-0.08238076424968277,11.3,0.99058
5,5.659157628608845,-0.6591576286088454,10.0,0.99362
5,5.659157628608845,-0.6591576286088454,10.0,0.99362
6,6.049367666357198,-0.049367666357198026,11.2,0.99196
5,5.5621978371843595,-0.5621978371843595,9.7,0.99255
5,6.472051967441123,-1.4720519674411232,12.5,0.99027
8,6.6008034984290935,1.3991965015709065,12.9,0.99302
6,6.243897928370668,-0.24389792837066793,11.8,0.99257
5,5.853356607153991,-0.8533566071539909,10.6,0.99506
6,6.243897928370668,-0.24389792837066793,11.8,0.99257
6,5.885763017249064,0.11423698275093574,10.7,0.9952
5,5.626152513450536,-0.6261525134505357,9.9,0.99498
6,6.309728547168315,-0.3097285471683149,12.0,0.9903
7,5.787633755267727,1.212366244732273,10.4,0.99706
5,5.172079600879037,-0.1720796008790373,8.5,0.99398
4,5.625793290412594,-1.6257932904125942,9.9,0.99588
6,5.463070733430963,0.5369292665690368,9.4,0.99691
5,5.788024909242375,-0.7880249092423748,10.4,0.99608
6,5.984658621711344,0.015341378288655783,11.0,0.99142
6,5.984674587179697,0.015325412820303086,11.0,0.99138
6,5.788727389849904,0.2112726101500959,10.4,0.99432
6,5.593315035709933,0.40668496429006673,9.8,0.99592
6,5.463070733430963,0.5369292665690368,9.4,0.99691
6,5.853651968318521,0.14634803168147936,10.6,0.99432
5,5.692003089083625,-0.6920030890836246,10.1,0.99266
8,6.145716778617182,1.8542832213828184,11.5,0.99456
6,6.114475847711875,-0.11447584771187458,11.4,0.9915
6,5.3996189694179035,0.6003810305820965,9.2,0.99322
6,5.562137966678036,0.43786203332196383,9.7,0.9927
6,6.081921757034536,-0.08192175703453586,11.3,0.99173
6,5.529108903317198,0.47089109668280216,9.6,0.99412
6,5.300859071436625,0.6991409285633754,8.9,0.99666
6,5.658906172482286,0.3410938275177138,10.0,0.99425
6,5.39965090035461,0.6003490996453902,9.2,0.99314
6,5.333297412468404,0.6667025875315957,9.0,0.99672
7,6.569450809245315,0.430549190754685,12.8,0.99024
6,5.333297412468404,0.6667025875315957,9.0,0.99672
5,5.496830216968948,-0.4968302169689478,9.5,0.99366
6,5.658906172482286,0.3410938275177138,10.0,0.99425
5,5.984031977078491,-0.9840319770784909,11.0,0.99299
6,5.39965090035461,0.6003490996453902,9.2,0.99314
6,5.85326879707805,0.1467312029219503,10.6,0.99528
5,5.658335406988669,-0.6583354069886687,10.0,0.99568
5,5.658335406988669,-0.6583354069886687,10.0,0.99568
7,6.212213955718565,0.7877860442814351,11.7,0.99062
7,6.471928235061388,0.5280717649386117,12.5,0.99058
7,6.017452194413977,0.9825478055860231,11.1,0.99059
5,5.56274066310836,-0.56274066310836,9.7,0.99119
6,6.40433343201074,-0.40433343201074035,12.3,0.99727
6,6.374689047940726,-0.3746890479407261,12.2,0.99021
6,6.0816623181738,-0.08166231817379987,11.3,0.99238
5,6.179344547041256,-1.1793445470412562,11.6,0.99164
6,6.082588315338271,-0.08258831533827138,11.3,0.99006
6,6.017376358439301,-0.017376358439300965,11.1,0.99078
6,6.050006285091316,-0.05000628509131566,11.2,0.99036
6,6.082121325388948,-0.08212132538894767,11.3,0.99123
6,6.3099360982569035,-0.3099360982569035,12.0,0.98978
6,5.267430871366963,0.7325691286330374,8.8,0.99908
6,5.267430871366963,0.7325691286330374,8.8,0.99908
8,6.309760478105021,1.6902395218949788,12.0,0.99022
7,6.309752495370844,0.6902475046291556,12.0,0.99024
5,5.333065913177287,-0.33306591317728707,9.0,0.9973
6,5.4299618427283605,0.5700381572716395,9.3,0.99853
6,5.235523382157919,0.7644766178420808,8.7,0.99769
6,6.569730204941491,-0.5697302049414912,12.8,0.98954
7,6.147640617553712,0.8523593824462878,11.5,0.98974
5,5.65907780126708,-0.6590778012670802,10.0,0.99382
5,5.659073809899992,-0.6590738098999918,10.0,0.99383
5,5.755842015704242,-0.7558420157042418,10.3,0.99538
5,5.787521996989256,-0.7875219969892564,10.4,0.99734
7,6.764396173435961,0.23560382656403878,13.4,0.98981
6,6.04977079443311,-0.049770794433110055,11.2,0.99095
5,5.365887425449537,-0.3658874254495368,9.1,0.9964
5,5.365887425449537,-0.3658874254495368,9.1,0.9964
6,5.918660365495992,0.08133963450400827,10.8,0.99411
6,6.471561029289271,-0.4715610292892709,12.5,0.9915
5,6.0816782836421535,-1.0816782836421535,11.3,0.99234
6,6.569482740182021,-0.5694827401820213,12.8,0.99016
5,5.365887425449537,-0.3658874254495368,9.1,0.9964
6,6.537287872542623,-0.5372878725426231,12.7,0.98949
7,5.98407987348355,1.0159201265164501,11.0,0.99287
6,5.7882803567360215,0.21171964326397852,10.4,0.99544
6,5.7882803567360215,0.21171964326397852,10.4,0.99544
6,5.88620206762877,0.11379793237122993,10.7,0.9941
6,5.951166559768271,0.04883344023172942,10.9,0.994
6,5.7882803567360215,0.21171964326397852,10.4,0.99544
6,5.788272374001846,0.21172762599815442,10.4,0.99546
7,5.56027399824783,1.4397260017521702,9.7,0.99737
7,5.98407987348355,1.0159201265164501,11.0,0.99287
6,5.527691968000873,0.47230803199912685,9.6,0.99767
7,6.92778528872133,0.07221471127867041,13.9,0.98711
5,5.462978931987934,-0.4629789319879336,9.4,0.99714
6,6.471624891162683,-0.4716248911626826,12.5,0.99134
6,5.527691968000873,0.47230803199912685,9.6,0.99767
5,5.497213388209419,-0.49721338820941874,9.5,0.9927
5,5.528837490355198,-0.5288374903551976,9.6,0.9948
5,5.497213388209419,-0.49721338820941874,9.5,0.9927
5,5.528833498988109,-0.5288334989881092,9.6,0.99481
7,5.235299865600978,1.764700134399022,8.7,0.99825
7,5.235299865600978,1.764700134399022,8.7,0.99825
7,5.235299865600978,1.764700134399022,8.7,0.99825
7,5.235299865600978,1.764700134399022,8.7,0.99825
7,5.235299865600978,1.764700134399022,8.7,0.99825
7,5.235299865600978,1.764700134399022,8.7,0.99825
5,5.789685317951081,-0.789685317951081,10.4,0.99192
5,5.887104116590712,-0.8871041165907121,10.7,0.99184
7,6.3097724522062855,0.6902275477937145,12.0,0.99019
7,6.3423185601494465,0.6576814398505535,12.1,0.98998
8,6.667388485606417,1.3326115143935828,13.1,0.98886
6,6.439705427852373,-0.4397054278523731,12.4,0.98998
7,6.504825583308314,0.49517441669168605,12.6,0.98949
7,5.235299865600978,1.764700134399022,8.7,0.99825
5,6.309812365877168,-1.3098123658771677,12.0,0.99009
6,6.178993306737492,-0.1789933067374916,11.6,0.99252
5,5.432216965133214,-0.4322169651332137,9.3,0.99288
6,5.430736167943478,0.5692638320565218,9.3,0.99659
7,6.017156833249448,0.9828431667505519,11.1,0.99133
6,5.724233879026816,0.2757661209731843,10.2,0.99324
6,5.854721654698168,0.1452783453018318,10.6,0.99164
7,6.082185187262359,0.9178148127376407,11.3,0.99107
5,5.462396192393051,-0.46239619239305085,9.4,0.9986
6,5.430540590956155,0.5694594090438452,9.3,0.99708
6,6.017037092236801,-0.01703709223680061,11.1,0.99163
6,5.625725437172094,0.37427456282790583,9.9,0.99605
7,6.244664270851609,0.7553357291483911,11.8,0.99065
7,6.504502282574167,0.4954977174258328,12.6,0.9903
5,5.462396192393051,-0.46239619239305085,9.4,0.9986
5,5.821971987033507,-0.8219719870335069,10.5,0.99236
6,6.407442706972477,-0.40744270697247664,12.3,0.98948
6,6.08243265202183,-0.08243265202183014,11.3,0.99045
5,5.529196713393139,-0.529196713393139,9.6,0.9939
6,6.309908158687286,-0.3099081586872856,12.0,0.98985
5,6.049599165648315,-1.0495991656483152,11.2,0.99138
6,5.724138086216698,0.27586191378330227,10.2,0.99348
6,6.439434014890374,-0.4394340148903737,12.4,0.99066
6,5.724138086216698,0.27586191378330227,10.2,0.99348
8,6.764871146119462,1.2351288538805383,13.4,0.98862
6,6.505160858143726,-0.5051608581437259,12.6,0.98865
5,5.593793999760521,-0.5937939997605213,9.8,0.99472
5,5.3652807376521245,-0.36528073765212454,9.1,0.99792
6,6.439434014890374,-0.4394340148903737,12.4,0.99066
6,6.472020036504418,-0.4720200365044178,12.5,0.99035
6,6.212118162908447,-0.21211816290844698,11.7,0.99086
6,6.601957003517594,-0.6019570035175938,12.9,0.99013
5,5.692003089083625,-0.6920030890836246,10.1,0.99266
6,5.755925834413095,0.24407416558690542,10.3,0.99517
6,6.212118162908447,-0.21211816290844698,11.7,0.99086
6,5.7553311207169475,0.24466887928305248,10.3,0.99666
7,5.919901680660434,1.080098319339566,10.8,0.991
6,6.049878561344492,-0.04987856134449231,11.2,0.99068
6,6.244588434876933,-0.24458843487693294,11.8,0.99084
6,5.594121291861757,0.40587870813824267,9.8,0.9939
6,5.658111890431727,0.34188810956827265,10.0,0.99624
4,5.268652229695963,-1.268652229695963,8.8,0.99602
4,5.692027037286154,-1.6920270372861541,10.1,0.9926
5,5.495425255753889,-0.4954252557538892,9.5,0.99718
5,5.495425255753889,-0.4954252557538892,9.5,0.99718
5,5.495425255753889,-0.4954252557538892,9.5,0.99718
4,5.399531159341962,-1.3995311593419624,9.2,0.99344
6,6.374038455105344,-0.37403845510534417,12.2,0.99184
5,5.495425255753889,-0.4954252557538892,9.5,0.99718
6,6.082480548426888,-0.08248054842688823,11.3,0.99033
6,6.341320718377387,-0.3413207183773874,12.1,0.99248
4,5.399531159341962,-1.3995311593419624,9.2,0.99344
4,6.049846630407786,-2.049846630407786,11.2,0.99076
7,6.471792528580388,0.5282074714196119,12.5,0.99092
5,5.853436434495756,-0.8534364344957561,10.6,0.99486
7,5.788599666103081,1.2114003338969193,10.4,0.99464
7,5.6921268214633605,1.3078731785366395,10.1,0.99235
6,5.625697497602477,0.37430250239752283,9.9,0.99612
6,5.98441913968605,0.015580860313949785,11.0,0.99202
6,5.6595607566847566,0.34043924331524344,10.0,0.99261
6,6.5372280020363,-0.5372280020362998,12.7,0.98964
6,6.341488355795094,-0.34148835579509385,12.1,0.99206
6,5.788934940938493,0.2110650590615073,10.4,0.9938
6,5.789637421546022,0.210362578453978,10.4,0.99204
5,5.397966543443374,-0.3979665434433741,9.2,0.99736
5,5.397966543443374,-0.3979665434433741,9.2,0.99736
5,5.822147607185389,-0.8221476071853893,10.5,0.99192
5,5.397966543443374,-0.3979665434433741,9.2,0.99736
7,6.277378016212477,0.7226219837875227,11.9,0.99002
6,5.690669972476154,0.3093300275238464,10.1,0.996
6,6.016741731072271,-0.016741731072270838,11.1,0.99237
7,5.919446664812375,1.0805533351876253,10.8,0.99214
6,6.244760063661727,-0.24476006366172687,11.8,0.99041
5,5.397631268607962,-0.39763126860796216,9.2,0.9982
5,5.397623285873785,-0.39762328587378537,9.2,0.99822
6,6.407514551580065,-0.4075145515800651,12.3,0.9893
6,5.691971158146919,0.30802884185308077,10.1,0.99274
6,6.114655459230844,-0.11465545923084441,11.4,0.99105
6,5.789617464710581,0.21038253528941908,10.4,0.99209
6,5.592979760874521,0.4070202391254787,9.8,0.99676
6,5.6271383811213305,0.37286161887866953,9.9,0.99251
6,5.592979760874521,0.4070202391254787,9.8,0.99676
4,6.0498226822052565,-2.0498226822052565,11.2,0.99082
5,5.950500001464535,-0.9505000014645351,10.9,0.99567
5,5.399243780911609,-0.3992437809116094,9.2,0.99416
5,5.399243780911609,-0.3992437809116094,9.2,0.99416
5,6.3103671659024325,-1.3103671659024325,12.0,0.9887
6,6.342825463769652,-0.3428254637696524,12.1,0.98871
6,6.438707586080314,-0.438707586080314,12.4,0.99248
6,6.049415562762257,-0.049415562762257004,11.2,0.99184
7,6.537275898441359,0.4627241015586412,12.7,0.98952
6,6.373707171637021,-0.3737071716370206,12.2,0.99267
6,6.373699188902844,-0.3736991889028438,12.2,0.99269
6,6.375124106953344,-0.3751241069533444,12.2,0.98912
6,6.049415562762257,-0.049415562762257004,11.2,0.99184
7,6.537275898441359,0.4627241015586412,12.7,0.98952
7,6.537283881175536,0.4627161188244644,12.7,0.9895
6,6.342314568782358,-0.3423145687823581,12.1,0.98999
5,5.462595760747463,-0.46259576074746267,9.4,0.9981
6,5.691069109184977,0.3089308908150228,10.1,0.995
5,5.46244408879811,-0.46244408879810983,9.4,0.99848
6,5.30007676348733,0.69992323651267,8.9,0.99862
6,5.30007676348733,0.69992323651267,8.9,0.99862
6,5.30007676348733,0.69992323651267,8.9,0.99862
6,5.30007676348733,0.69992323651267,8.9,0.99862
7,6.634926196372109,0.3650738036278911,13.0,0.98886
5,5.756097463197889,-0.7560974631978894,10.3,0.99474
4,5.692561880475978,-1.6925618804759779,10.1,0.99126
6,5.8201559150083595,0.1798440849916405,10.5,0.99691
6,5.30007676348733,0.69992323651267,8.9,0.99862
5,5.689979465969889,-0.6899794659698886,10.1,0.99773
5,5.689979465969889,-0.6899794659698886,10.1,0.99773
6,5.984107813053168,0.015892186946832254,11.0,0.9928
6,5.984107813053168,0.015892186946832254,11.0,0.9928
6,5.984107813053168,0.015892186946832254,11.0,0.9928
6,5.984107813053168,0.015892186946832254,11.0,0.9928
5,5.659452989773374,-0.6594529897733743,10.0,0.99288
6,5.822107693514507,0.17789230648549292,10.5,0.99202
6,5.560796867336388,0.43920313266361166,9.7,0.99606
5,5.689979465969889,-0.6899794659698886,10.1,0.99773
5,5.46214872763358,-0.46214872763358006,9.4,0.99922
6,6.048968529648374,-0.04896852964837439,11.2,0.99296
5,5.46214872763358,-0.46214872763358006,9.4,0.99922
5,5.918432857571963,-0.9184328575719629,10.8,0.99468
5,5.46214872763358,-0.46214872763358006,9.4,0.99922
6,6.048968529648374,-0.04896852964837439,11.2,0.99296
6,5.983676745407638,0.01632325459236217,11.0,0.99388
6,6.438440164485402,-0.43844016448540213,12.4,0.99315
6,5.463920894620757,0.5360791053792431,9.4,0.99478
5,5.463920894620757,-0.4639208946207569,9.4,0.99478
5,5.495529031298183,-0.49552903129818304,9.5,0.99692
6,5.658143821368433,0.34185617863156725,10.0,0.99616
6,6.472079907010741,-0.4720799070107411,12.5,0.9902
6,5.951924919515036,0.04807508048496434,10.9,0.9921
6,5.821069938071566,0.1789300619284342,10.5,0.99462
6,5.918400926635257,0.08159907336474337,10.8,0.99476
7,5.984514932496168,1.0154850675038318,11.0,0.99178
6,6.244600408978197,-0.24460040897819724,11.8,0.99081
6,6.503831732903343,-0.5038317329033433,12.6,0.99198
6,5.723351786900315,0.27664821309968524,10.2,0.99545
5,6.309860262282227,-1.3098602622822266,12.0,0.98997
6,6.472079907010741,-0.4720799070107411,12.5,0.9902
6,6.147181610338565,-0.14718161033856525,11.5,0.99089
7,6.2896843995011995,0.7103156004988005,11.94,0.99172
7,6.599804825003227,0.4001951749967727,12.8933333333333,0.9901
5,5.463110647101845,-0.46311064710184535,9.4,0.99681
7,6.375052262345756,0.624947737654244,12.2,0.9893
7,6.2896843995011995,0.7103156004988005,11.94,0.99172
7,6.599804825003227,0.4001951749967727,12.8933333333333,0.9901
5,5.496187606867742,-0.49618760686774177,9.5,0.99527
6,5.853600080546374,0.14639991945362585,10.6,0.99445
7,5.82212365898286,1.1778763410171402,10.5,0.99198
6,6.136376812728827,-0.13637681272882674,11.4666666666667,0.99085
6,6.114942837661198,-0.11494283766119828,11.4,0.99033
5,5.496143701829771,-0.4961437018297712,9.5,0.99538
5,5.3984016024559915,-0.39840160245599154,9.2,0.99627
5,5.496143701829771,-0.4961437018297712,9.5,0.99538
5,5.9770046760418065,-0.9770046760418065,10.98,0.99433
5,5.463673429861287,-0.463673429861287,9.4,0.9954
5,5.496143701829771,-0.4961437018297712,9.5,0.99538
5,5.3984016024559915,-0.39840160245599154,9.2,0.99627
8,5.267833999442875,2.7321660005571253,8.8,0.99807
8,5.267833999442875,2.7321660005571253,8.8,0.99807
8,5.267833999442875,2.7321660005571253,8.8,0.99807
8,5.267833999442875,2.7321660005571253,8.8,0.99807
8,5.267833999442875,2.7321660005571253,8.8,0.99807
8,5.267833999442875,2.7321660005571253,8.8,0.99807
8,5.267833999442875,2.7321660005571253,8.8,0.99807
8,5.789525663267551,2.2104743367324486,10.4,0.99232
8,5.267833999442875,2.7321660005571253,8.8,0.99807
6,5.668278069307348,0.33172193069265177,10.0333333333333,0.99788
6,6.082181195895271,-0.08218119589527095,11.3,0.99108
6,5.7895176805333755,0.21048231946662455,10.4,0.99234
6,5.399754675898904,0.6002453241010963,9.2,0.99288
6,6.016909368489977,-0.01690936848997726,11.1,0.99195
6,5.399754675898904,0.6002453241010963,9.2,0.99288
7,6.082129308123124,0.9178706918768764,11.3,0.99121
6,5.365093143398977,0.634906856601023,9.1,0.99839
5,5.462883139177816,-0.46288313917781565,9.4,0.99738
6,6.699543439574931,-0.6995434395749314,13.2,0.98963
6,6.537299846643888,-0.5372998466438883,12.7,0.98946
5,5.887128064793242,-0.8871280647932416,10.7,0.99178
6,6.125352489929201,-0.12535248992920067,11.4333333333333,0.99136
6,6.016398473502683,-0.016398473502682975,11.1,0.99323
6,6.537299846643888,-0.5372998466438883,12.7,0.98946
5,5.832485414845805,-0.832485414845805,10.5333333333333,0.99313
6,6.179520167193139,-0.17952016719313857,11.6,0.9912
5,5.507100171388873,-0.5071001713888732,9.53333333333333,0.99504
6,5.593837904798492,0.40616209520150814,9.8,0.99461
5,5.887128064793242,-0.8871280647932416,10.7,0.99178
6,6.309816357244256,-0.30981635724425605,12.0,0.99008
6,6.56971024810605,-0.5697102481060501,12.8,0.98959
5,5.495644780943742,-0.4956447809437421,9.5,0.99663
6,5.962250753074187,0.03774924692581294,10.9333333333333,0.99334
5,5.366202743449507,-0.36620274344950676,9.1,0.99561
6,6.504785669637432,-0.5047856696374318,12.6,0.98959
5,5.495644780943742,-0.4956447809437421,9.5,0.99663
6,5.951094715160683,0.048905284839317,10.9,0.99418
6,5.962250753074187,0.03774924692581294,10.9333333333333,0.99334
5,5.529276540734903,-0.5292765407349034,9.6,0.9937
5,5.431881690297802,-0.43188169029780177,9.3,0.99372
6,6.103627145064164,-0.1036271450641637,11.3666666666667,0.99157
6,6.4724870264537415,-0.4724870264537415,12.5,0.98918
5,5.497013819855007,-0.4970138198550069,9.5,0.9932
6,5.9842874245721385,0.01571257542786153,11.0,0.99235
5,5.4643399881650225,-0.46433998816502253,9.4,0.99373
6,6.09287423522654,-0.0928742352265397,11.3333333333333,0.9914
5,5.269083297341492,-0.26908329734149206,8.8,0.99494
5,5.4643399881650225,-0.46433998816502253,9.4,0.99373
6,6.005541788120796,-0.005541788120796198,11.0666666666667,0.99332
6,6.373982575966108,-0.3739825759661084,12.2,0.99198
6,5.984658621711344,0.015341378288655783,11.0,0.99142
6,6.09287423522654,-0.0928742352265397,11.3333333333333,0.9914
5,5.4961277363614185,-0.4961277363614185,9.5,0.99542
5,5.4961277363614185,-0.4961277363614185,9.5,0.99542
6,5.984267467736697,0.015732532263302623,11.0,0.9924
6,6.04970294119261,-0.049702941192609984,11.2,0.99112
6,5.431235088829508,0.5687649111704918,9.3,0.99534
4,5.918951735293433,-1.918951735293433,10.8,0.99338
5,5.397695130481374,-0.39769513048137384,9.2,0.99804
5,5.46224052907661,-0.4622405290766096,9.4,0.99899
5,5.397695130481374,-0.39769513048137384,9.2,0.99804
6,5.820024199894448,0.17997580010555225,10.5,0.99724
6,5.918201358280845,0.08179864171915519,10.8,0.99526
5,5.4631306039372864,-0.46313060393728644,9.4,0.99676
5,5.592887959431492,-0.5928879594314918,9.8,0.99699
5,5.592887959431492,-0.5928879594314918,9.8,0.99699
5,5.592887959431492,-0.5928879594314918,9.8,0.99699
5,5.4631306039372864,-0.46313060393728644,9.4,0.99676
5,5.592887959431492,-0.5928879594314918,9.8,0.99699
6,6.340470557187593,-0.3404705571875928,12.1,0.99461
6,6.406772157301653,-0.4067721573016527,12.3,0.99116
5,5.572591523984021,-0.5725915239840207,9.73333333333333,0.99362
5,5.463785188139758,-0.46378518813975766,9.4,0.99512
5,5.463785188139758,-0.46378518813975766,9.4,0.99512
7,6.569746170409845,0.43025382959015523,12.8,0.9895
6,6.0012849116702345,-0.0012849116702344787,11.05,0.99043
5,5.463785188139758,-0.46378518813975766,9.4,0.99512
7,6.569746170409845,0.43025382959015523,12.8,0.9895
5,5.572475774338462,-0.5724757743384616,9.73333333333333,0.99391
7,6.667081150340623,0.3329188496593769,13.1,0.98963
7,6.146199734034859,0.8538002659651411,11.5,0.99335
7,6.667081150340623,0.3329188496593769,13.1,0.98963
7,6.146199734034859,0.8538002659651411,11.5,0.99335
5,5.365153013905301,-0.3651530139053012,9.1,0.99824
5,5.577886155877514,-0.5778861558775139,9.75,0.99391
6,5.82223541726133,0.17776458273866957,10.5,0.9917
6,5.2674388541011385,0.7325611458988615,8.8,0.99906
6,5.2674388541011385,0.7325611458988615,8.8,0.99906
6,5.2674388541011385,0.7325611458988615,8.8,0.99906
6,5.2674388541011385,0.7325611458988615,8.8,0.99906
6,5.82223541726133,0.17776458273866957,10.5,0.9917
6,5.82223541726133,0.17776458273866957,10.5,0.9917
6,5.2674388541011385,0.7325611458988615,8.8,0.99906
6,5.626483796918859,0.37351620308114075,9.9,0.99415
6,5.626471822817595,0.37352817718240505,9.9,0.99418
5,5.625701488969565,-0.6257014889695647,9.9,0.99611
6,6.374277937130638,-0.37427793713063817,12.2,0.99124
6,5.919586362660463,0.08041363733953677,10.8,0.99179
5,5.2350563922085955,-0.23505639220859553,8.7,0.99886
6,6.699699102891373,-0.6996991028913726,13.2,0.98924
6,6.536904701302153,-0.5369047013021531,12.7,0.99045
5,5.463074724798052,-0.46307472479805156,9.4,0.9969
6,6.049367666357198,-0.049367666357198026,11.2,0.99196
6,6.092079953175981,-0.09207995317598083,11.3333333333333,0.99339
6,6.276491932718889,-0.27649193271888883,11.9,0.99224
6,6.097490334715044,-0.09749033471504376,11.35,0.99339
5,5.8221795381220955,-0.8221795381220955,10.5,0.99184
5,5.593969619912404,-0.5939696199124036,9.8,0.99428
5,5.365113100234418,-0.3651131002344181,9.1,0.99834
6,6.440024737219432,-0.44002473721943236,12.4,0.98918
5,5.365113100234418,-0.3651131002344181,9.1,0.99834
5,5.593969619912404,-0.5939696199124036,9.8,0.99428
6,6.081650344072536,-0.08165034407253557,11.3,0.99241
6,6.081650344072536,-0.08165034407253557,11.3,0.99241
6,6.667667881302594,-0.6676678813025942,13.1,0.98816
6,6.472495009187918,-0.4724950091879183,12.5,0.98916
5,5.756676211425684,-0.7566762114256838,10.3,0.99329
6,5.885703146742741,0.11429685325725902,10.7,0.99535
6,5.788248425799316,0.2117515742006839,10.4,0.99552
5,5.496239494639889,-0.49623949463988914,9.5,0.99514
5,5.594464549431345,-0.5944645494313452,9.8,0.99304
6,6.472495009187918,-0.4724950091879183,12.5,0.98916
6,5.462476019734815,0.5375239802651848,9.4,0.9984
5,5.332343475734316,-0.3323434757343158,9.0,0.99911
5,5.332343475734316,-0.3323434757343158,9.0,0.99911
5,5.332343475734316,-0.3323434757343158,9.0,0.99911
7,6.634662766144285,0.3653372338557146,13.0,0.98952
5,5.626531693323918,-0.6265316933239182,9.9,0.99403
6,5.462476019734815,0.5375239802651848,9.4,0.9984
6,5.8541309323691095,0.14586906763089047,10.6,0.99312
6,6.764448061208109,-0.7644480612081086,13.4,0.98968
6,6.472375268175271,-0.47237526817527087,12.5,0.98946
5,5.430133471513154,-0.4301334715131544,9.3,0.9981
5,5.430133471513154,-0.4301334715131544,9.3,0.9981
5,5.984004037508874,-0.9840040375088739,11.0,0.99306
5,5.7564806344383594,-0.7564806344383594,10.3,0.99378
6,6.082468574325624,-0.08246857432562393,11.3,0.99036
6,5.952387918097271,0.04761208190272903,10.9,0.99094
6,6.082292954173742,-0.0822929541737416,11.3,0.9908
6,6.342350491086153,-0.3423504910861528,12.1,0.9899
5,6.016997178565918,-1.0169971785659184,11.1,0.99173
5,5.5942569983427575,-0.5942569983427575,9.8,0.99356
6,5.690785722121713,0.30921427787828737,10.1,0.99571
6,6.43991697030805,-0.4399169703080501,12.4,0.98945
6,6.537623147378035,-0.5376231473780351,12.7,0.98865
5,5.528701783874197,-0.5287017838741974,9.6,0.99514
5,5.528701783874197,-0.5287017838741974,9.6,0.99514
5,5.366725612538066,-0.36672561253806624,9.1,0.9943
5,6.567008092587314,-1.5670080925873142,12.8,0.99636
5,5.528701783874197,-0.5287017838741974,9.6,0.99514
6,6.439749332890344,-0.4397493328903437,12.4,0.98987
4,5.513372688218985,-1.5133726882189853,9.55,0.99288
5,5.366725612538066,-0.36672561253806624,9.1,0.9943
6,6.471904286858859,-0.47190428685885877,12.5,0.99064
6,5.626567615627712,0.373432384372288,9.9,0.99394
6,6.049451485066051,-0.04945148506605079,11.2,0.99175
6,6.634766541688579,-0.6347665416885793,13.0,0.98926
6,6.634766541688579,-0.6347665416885793,13.0,0.98926
6,6.212233912554006,-0.21223391255400603,11.7,0.99057
6,6.667340589201358,-0.6673405892013582,13.1,0.98898
6,6.308571050712726,-0.30857105071272617,12.0,0.9932
6,5.8362713099799555,0.16372869002004453,10.55,0.9972
6,6.131225870050499,-0.1312258700504989,11.45,0.9902
6,5.722014678925756,0.2779853210742438,10.2,0.9988
6,6.131225870050499,-0.1312258700504989,11.45,0.9902
5,5.431051485943449,-0.4310514859434491,9.3,0.9958
5,5.918903838888374,-0.9189038388883741,10.8,0.9935
6,6.373775024877521,-0.3737750248775207,12.2,0.9925
6,5.984427122420227,0.015572877579772992,11.0,0.992
6,5.787019084736139,0.2129809152638611,10.4,0.9986
6,6.114515761382757,-0.11451576138275676,11.4,0.9914
7,6.974965994446351,0.025034005553648875,14.05,0.9909
5,5.886122240287006,-0.8861222402870057,10.7,0.9943
5,5.723930535128109,-0.7239305351281091,10.2,0.994
6,6.049990319622963,-0.049990319622962964,11.2,0.9904
5,6.418055918961981,-1.418055918961981,12.3333333333333,0.99
4,6.147457014667653,-2.147457014667653,11.5,0.9902
5,5.497293215551183,-0.4972932155511831,9.5,0.9925
6,6.764879128853638,-0.7648791288536376,13.4,0.9886
6,6.472239561694271,-0.4722395616942707,12.5,0.9898
6,6.472239561694271,-0.4722395616942707,12.5,0.9898
6,6.049990319622963,-0.049990319622962964,11.2,0.9904
5,5.26850055774661,-0.2685005577466102,8.8,0.9964
6,6.049830664939433,-0.04983066493943333,11.2,0.9908
6,6.537124226492006,-0.537124226492006,12.7,0.9899
6,5.594480514899699,0.4055194851003012,9.8,0.993
6,5.5939217235073455,0.4060782764926545,9.8,0.9944
6,6.210226254908623,-0.21022625490862268,11.7,0.9956
5,5.593722155152934,-0.5937221551529337,9.8,0.9949
5,5.529595850101963,-0.5295958501019626,9.6,0.9929
6,5.5939217235073455,0.4060782764926545,9.8,0.9944
5,5.560222110475682,-0.5602221104756824,9.7,0.9975
6,5.658606819950668,0.34139318004933195,10.0,0.995
6,6.210226254908623,-0.21022625490862268,11.7,0.9956
6,6.4053991270232995,-0.4053991270232995,12.3,0.9946
6,5.594480514899699,0.4055194851003012,9.8,0.993
6,5.334622546341699,0.6653774536583006,9.0,0.9934
6,5.365089152031889,0.6349108479681114,9.1,0.9984
6,5.365089152031889,0.6349108479681114,9.1,0.9984
6,5.365089152031889,0.6349108479681114,9.1,0.9984
6,6.114755243408051,-0.11475524340805077,11.4,0.9908
5,5.820399388400742,-0.8203993884007419,10.5,0.9963
6,6.440040702687785,-0.44004070268778506,12.4,0.98914
6,5.365089152031889,0.6349108479681114,9.1,0.9984
6,5.365089152031889,0.6349108479681114,9.1,0.9984
5,5.691587986906448,-0.6915879869064483,10.1,0.9937
6,5.951565696477095,0.0484343035229049,10.9,0.993
5,5.999221374885616,-0.9992213748856162,11.05,0.9956
6,6.553463138020542,-0.5534631380205424,12.75,0.98963
6,6.537239976137565,-0.537239976137565,12.7,0.98961
5,6.01577182886983,-1.0157718288698296,11.1,0.9948
5,6.01577182886983,-1.0157718288698296,11.1,0.9948
6,6.553463138020542,-0.5534631380205424,12.75,0.98963
6,6.634744589169594,-0.6347445891695944,13.0,0.989315
6,6.310073800421447,-0.3100738004214474,12.0,0.989435
6,6.1475767556803005,-0.1475767556803005,11.5,0.9899
5,5.819611093400815,-0.8196110934008152,10.5,0.998275
5,6.01577182886983,-1.0157718288698296,11.1,0.9948
6,6.01712889367983,-0.01712889367983017,11.1,0.9914
6,6.017088980008948,-0.017088980008947985,11.1,0.9915
6,6.665975541657182,-0.6659755416571818,13.1,0.9924
6,6.553463138020542,-0.5534631380205424,12.75,0.98963
6,6.537239976137565,-0.537239976137565,12.7,0.98961
5,5.527959389595785,-0.527959389595785,9.6,0.997
5,6.2119026290856825,-1.2119026290856825,11.7,0.9914
6,5.560421678830094,0.4395783211699058,9.7,0.997
6,5.951006905084742,0.04899309491525816,10.9,0.9944
7,5.88552353522377,1.1144764647762297,10.7,0.9958
6,6.894612536145314,-0.8946125361453143,13.8,0.98889
6,6.358755260171646,-0.3587552601716464,12.15,0.989465
7,5.91814547914161,1.08185452085839,10.8,0.9954
7,5.885962585603476,1.114037414396524,10.7,0.9947
7,5.919821853318669,1.0801781466813312,10.8,0.9912
5,5.917706428761903,-0.9177064287619032,10.8,0.9965
5,6.3079324319786085,-1.3079324319786085,12.0,0.9948
5,5.917706428761903,-0.9177064287619032,10.8,0.9965
6,6.373775024877521,-0.3737750248775207,12.2,0.9925
6,5.464391875937169,0.535608124062831,9.4,0.9936
6,6.115154380116874,-0.1151543801168744,11.4,0.9898
7,6.472367285441094,0.5276327145589059,12.5,0.98948
7,6.651408797115822,0.3485912028841778,13.05,0.98823
6,6.439857099801726,-0.43985709980172594,12.4,0.9896
7,6.601689581922682,0.39831041807731804,12.9,0.9908
7,6.309608806155667,0.6903911938443326,12.0,0.9906
5,6.082452608857271,-1.0824526088572712,11.3,0.9904
6,5.657593012710256,0.3424069872897437,10.0,0.99754
7,6.245003537054109,0.7549964629458907,11.8,0.9898
6,5.462489989519624,0.5375100104803758,9.4,0.998365
6,5.267714258430227,0.7322857415697728,8.8,0.99837
6,6.0171887641861534,-0.01718876418615345,11.1,0.99125
6,5.821197661818389,0.17880233818161084,10.5,0.9943
6,5.4314186917155665,0.5685813082844335,9.3,0.99488
6,6.11493884629411,-0.11493884629410989,11.4,0.99034
6,6.243638489509932,-0.24363848950993194,11.8,0.99322
6,6.440116538662462,-0.4401165386624619,12.4,0.98895
6,6.178175076484403,-0.17817507648440323,11.6,0.99457
5,6.016474309477359,-1.016474309477359,11.1,0.99304
6,6.440116538662462,-0.4401165386624619,12.4,0.98895
6,6.016366542565977,-0.016366542565976694,11.1,0.99331
6,5.983489151154491,0.016510848845508797,11.0,0.99435
6,6.374285919864814,-0.3742859198648141,12.2,0.99122
6,5.983054092141873,0.016945907858127107,11.0,0.99544
6,6.602408027998565,-0.6024080279985649,12.9,0.989
6,5.951110680629036,0.0488893193709643,10.9,0.99414
6,6.7642644583220495,-0.7642644583220495,13.4,0.99014
6,5.885639284869329,0.1143607151306707,10.7,0.99551
6,5.983054092141873,0.016945907858127107,11.0,0.99544
7,6.114755243408051,0.8852447565919492,11.4,0.9908
6,5.72444941284958,0.2755505871504198,10.2,0.9927
6,5.984251502268344,0.015748497731656208,11.0,0.99244
6,5.365440392335654,0.6345596076643458,9.1,0.99752
6,5.984770379989815,0.01522962001018513,11.0,0.99114
6,6.146235656338653,-0.14623565633865265,11.5,0.99326
6,6.309608806155667,-0.30960880615566744,12.0,0.9906
5,6.048952564180022,-1.0489525641800217,11.2,0.993
6,6.048238109471227,-0.0482381094712272,11.2,0.99479
7,6.504853522877932,0.49514647712206816,12.6,0.98942
4,5.985081706622697,-1.9850817066226973,11.0,0.99036
6,5.919498552584522,0.08050144741547793,10.8,0.99201
5,5.95202869505933,-0.9520286950593304,10.9,0.99184
5,5.593917732140257,-0.5939177321402571,9.8,0.99441
5,5.593913740773169,-0.5939137407731687,9.8,0.99442
5,5.496399149323419,-0.4963991493234188,9.5,0.99474
7,6.07115288172859,0.9288471182714098,11.2666666666667,0.9916
5,5.919510526685786,-0.9195105266857864,10.8,0.99198
7,6.764523897182785,0.23547610281721543,13.4,0.98949
7,6.081973644806682,0.9180263551933177,11.3,0.9916
5,5.30129812181633,-0.3012981218163304,8.9,0.99556
6,6.049547277876169,-0.04954727787616875,11.2,0.99151
7,6.146906206009477,0.8530937939905234,11.5,0.99158
7,6.634391353182285,0.3656086468177149,13.0,0.9902
6,6.503807784700814,-0.5038077847008138,12.6,0.99204
6,6.666981366163418,-0.6669813661634176,13.1,0.98988
5,6.0487769440281385,-1.0487769440281385,11.2,0.99344
6,6.21088882184527,-0.2108888218452698,11.7,0.99394
6,5.952152427439065,0.04784757256093464,10.9,0.99153
6,5.952152427439065,0.04784757256093464,10.9,0.99153
7,6.180074967218403,0.8199250327815966,11.6,0.98981
7,5.788360184077787,1.2116398159222133,10.4,0.99524
7,5.951881014477065,1.048118985522935,10.9,0.99221
6,6.21088882184527,-0.2108888218452698,11.7,0.99394
6,5.919031562635198,0.08096843736480164,10.8,0.99318
6,6.048689133952197,-0.04868913395219732,11.2,0.99366
6,5.6586307681531975,0.34136923184680246,10.0,0.99494
5,5.843709305999841,-0.8437093059998411,10.5666666666667,0.99212
6,6.223210338948539,-0.22321033894853937,11.7333333333333,0.99018
5,5.854530069077933,-0.8545300690779332,10.6,0.99212
6,5.820535094881742,0.17946490511825797,10.5,0.99596
6,6.228620720487602,-0.2286207204876023,11.75,0.99018
6,6.114699364268816,-0.11469936426881588,11.4,0.99094
7,6.4398251688650205,0.5601748311349795,12.4,0.98968
6,5.691500176830507,0.30849982316949287,10.1,0.99392
6,6.407139363073771,-0.40713936307377097,12.3,0.99024
7,6.6678355187203,0.3321644812797002,13.1,0.98774
7,5.871232195011499,1.1287678049885006,10.65,0.99094
7,6.114898932623227,0.8851010673767732,11.4,0.99044
5,5.431849759361096,-0.4318497593610964,9.3,0.9938
5,5.723802811381286,-0.7238028113812858,10.2,0.99432
5,5.723802811381286,-0.7238028113812858,10.2,0.99432
7,6.667069176239359,0.3329308237606412,13.1,0.98966
5,5.529520014127286,-0.5295200141272858,9.6,0.99309
7,6.57007346251108,0.42992653748892007,12.8,0.98868
7,5.972927826937134,1.0270721730628658,10.9666666666667,0.9937
7,5.972927826937134,1.0270721730628658,10.9666666666667,0.9937
7,5.972927826937134,1.0270721730628658,10.9666666666667,0.9937
7,5.983748590015226,1.0162514099847737,11.0,0.9937
6,6.764420121638491,-0.7644201216384907,13.4,0.98975
6,6.050213836179904,-0.05021383617990427,11.2,0.98984
6,6.439445988991638,-0.439445988991638,12.4,0.99063
5,6.049479424635669,-1.0494794246356687,11.2,0.99168
6,6.438611793270196,-0.43861179327019606,12.4,0.99272
7,5.702440680921247,1.2975593190787533,10.1333333333333,0.99362
7,5.7024287068199815,1.2975712931800185,10.1333333333333,0.99365
6,6.438611793270196,-0.43861179327019606,12.4,0.99272
5,5.36587944271536,-0.36587944271536,9.1,0.99642
7,5.7078390883590435,1.2921609116409565,10.15,0.99365
7,5.707851062460309,1.2921489375396913,10.15,0.99362
5,6.1470019988195945,-1.1470019988195945,11.5,0.99134
6,5.300595641208801,0.6994043587911989,8.9,0.99732
5,5.811247016765533,-0.8112470167655328,10.4666666666667,0.99212
5,5.811247016765533,-0.8112470167655328,10.4666666666667,0.99212
7,6.244281099611138,0.755718900388862,11.8,0.99161
7,6.190340930271231,0.8096590697287693,11.6333333333333,0.9912
6,5.854051105027344,0.14594889497265573,10.6,0.99332
6,5.528214837089433,0.4717851629105674,9.6,0.99636
7,6.244281099611138,0.755718900388862,11.8,0.99161
6,5.300595641208801,0.6994043587911989,8.9,0.99732
5,5.822067779843625,-0.8220677798436249,10.5,0.99212
4,5.724445421482492,-1.7244454214824918,10.2,0.99271
6,6.667552131657035,-0.6675521316570352,13.1,0.98845
6,6.244963623383227,-0.24496362338322708,11.8,0.9899
6,6.374756901181226,-0.3747569011812262,12.2,0.99004
6,6.130918534784705,-0.13091853478470483,11.45,0.99097
5,5.8202796473880944,-0.8202796473880944,10.5,0.9966
4,5.724445421482492,-1.7244454214824918,10.2,0.99271
6,5.333321360670934,0.6666786393290662,9.0,0.99666
6,5.333321360670934,0.6666786393290662,9.0,0.99666
6,5.333321360670934,0.6666786393290662,9.0,0.99666
6,5.333321360670934,0.6666786393290662,9.0,0.99666
7,5.36463413618383,1.6353658638161699,9.1,0.99954
5,5.269402606708551,-0.2694026067085513,8.8,0.99414
6,5.333321360670934,0.6666786393290662,9.0,0.99666
7,5.36463413618383,1.6353658638161699,9.1,0.99954
7,6.601258514277152,0.39874148572284795,12.9,0.99188
6,6.634766541688579,-0.6347665416885793,13.0,0.98926
7,6.601258514277152,0.39874148572284795,12.9,0.99188
6,5.3995710730128454,0.6004289269871546,9.2,0.99334
5,5.593047614115021,-0.5930476141150214,9.8,0.99659
5,5.593047614115021,-0.5930476141150214,9.8,0.99659
6,5.6911489365267425,0.3088510634732575,10.1,0.9948
6,5.6911489365267425,0.3088510634732575,10.1,0.9948
7,5.952467745439036,1.0475322545609638,10.9,0.99074
6,5.5285580946590205,0.4714419053409795,9.6,0.9955
6,5.788559752432199,0.21144024756780144,10.4,0.99474
7,6.245059416193344,0.7549405838066559,11.8,0.98966
6,5.918049686331492,0.08195031366850802,10.8,0.99564
6,5.854394362596933,0.14560563740306698,10.6,0.99246
6,6.5371481746945355,-0.5371481746945355,12.7,0.98984
7,6.374649134269844,0.6253508657301561,12.2,0.99031
6,5.918049686331492,0.08195031366850802,10.8,0.99564
6,5.788559752432199,0.21144024756780144,10.4,0.99474
6,6.016825549781124,-0.016825549781123605,11.1,0.99216
7,6.245059416193344,0.7549405838066559,11.8,0.98966
6,5.65855892354561,0.34144107645439004,10.0,0.99512
6,5.919941594331316,0.08005840566868372,10.8,0.9909
6,5.757462510742066,0.24253748925793417,10.3,0.99132
6,5.626631477501125,0.3733685224988754,9.9,0.99378
6,5.65855892354561,0.34144107645439004,10.0,0.99512
5,6.390828391114852,-1.3908283911148516,12.25,0.99044
6,5.723447579710433,0.2765524202895673,10.2,0.99521
6,5.463876989582786,0.5361230104172137,9.4,0.99489
6,5.5612399090831826,0.43876009091681745,9.7,0.99495
6,5.723447579710433,0.2765524202895673,10.2,0.99521
6,5.788296322204375,0.21170367779562493,10.4,0.9954
6,6.3742899112319025,-0.3742899112319025,12.2,0.99121
6,5.463876989582786,0.5361230104172137,9.4,0.99489
6,5.8534683654324615,0.14653163456753848,10.6,0.99478
5,5.886457515122418,-0.8864575151224177,10.7,0.99346
5,6.259833711823292,-1.2598337118232923,11.85,0.99331
6,6.211180191642711,-0.21118019164271118,11.7,0.99321
6,6.211180191642711,-0.21118019164271118,11.7,0.99321
6,5.708425819321015,0.29157418067898533,10.15,0.99218
6,6.190899721663584,-0.19089972166358393,11.6333333333333,0.9898
6,5.919726060508552,0.08027393949144823,10.8,0.99144
6,5.919730051875639,0.08026994812436072,10.8,0.99143
7,6.4063011759852415,0.5936988240147585,12.3,0.99234
6,6.472271492630977,-0.472271492630977,12.5,0.98972
6,6.196310103202646,-0.19631010320264597,11.65,0.9898
5,5.529524005494374,-0.5295240054943742,9.6,0.99308
6,5.95189298857833,0.04810701142166973,10.9,0.99218
6,5.919442673445286,0.0805573265547137,10.8,0.99215
5,6.049411571395169,-1.0494115713951686,11.2,0.99185
5,5.658854284710139,-0.6588542847101388,10.0,0.99438
3,5.8216606604006245,-2.8216606604006245,10.5,0.99314
6,5.366278579424184,0.6337214205758164,9.1,0.99542
6,5.821205644552565,0.17879435544743494,10.5,0.99428
5,5.429602619690419,-0.429602619690419,9.3,0.99943
6,5.429590645589155,0.5704093544108453,9.3,0.99946
5,6.049411571395169,-1.0494115713951686,11.2,0.99185
6,5.853492313634991,0.146507686365009,10.6,0.99472
7,6.342669800453211,0.6573301995467888,12.1,0.9891
6,6.309544944282256,-0.30954494428225576,12.0,0.99076
6,5.5606930917920945,0.4393069082079055,9.7,0.99632
6,6.439697445118197,-0.4396974451181972,12.4,0.99
7,6.829755810917197,0.17024418908280303,13.6,0.98872
7,6.829755810917197,0.17024418908280303,13.6,0.98872
6,6.2445165902693445,-0.24451659026934447,11.8,0.99102
6,5.659053853064551,0.34094614693544933,10.0,0.99388
6,5.659053853064551,0.34094614693544933,10.0,0.99388
6,5.36603909739889,0.6339609026011104,9.1,0.99602
7,6.277158491022624,0.7228415089773756,11.9,0.99057
7,6.228405186664837,0.7715948133351631,11.75,0.99072
6,6.114180486547345,-0.1141804865473448,11.4,0.99224
8,6.634702679815168,1.3652973201848324,13.0,0.98942
8,6.439014921346108,1.560985078653892,12.4,0.99171
7,5.464423806873875,1.5355761931261247,9.4,0.99352
6,5.527939432760344,0.47206056723965606,9.6,0.99705
6,5.527939432760344,0.47206056723965606,9.6,0.99705
6,5.527939432760344,0.47206056723965606,9.6,0.99705
6,5.527939432760344,0.47206056723965606,9.6,0.99705
5,5.365831546310301,-0.365831546310301,9.1,0.99654
7,6.310035882434109,0.689964117565891,12.0,0.98953
4,6.049623113850845,-2.0496231138508447,11.2,0.99132
6,5.692250553843095,0.3077494461569046,10.1,0.99204
6,5.75725096828639,0.24274903171361029,10.3,0.99185
6,6.407426741504124,-0.40742674150412395,12.3,0.98952
6,5.836335171853367,0.16366482814663286,10.55,0.99704
4,5.952635382856742,-1.9526353828567418,10.9,0.99032
5,5.561690933564154,-0.5616909335641536,9.7,0.99382
5,5.594153222798463,-0.5941532227984627,9.8,0.99382
6,5.300563710272096,0.6994362897279043,8.9,0.9974
6,5.300563710272096,0.6994362897279043,8.9,0.9974
5,5.723347795533227,-0.7233477955332273,10.2,0.99546
7,6.21211018017427,0.7878898198257298,11.7,0.99088
8,6.569929773295903,1.430070226704097,12.8,0.98904
8,6.569945738764257,1.4300542612357434,12.8,0.989
5,5.723347795533227,-0.7233477955332273,10.2,0.99546
6,6.813979682148101,-0.8139796821481013,13.55,0.98758
6,6.179959217572844,-0.1799592175728444,11.6,0.9901
6,5.300563710272096,0.6994362897279043,8.9,0.9974
6,6.894245330373196,-0.8942453303731961,13.8,0.98981
6,5.463753257203051,0.5362467427969486,9.4,0.9952
5,5.46375724857014,-0.4637572485701398,9.4,0.99519
7,5.887271754008418,1.1127282459915824,10.7,0.99142
7,5.887271754008418,1.1127282459915824,10.7,0.99142
6,6.4073548968965355,-0.4073548968965355,12.3,0.9897
5,5.755259276109359,-0.7552592761093591,10.3,0.99684
6,5.788675502077758,0.2113244979222424,10.4,0.99445
7,6.179795571522227,0.8202044284777728,11.6,0.99051
7,5.887271754008418,1.1127282459915824,10.7,0.99142
8,6.569602481194668,1.4303975188053322,12.8,0.98986
7,6.276631630566977,0.7233683694330226,11.9,0.99189
4,6.342574007643094,-2.342574007643094,12.1,0.98934
6,5.399112065797698,0.6008879342023024,9.2,0.99449
6,5.4960319435513005,0.5039680564486995,9.5,0.99566
6,5.984219571331638,0.0157804286683616,11.0,0.99252
5,5.950408200021506,-0.9504082000215064,10.9,0.9959
6,5.789493732330846,0.21050626766915403,10.4,0.9924
5,5.366518061449478,-0.36651806144947763,9.1,0.99482
6,6.114663441965021,-0.1146634419650212,11.4,0.99103
7,6.1152900865978745,0.8847099134021255,11.4,0.98946
5,5.562369465969154,-0.5623694659691543,9.7,0.99212
6,6.439489894029609,-0.4394898940296086,12.4,0.99052
7,6.861603429619916,0.1383965703800838,13.7,0.99026
6,5.853316693483109,0.14668330651689132,10.6,0.99516
6,6.049639079319198,-0.04963907931919831,11.2,0.99128
6,6.678113455874391,-0.6781134558743913,13.1333333333333,0.9891
6,6.439489894029609,-0.4394898940296086,12.4,0.99052
5,5.562369465969154,-0.5623694659691543,9.7,0.99212
6,5.984522915230344,0.015477084769655924,11.0,0.99176
6,6.081965662072506,-0.08196566207250644,11.3,0.99162
7,6.309077954332932,0.6909220456670679,12.0,0.99193
5,5.398229973671198,-0.3982299736711976,9.2,0.9967
6,5.885994516540182,0.11400548345981765,10.7,0.99462
6,5.885994516540182,0.11400548345981765,10.7,0.99462
6,6.114843053483992,-0.11484305348399193,11.4,0.99058
5,5.398229973671198,-0.3982299736711976,9.2,0.9967
7,6.341280804706505,0.6587191952934948,12.1,0.99258
6,6.017136876414006,-0.017136876414006075,11.1,0.99138
6,5.562133975310948,0.4378660246890522,9.7,0.99271
5,5.887159995729947,-0.887159995729947,10.7,0.9917
6,5.952260194350448,0.04773980564955238,10.9,0.99126
7,6.309904167320197,0.6900958326798028,12.0,0.98986
6,5.85476156836905,0.14523843163094963,10.6,0.99154
5,5.528190888886903,-0.5281908888869031,9.6,0.99642
6,6.66631879922677,-0.6663187992267696,13.1,0.99154
6,5.983976097939256,0.016023902060744,11.0,0.99313
4,6.1795002103576975,-2.1795002103576975,11.6,0.99125
7,6.292347888829748,0.7076521111702521,11.95,0.99318
6,6.017292539730447,-0.01729253973044731,11.1,0.99099
6,6.147520876541065,-0.14752087654106472,11.5,0.99004
5,6.082241066401594,-1.0822410664015942,11.3,0.99093
6,6.27768934284536,-0.27768934284535973,11.9,0.98924
5,5.496949957981595,-0.49694995798159525,9.5,0.99336
6,6.374996383206521,-0.37499638320652107,12.2,0.98944
7,6.374685056573639,0.6253149434263614,12.2,0.99022
6,6.017104945477301,-0.01710494547730068,11.1,0.99146
5,5.528805559418491,-0.5288055594184913,9.6,0.99488
6,6.017104945477301,-0.01710494547730068,11.1,0.99146
5,5.528805559418491,-0.5288055594184913,9.6,0.99488
5,6.11437207216758,-1.1143720721675798,11.4,0.99176
5,6.115070561408022,-1.1150705614080216,11.4,0.99001
6,6.331469857501737,-0.3314698575017374,12.0666666666667,0.99005
6,5.332966129000081,0.6670338709999193,9.0,0.99755
6,5.332966129000081,0.6670338709999193,9.0,0.99755
6,6.113302385787932,-0.11330238578793228,11.4,0.99444
5,5.528749680279256,-0.5287496802792564,9.6,0.99502
6,5.984339312344286,0.015660687655714156,11.0,0.99222
6,5.984331329610109,0.01566867038989095,11.0,0.99224
6,6.049882552711581,-0.04988255271158071,11.2,0.99067
6,6.163492582297485,-0.16349258229748465,11.55,0.99069
7,6.732113495720623,0.2678865042793772,13.3,0.98936
5,5.5405124059901825,-0.5405124059901825,9.63333333333333,0.99266
6,6.829955379271609,-0.8299553792716088,13.6,0.98822
6,6.049599165648315,-0.049599165648315235,11.2,0.99138
6,6.635053920118932,-0.6350539201189322,13.0,0.98854
6,5.919007614432669,0.08099238556733113,10.8,0.99324
6,5.593179329228933,0.4068206707710669,9.8,0.99626
7,6.130555320379675,0.869444679620325,11.45,0.99188
6,6.326199173810764,-0.3261991738107639,12.05,0.9897
5,5.560733005462977,-0.5607330054629767,9.7,0.99622
6,6.277210378794772,-0.27721037879477173,11.9,0.99044
6,5.659476937975904,0.3405230620240962,10.0,0.99282
6,5.5622377508552425,0.4377622491447575,9.7,0.99245
7,6.17947227078808,0.8205277292119204,11.6,0.99132
5,5.269913501695846,-0.2699135016958456,8.8,0.99286
4,5.497357077424596,-1.4973570774245957,9.5,0.99234
6,5.507140085059755,0.4928599149402446,9.53333333333333,0.99494
6,5.507140085059755,0.4928599149402446,9.53333333333333,0.99494
6,5.463673429861287,0.536326570138713,9.4,0.9954
5,5.887104116590712,-0.8871041165907121,10.7,0.99184
6,6.147680531224594,-0.14768053122459435,11.5,0.98964
5,5.528789593950139,-0.5287895939501386,9.6,0.99492
6,5.5125504665988085,0.48744953340119146,9.55,0.99494
7,6.357871172361602,0.6421288276383983,12.15,0.99168
7,6.634758558954403,0.36524144104559664,13.0,0.98928
5,5.399587038481198,-0.39958703848119814,9.2,0.9933
6,5.463673429861287,0.536326570138713,9.4,0.9954
6,6.245171174471815,-0.2451711744718148,11.8,0.98938
6,5.85508087773611,0.14491912226389037,10.6,0.99074
5,5.5620262083995655,-0.5620262083995655,9.7,0.99298
6,6.049694958458433,-0.04969495845843319,11.2,0.99114
5,5.528797576684315,-0.5287975766843154,9.6,0.9949
6,5.464814960848522,0.5351850391514779,9.4,0.99254
7,6.5700694711439915,0.42993052885600846,12.8,0.98869
6,6.2451592003705505,-0.2451592003705505,11.8,0.98941
